<?xml version="1.0" encoding="UTF-8"?>
<kml xmlns="http://www.opengis.net/kml/2.2" xmlns:gx="http://www.google.com/kml/ext/2.2">
<Document>
  <name>Catastro Rural Chimborazo (Multicapa) v53.0.0 - LADM ISO 19152</name>
  <open>1</open>
  <description><![CDATA[
    <h2>TFM UNIR - Delimitación Automatizada de UPAs</h2>
    <p><b>Autor:</b> Cristian Alexis García Pumagualle<br/>
    <b>Director:</b> Fernando Antonio Rufo Jiménez<br/>
    <b>Versión:</b> v53.0.0 (Calco Fiel de Linderos + KML Multicapa)</p>
  ]]></description>
  <Style id="upa_wireframe_style">
    <LineStyle>
      <color>ff15ccfa</color>
      <width>2.4</width>
    </LineStyle>
    <PolyStyle>
      <fill>0</fill>
      <outline>1</outline>
    </PolyStyle>
  </Style>
  <Style id="road_style">
    <LineStyle>
      <color>ffffffff</color>
      <width>3.2</width>
    </LineStyle>
  </Style>
  <Style id="building_style">
    <LineStyle>
      <color>ffef46d9</color>
      <width>2.0</width>
    </LineStyle>
    <PolyStyle>
      <color>66ef46d9</color>
      <fill>1</fill>
      <outline>1</outline>
    </PolyStyle>
  </Style>
  <Style id="gps_style">
    <IconStyle>
      <color>ff0000ff</color>
      <scale>1.2</scale>
      <Icon>
        <href>http://maps.google.com/mapfiles/kml/shapes/placemark_circle.png</href>
      </Icon>
    </IconStyle>
  </Style>
  <Folder>
    <name>📍 Escenario: 1_Cultivos_Ladera_Calpi</name>
    <open>0</open>
    <Folder>
      <name>🌾 UPAs Agrícolas (Sin Relleno - Wireframe Puro)</name>
      <open>0</open>
      <Placemark>
        <name>UPA-001 (0.58 ha)</name>
        <styleUrl>#upa_wireframe_style</styleUrl>
        <description><![CDATA[
          <div style="font-family: Arial, sans-serif; font-size: 12px; color: #1E293B;">
            <h3 style="color: #0F766E; margin-bottom: 4px;">FICHA PREDIAL: UPA-001</h3>
            <table border="1" cellpadding="4" cellspacing="0" style="border-collapse: collapse; width: 100%; border-color: #CBD5E1;">
              <tr bgcolor="#F8FAFC"><td><b>Escenario</b></td><td>1_Cultivos_Ladera_Calpi</td></tr>
              <tr><td><b>Superficie Útil</b></td><td><b>0.5845 ha</b> (5844.7 m²)</td></tr>
              <tr bgcolor="#F8FAFC"><td><b>Vértices LADM</b></td><td>6 vértices (Conforme 4-10)</td></tr>
              <tr><td><b>Clase de Uso</b></td><td>Cultivo_Verde_Intensivo</td></tr>
              <tr bgcolor="#F8FAFC"><td><b>Solape Habitacional</b></td><td>0.00% (Segregado LADM)</td></tr>
              <tr><td><b>Lindero Vial</b></td><td>Infranqueable (Búfer LPIS 3.5m)</td></tr>
              <tr bgcolor="#F8FAFC"><td><b>Estándar Registral</b></td><td>✅ 100% Conforme ISO 19152</td></tr>
            </table>
          </div>
        ]]></description>
      <Polygon>
        <outerBoundaryIs><LinearRing>
          <coordinates>-78.78655314445496,-1.6351905484209155,0 -78.78672480583191,-1.6353728644066474,0 -78.78688037395477,-1.6351369260721709,0 -78.78714859485626,-1.6352066351255388,0 -78.78714859485626,-1.6360753171752025,0 -78.78637611865997,-1.6357053229688643,0 -78.78655314445496,-1.6351905484209155,0</coordinates>
        </LinearRing></outerBoundaryIs>
      </Polygon>
      </Placemark>
      <Placemark>
        <name>UPA-002 (0.53 ha)</name>
        <styleUrl>#upa_wireframe_style</styleUrl>
        <description><![CDATA[
          <div style="font-family: Arial, sans-serif; font-size: 12px; color: #1E293B;">
            <h3 style="color: #0F766E; margin-bottom: 4px;">FICHA PREDIAL: UPA-002</h3>
            <table border="1" cellpadding="4" cellspacing="0" style="border-collapse: collapse; width: 100%; border-color: #CBD5E1;">
              <tr bgcolor="#F8FAFC"><td><b>Escenario</b></td><td>1_Cultivos_Ladera_Calpi</td></tr>
              <tr><td><b>Superficie Útil</b></td><td><b>0.5282 ha</b> (5281.9 m²)</td></tr>
              <tr bgcolor="#F8FAFC"><td><b>Vértices LADM</b></td><td>8 vértices (Conforme 4-10)</td></tr>
              <tr><td><b>Clase de Uso</b></td><td>Cultivo_Verde_Intensivo</td></tr>
              <tr bgcolor="#F8FAFC"><td><b>Solape Habitacional</b></td><td>0.00% (Segregado LADM)</td></tr>
              <tr><td><b>Lindero Vial</b></td><td>Infranqueable (Búfer LPIS 3.5m)</td></tr>
              <tr bgcolor="#F8FAFC"><td><b>Estándar Registral</b></td><td>✅ 100% Conforme ISO 19152</td></tr>
            </table>
          </div>
        ]]></description>
      <Polygon>
        <outerBoundaryIs><LinearRing>
          <coordinates>-78.78636002540588,-1.6353621399368985,0 -78.78590941429138,-1.6362898065701812,0 -78.78555536270142,-1.636413137972294,0 -78.78584504127502,-1.6354908335738856,0 -78.78579139709473,-1.635426486755392,0 -78.78572165966034,-1.6355390936877559,0 -78.78570556640625,-1.6354425734600153,0 -78.78609716892242,-1.6352388085347858,0 -78.78636002540588,-1.6353621399368985,0</coordinates>
        </LinearRing></outerBoundaryIs>
      </Polygon>
      </Placemark>
      <Placemark>
        <name>UPA-003 (0.48 ha)</name>
        <styleUrl>#upa_wireframe_style</styleUrl>
        <description><![CDATA[
          <div style="font-family: Arial, sans-serif; font-size: 12px; color: #1E293B;">
            <h3 style="color: #0F766E; margin-bottom: 4px;">FICHA PREDIAL: UPA-003</h3>
            <table border="1" cellpadding="4" cellspacing="0" style="border-collapse: collapse; width: 100%; border-color: #CBD5E1;">
              <tr bgcolor="#F8FAFC"><td><b>Escenario</b></td><td>1_Cultivos_Ladera_Calpi</td></tr>
              <tr><td><b>Superficie Útil</b></td><td><b>0.4813 ha</b> (4812.6 m²)</td></tr>
              <tr bgcolor="#F8FAFC"><td><b>Vértices LADM</b></td><td>8 vértices (Conforme 4-10)</td></tr>
              <tr><td><b>Clase de Uso</b></td><td>Cultivo_Verde_Intensivo</td></tr>
              <tr bgcolor="#F8FAFC"><td><b>Solape Habitacional</b></td><td>0.00% (Segregado LADM)</td></tr>
              <tr><td><b>Lindero Vial</b></td><td>Infranqueable (Búfer LPIS 3.5m)</td></tr>
              <tr bgcolor="#F8FAFC"><td><b>Estándar Registral</b></td><td>✅ 100% Conforme ISO 19152</td></tr>
            </table>
          </div>
        ]]></description>
      <Polygon>
        <outerBoundaryIs><LinearRing>
          <coordinates>-78.78601133823395,-1.6339733211044114,0 -78.7861293554306,-1.634037667922905,0 -78.78645658493042,-1.6343969376594942,0 -78.78633320331573,-1.6347079472822135,0 -78.7863439321518,-1.634772294100707,0 -78.78625273704529,-1.6349277989120665,0 -78.7861293554306,-1.634863452093573,0 -78.78570020198822,-1.6344183865989923,0 -78.78601133823395,-1.6339733211044114,0</coordinates>
        </LinearRing></outerBoundaryIs>
      </Polygon>
      </Placemark>
      <Placemark>
        <name>UPA-004 (0.38 ha)</name>
        <styleUrl>#upa_wireframe_style</styleUrl>
        <description><![CDATA[
          <div style="font-family: Arial, sans-serif; font-size: 12px; color: #1E293B;">
            <h3 style="color: #0F766E; margin-bottom: 4px;">FICHA PREDIAL: UPA-004</h3>
            <table border="1" cellpadding="4" cellspacing="0" style="border-collapse: collapse; width: 100%; border-color: #CBD5E1;">
              <tr bgcolor="#F8FAFC"><td><b>Escenario</b></td><td>1_Cultivos_Ladera_Calpi</td></tr>
              <tr><td><b>Superficie Útil</b></td><td><b>0.3840 ha</b> (3840.3 m²)</td></tr>
              <tr bgcolor="#F8FAFC"><td><b>Vértices LADM</b></td><td>6 vértices (Conforme 4-10)</td></tr>
              <tr><td><b>Clase de Uso</b></td><td>Cultivo_Verde_Intensivo</td></tr>
              <tr bgcolor="#F8FAFC"><td><b>Solape Habitacional</b></td><td>0.00% (Segregado LADM)</td></tr>
              <tr><td><b>Lindero Vial</b></td><td>Infranqueable (Búfer LPIS 3.5m)</td></tr>
              <tr bgcolor="#F8FAFC"><td><b>Estándar Registral</b></td><td>✅ 100% Conforme ISO 19152</td></tr>
            </table>
          </div>
        ]]></description>
      <Polygon>
        <outerBoundaryIs><LinearRing>
          <coordinates>-78.7861293554306,-1.6364292246769174,0 -78.78644585609436,-1.6365203826697832,0 -78.78679990768433,-1.636724147595013,0 -78.78666579723358,-1.637045881687481,0 -78.78594696521759,-1.636815305587879,0 -78.78596305847168,-1.6366919741857662,0 -78.7861293554306,-1.6364292246769174,0</coordinates>
        </LinearRing></outerBoundaryIs>
      </Polygon>
      </Placemark>
      <Placemark>
        <name>UPA-005 (0.38 ha)</name>
        <styleUrl>#upa_wireframe_style</styleUrl>
        <description><![CDATA[
          <div style="font-family: Arial, sans-serif; font-size: 12px; color: #1E293B;">
            <h3 style="color: #0F766E; margin-bottom: 4px;">FICHA PREDIAL: UPA-005</h3>
            <table border="1" cellpadding="4" cellspacing="0" style="border-collapse: collapse; width: 100%; border-color: #CBD5E1;">
              <tr bgcolor="#F8FAFC"><td><b>Escenario</b></td><td>1_Cultivos_Ladera_Calpi</td></tr>
              <tr><td><b>Superficie Útil</b></td><td><b>0.3794 ha</b> (3794.0 m²)</td></tr>
              <tr bgcolor="#F8FAFC"><td><b>Vértices LADM</b></td><td>7 vértices (Conforme 4-10)</td></tr>
              <tr><td><b>Clase de Uso</b></td><td>Cultivo_Verde_Intensivo</td></tr>
              <tr bgcolor="#F8FAFC"><td><b>Solape Habitacional</b></td><td>0.00% (Segregado LADM)</td></tr>
              <tr><td><b>Lindero Vial</b></td><td>Infranqueable (Búfer LPIS 3.5m)</td></tr>
              <tr bgcolor="#F8FAFC"><td><b>Estándar Registral</b></td><td>✅ 100% Conforme ISO 19152</td></tr>
            </table>
          </div>
        ]]></description>
      <Polygon>
        <outerBoundaryIs><LinearRing>
          <coordinates>-78.78542125225067,-1.6363541533886747,0 -78.78563046455383,-1.63650429596516,0 -78.78571093082428,-1.6366276273672726,0 -78.78579676151276,-1.636643714071896,0 -78.78580212593079,-1.6367992188832556,0 -78.78574848175049,-1.6371370396803469,0 -78.78522276878357,-1.6371370396803469,0 -78.78542125225067,-1.6363541533886747,0</coordinates>
        </LinearRing></outerBoundaryIs>
      </Polygon>
      </Placemark>
      <Placemark>
        <name>UPA-006 (0.33 ha)</name>
        <styleUrl>#upa_wireframe_style</styleUrl>
        <description><![CDATA[
          <div style="font-family: Arial, sans-serif; font-size: 12px; color: #1E293B;">
            <h3 style="color: #0F766E; margin-bottom: 4px;">FICHA PREDIAL: UPA-006</h3>
            <table border="1" cellpadding="4" cellspacing="0" style="border-collapse: collapse; width: 100%; border-color: #CBD5E1;">
              <tr bgcolor="#F8FAFC"><td><b>Escenario</b></td><td>1_Cultivos_Ladera_Calpi</td></tr>
              <tr><td><b>Superficie Útil</b></td><td><b>0.3265 ha</b> (3265.4 m²)</td></tr>
              <tr bgcolor="#F8FAFC"><td><b>Vértices LADM</b></td><td>5 vértices (Conforme 4-10)</td></tr>
              <tr><td><b>Clase de Uso</b></td><td>Cultivo_Verde_Intensivo</td></tr>
              <tr bgcolor="#F8FAFC"><td><b>Solape Habitacional</b></td><td>0.00% (Segregado LADM)</td></tr>
              <tr><td><b>Lindero Vial</b></td><td>Infranqueable (Búfer LPIS 3.5m)</td></tr>
              <tr bgcolor="#F8FAFC"><td><b>Estándar Registral</b></td><td>✅ 100% Conforme ISO 19152</td></tr>
            </table>
          </div>
        ]]></description>
      <Polygon>
        <outerBoundaryIs><LinearRing>
          <coordinates>-78.78371000289917,-1.6360538682357046,0 -78.78417670726776,-1.6365364693744067,0 -78.78391921520233,-1.6368313922925024,0 -78.78345787525177,-1.6363434289189258,0 -78.78361880779266,-1.6361128528193238,0 -78.78371000289917,-1.6360538682357046,0</coordinates>
        </LinearRing></outerBoundaryIs>
      </Polygon>
      </Placemark>
      <Placemark>
        <name>UPA-007 (0.30 ha)</name>
        <styleUrl>#upa_wireframe_style</styleUrl>
        <description><![CDATA[
          <div style="font-family: Arial, sans-serif; font-size: 12px; color: #1E293B;">
            <h3 style="color: #0F766E; margin-bottom: 4px;">FICHA PREDIAL: UPA-007</h3>
            <table border="1" cellpadding="4" cellspacing="0" style="border-collapse: collapse; width: 100%; border-color: #CBD5E1;">
              <tr bgcolor="#F8FAFC"><td><b>Escenario</b></td><td>1_Cultivos_Ladera_Calpi</td></tr>
              <tr><td><b>Superficie Útil</b></td><td><b>0.3042 ha</b> (3042.1 m²)</td></tr>
              <tr bgcolor="#F8FAFC"><td><b>Vértices LADM</b></td><td>5 vértices (Conforme 4-10)</td></tr>
              <tr><td><b>Clase de Uso</b></td><td>Cultivo_Verde_Intensivo</td></tr>
              <tr bgcolor="#F8FAFC"><td><b>Solape Habitacional</b></td><td>0.00% (Segregado LADM)</td></tr>
              <tr><td><b>Lindero Vial</b></td><td>Infranqueable (Búfer LPIS 3.5m)</td></tr>
              <tr bgcolor="#F8FAFC"><td><b>Estándar Registral</b></td><td>✅ 100% Conforme ISO 19152</td></tr>
            </table>
          </div>
        ]]></description>
      <Polygon>
        <outerBoundaryIs><LinearRing>
          <coordinates>-78.78508865833282,-1.6328526140156479,0 -78.78538906574249,-1.633152899168618,0 -78.78519594669342,-1.6335228933749562,0 -78.78511548042297,-1.6335979646631988,0 -78.78475069999695,-1.6332547816312328,0 -78.78508865833282,-1.6328526140156479,0</coordinates>
        </LinearRing></outerBoundaryIs>
      </Polygon>
      </Placemark>
      <Placemark>
        <name>UPA-008 (0.29 ha)</name>
        <styleUrl>#upa_wireframe_style</styleUrl>
        <description><![CDATA[
          <div style="font-family: Arial, sans-serif; font-size: 12px; color: #1E293B;">
            <h3 style="color: #0F766E; margin-bottom: 4px;">FICHA PREDIAL: UPA-008</h3>
            <table border="1" cellpadding="4" cellspacing="0" style="border-collapse: collapse; width: 100%; border-color: #CBD5E1;">
              <tr bgcolor="#F8FAFC"><td><b>Escenario</b></td><td>1_Cultivos_Ladera_Calpi</td></tr>
              <tr><td><b>Superficie Útil</b></td><td><b>0.2891 ha</b> (2891.2 m²)</td></tr>
              <tr bgcolor="#F8FAFC"><td><b>Vértices LADM</b></td><td>7 vértices (Conforme 4-10)</td></tr>
              <tr><td><b>Clase de Uso</b></td><td>Cultivo_Verde_Intensivo</td></tr>
              <tr bgcolor="#F8FAFC"><td><b>Solape Habitacional</b></td><td>0.00% (Segregado LADM)</td></tr>
              <tr><td><b>Lindero Vial</b></td><td>Infranqueable (Búfer LPIS 3.5m)</td></tr>
              <tr bgcolor="#F8FAFC"><td><b>Estándar Registral</b></td><td>✅ 100% Conforme ISO 19152</td></tr>
            </table>
          </div>
        ]]></description>
      <Polygon>
        <outerBoundaryIs><LinearRing>
          <coordinates>-78.78393530845642,-1.6368367545273768,0 -78.7840211391449,-1.6367616832391343,0 -78.78411769866943,-1.6367563210042597,0 -78.7840586900711,-1.6367348720647619,0 -78.78419280052185,-1.636563280548779,0 -78.78476679325104,-1.6371370396803469,0 -78.78418743610382,-1.6371370396803469,0 -78.78393530845642,-1.6368367545273768,0</coordinates>
        </LinearRing></outerBoundaryIs>
      </Polygon>
      </Placemark>
      <Placemark>
        <name>UPA-009 (0.29 ha)</name>
        <styleUrl>#upa_wireframe_style</styleUrl>
        <description><![CDATA[
          <div style="font-family: Arial, sans-serif; font-size: 12px; color: #1E293B;">
            <h3 style="color: #0F766E; margin-bottom: 4px;">FICHA PREDIAL: UPA-009</h3>
            <table border="1" cellpadding="4" cellspacing="0" style="border-collapse: collapse; width: 100%; border-color: #CBD5E1;">
              <tr bgcolor="#F8FAFC"><td><b>Escenario</b></td><td>1_Cultivos_Ladera_Calpi</td></tr>
              <tr><td><b>Superficie Útil</b></td><td><b>0.2858 ha</b> (2857.8 m²)</td></tr>
              <tr bgcolor="#F8FAFC"><td><b>Vértices LADM</b></td><td>7 vértices (Conforme 4-10)</td></tr>
              <tr><td><b>Clase de Uso</b></td><td>Cultivo_Verde_Intensivo</td></tr>
              <tr bgcolor="#F8FAFC"><td><b>Solape Habitacional</b></td><td>0.00% (Segregado LADM)</td></tr>
              <tr><td><b>Lindero Vial</b></td><td>Infranqueable (Búfer LPIS 3.5m)</td></tr>
              <tr bgcolor="#F8FAFC"><td><b>Estándar Registral</b></td><td>✅ 100% Conforme ISO 19152</td></tr>
            </table>
          </div>
        ]]></description>
      <Polygon>
        <outerBoundaryIs><LinearRing>
          <coordinates>-78.78714859485626,-1.6335175311400818,0 -78.7871378660202,-1.63494388561669,0 -78.78692865371704,-1.6348420031540751,0 -78.78690719604492,-1.63464360046372,0 -78.78678381443024,-1.6346328759939708,0 -78.78676772117615,-1.6345738914103518,0 -78.78701984882355,-1.634107376976273,0 -78.78714859485626,-1.6335175311400818,0</coordinates>
        </LinearRing></outerBoundaryIs>
      </Polygon>
      </Placemark>
      <Placemark>
        <name>UPA-010 (0.26 ha)</name>
        <styleUrl>#upa_wireframe_style</styleUrl>
        <description><![CDATA[
          <div style="font-family: Arial, sans-serif; font-size: 12px; color: #1E293B;">
            <h3 style="color: #0F766E; margin-bottom: 4px;">FICHA PREDIAL: UPA-010</h3>
            <table border="1" cellpadding="4" cellspacing="0" style="border-collapse: collapse; width: 100%; border-color: #CBD5E1;">
              <tr bgcolor="#F8FAFC"><td><b>Escenario</b></td><td>1_Cultivos_Ladera_Calpi</td></tr>
              <tr><td><b>Superficie Útil</b></td><td><b>0.2610 ha</b> (2609.7 m²)</td></tr>
              <tr bgcolor="#F8FAFC"><td><b>Vértices LADM</b></td><td>8 vértices (Conforme 4-10)</td></tr>
              <tr><td><b>Clase de Uso</b></td><td>Cultivo_Verde_Intensivo</td></tr>
              <tr bgcolor="#F8FAFC"><td><b>Solape Habitacional</b></td><td>0.00% (Segregado LADM)</td></tr>
              <tr><td><b>Lindero Vial</b></td><td>Infranqueable (Búfer LPIS 3.5m)</td></tr>
              <tr bgcolor="#F8FAFC"><td><b>Estándar Registral</b></td><td>✅ 100% Conforme ISO 19152</td></tr>
            </table>
          </div>
        ]]></description>
      <Polygon>
        <outerBoundaryIs><LinearRing>
          <coordinates>-78.78461122512817,-1.635839378840726,0 -78.78495991230011,-1.6361986485773152,0 -78.78480434417725,-1.6364613980861642,0 -78.7846702337265,-1.6363756023281726,0 -78.7845629453659,-1.636563280548779,0 -78.78439664840698,-1.6363595156235493,0 -78.78449857234955,-1.6361825618726917,0 -78.78447711467743,-1.6360216948264579,0 -78.78461122512817,-1.635839378840726,0</coordinates>
        </LinearRing></outerBoundaryIs>
      </Polygon>
      </Placemark>
      <Placemark>
        <name>UPA-011 (0.25 ha)</name>
        <styleUrl>#upa_wireframe_style</styleUrl>
        <description><![CDATA[
          <div style="font-family: Arial, sans-serif; font-size: 12px; color: #1E293B;">
            <h3 style="color: #0F766E; margin-bottom: 4px;">FICHA PREDIAL: UPA-011</h3>
            <table border="1" cellpadding="4" cellspacing="0" style="border-collapse: collapse; width: 100%; border-color: #CBD5E1;">
              <tr bgcolor="#F8FAFC"><td><b>Escenario</b></td><td>1_Cultivos_Ladera_Calpi</td></tr>
              <tr><td><b>Superficie Útil</b></td><td><b>0.2546 ha</b> (2546.3 m²)</td></tr>
              <tr bgcolor="#F8FAFC"><td><b>Vértices LADM</b></td><td>8 vértices (Conforme 4-10)</td></tr>
              <tr><td><b>Clase de Uso</b></td><td>Cultivo_Verde_Intensivo</td></tr>
              <tr bgcolor="#F8FAFC"><td><b>Solape Habitacional</b></td><td>0.00% (Segregado LADM)</td></tr>
              <tr><td><b>Lindero Vial</b></td><td>Infranqueable (Búfer LPIS 3.5m)</td></tr>
              <tr bgcolor="#F8FAFC"><td><b>Estándar Registral</b></td><td>✅ 100% Conforme ISO 19152</td></tr>
            </table>
          </div>
        ]]></description>
      <Polygon>
        <outerBoundaryIs><LinearRing>
          <coordinates>-78.78485798835754,-1.6335604290190775,0 -78.78504037857056,-1.6337534694745584,0 -78.78480434417725,-1.634198534969139,0 -78.7846702337265,-1.634300417431754,0 -78.78446638584137,-1.6341020147413987,0 -78.7846326828003,-1.6339089742859179,0 -78.78462195396423,-1.6338017295884284,0 -78.78464341163635,-1.6337588317094327,0 -78.78485798835754,-1.6335604290190775,0</coordinates>
        </LinearRing></outerBoundaryIs>
      </Polygon>
      </Placemark>
      <Placemark>
        <name>UPA-012 (0.25 ha)</name>
        <styleUrl>#upa_wireframe_style</styleUrl>
        <description><![CDATA[
          <div style="font-family: Arial, sans-serif; font-size: 12px; color: #1E293B;">
            <h3 style="color: #0F766E; margin-bottom: 4px;">FICHA PREDIAL: UPA-012</h3>
            <table border="1" cellpadding="4" cellspacing="0" style="border-collapse: collapse; width: 100%; border-color: #CBD5E1;">
              <tr bgcolor="#F8FAFC"><td><b>Escenario</b></td><td>1_Cultivos_Ladera_Calpi</td></tr>
              <tr><td><b>Superficie Útil</b></td><td><b>0.2513 ha</b> (2513.2 m²)</td></tr>
              <tr bgcolor="#F8FAFC"><td><b>Vértices LADM</b></td><td>8 vértices (Conforme 4-10)</td></tr>
              <tr><td><b>Clase de Uso</b></td><td>Cultivo_Verde_Intensivo</td></tr>
              <tr bgcolor="#F8FAFC"><td><b>Solape Habitacional</b></td><td>0.00% (Segregado LADM)</td></tr>
              <tr><td><b>Lindero Vial</b></td><td>Infranqueable (Búfer LPIS 3.5m)</td></tr>
              <tr bgcolor="#F8FAFC"><td><b>Estándar Registral</b></td><td>✅ 100% Conforme ISO 19152</td></tr>
            </table>
          </div>
        ]]></description>
      <Polygon>
        <outerBoundaryIs><LinearRing>
          <coordinates>-78.7838762998581,-1.6351905484209155,0 -78.7839138507843,-1.6352227218301623,0 -78.7839674949646,-1.6352173595952877,0 -78.78395140171051,-1.6352602574742836,0 -78.7841284275055,-1.6354211245205175,0 -78.78375291824341,-1.6358232921361024,0 -78.78349006175995,-1.6355230069831324,0 -78.78372073173523,-1.6352870686486558,0 -78.7838762998581,-1.6351905484209155,0</coordinates>
        </LinearRing></outerBoundaryIs>
      </Polygon>
      </Placemark>
      <Placemark>
        <name>UPA-013 (0.24 ha)</name>
        <styleUrl>#upa_wireframe_style</styleUrl>
        <description><![CDATA[
          <div style="font-family: Arial, sans-serif; font-size: 12px; color: #1E293B;">
            <h3 style="color: #0F766E; margin-bottom: 4px;">FICHA PREDIAL: UPA-013</h3>
            <table border="1" cellpadding="4" cellspacing="0" style="border-collapse: collapse; width: 100%; border-color: #CBD5E1;">
              <tr bgcolor="#F8FAFC"><td><b>Escenario</b></td><td>1_Cultivos_Ladera_Calpi</td></tr>
              <tr><td><b>Superficie Útil</b></td><td><b>0.2392 ha</b> (2392.5 m²)</td></tr>
              <tr bgcolor="#F8FAFC"><td><b>Vértices LADM</b></td><td>8 vértices (Conforme 4-10)</td></tr>
              <tr><td><b>Clase de Uso</b></td><td>Cultivo_Verde_Intensivo</td></tr>
              <tr bgcolor="#F8FAFC"><td><b>Solape Habitacional</b></td><td>0.00% (Segregado LADM)</td></tr>
              <tr><td><b>Lindero Vial</b></td><td>Infranqueable (Búfer LPIS 3.5m)</td></tr>
              <tr bgcolor="#F8FAFC"><td><b>Estándar Registral</b></td><td>✅ 100% Conforme ISO 19152</td></tr>
            </table>
          </div>
        ]]></description>
      <Polygon>
        <outerBoundaryIs><LinearRing>
          <coordinates>-78.78466486930847,-1.6346757738729667,0 -78.78476142883301,-1.6346972228124645,0 -78.7851744890213,-1.635083303723426,0 -78.78511548042297,-1.6352066351255388,0 -78.78503501415253,-1.6352977931184047,0 -78.78498136997223,-1.6352977931184047,0 -78.78452003002167,-1.634863452093573,0 -78.78455221652985,-1.6347776563355816,0 -78.78466486930847,-1.6346757738729667,0</coordinates>
        </LinearRing></outerBoundaryIs>
      </Polygon>
      </Placemark>
      <Placemark>
        <name>UPA-014 (0.24 ha)</name>
        <styleUrl>#upa_wireframe_style</styleUrl>
        <description><![CDATA[
          <div style="font-family: Arial, sans-serif; font-size: 12px; color: #1E293B;">
            <h3 style="color: #0F766E; margin-bottom: 4px;">FICHA PREDIAL: UPA-014</h3>
            <table border="1" cellpadding="4" cellspacing="0" style="border-collapse: collapse; width: 100%; border-color: #CBD5E1;">
              <tr bgcolor="#F8FAFC"><td><b>Escenario</b></td><td>1_Cultivos_Ladera_Calpi</td></tr>
              <tr><td><b>Superficie Útil</b></td><td><b>0.2380 ha</b> (2380.4 m²)</td></tr>
              <tr bgcolor="#F8FAFC"><td><b>Vértices LADM</b></td><td>6 vértices (Conforme 4-10)</td></tr>
              <tr><td><b>Clase de Uso</b></td><td>Pastizal_Mixto</td></tr>
              <tr bgcolor="#F8FAFC"><td><b>Solape Habitacional</b></td><td>0.00% (Segregado LADM)</td></tr>
              <tr><td><b>Lindero Vial</b></td><td>Infranqueable (Búfer LPIS 3.5m)</td></tr>
              <tr bgcolor="#F8FAFC"><td><b>Estándar Registral</b></td><td>✅ 100% Conforme ISO 19152</td></tr>
            </table>
          </div>
        ]]></description>
      <Polygon>
        <outerBoundaryIs><LinearRing>
          <coordinates>-78.78523886203766,-1.6336515870119435,0 -78.78550708293915,-1.6338821631115454,0 -78.78553926944733,-1.6338660764069222,0 -78.78581285476685,-1.63418781049939,0 -78.78569483757019,-1.6343862131897453,0 -78.78512620925903,-1.6338714386417965,0 -78.78523886203766,-1.6336515870119435,0</coordinates>
        </LinearRing></outerBoundaryIs>
      </Polygon>
      </Placemark>
      <Placemark>
        <name>UPA-015 (0.23 ha)</name>
        <styleUrl>#upa_wireframe_style</styleUrl>
        <description><![CDATA[
          <div style="font-family: Arial, sans-serif; font-size: 12px; color: #1E293B;">
            <h3 style="color: #0F766E; margin-bottom: 4px;">FICHA PREDIAL: UPA-015</h3>
            <table border="1" cellpadding="4" cellspacing="0" style="border-collapse: collapse; width: 100%; border-color: #CBD5E1;">
              <tr bgcolor="#F8FAFC"><td><b>Escenario</b></td><td>1_Cultivos_Ladera_Calpi</td></tr>
              <tr><td><b>Superficie Útil</b></td><td><b>0.2278 ha</b> (2278.0 m²)</td></tr>
              <tr bgcolor="#F8FAFC"><td><b>Vértices LADM</b></td><td>6 vértices (Conforme 4-10)</td></tr>
              <tr><td><b>Clase de Uso</b></td><td>Cultivo_Verde_Intensivo</td></tr>
              <tr bgcolor="#F8FAFC"><td><b>Solape Habitacional</b></td><td>0.00% (Segregado LADM)</td></tr>
              <tr><td><b>Lindero Vial</b></td><td>Infranqueable (Búfer LPIS 3.5m)</td></tr>
              <tr bgcolor="#F8FAFC"><td><b>Estándar Registral</b></td><td>✅ 100% Conforme ISO 19152</td></tr>
            </table>
          </div>
        ]]></description>
      <Polygon>
        <outerBoundaryIs><LinearRing>
          <coordinates>-78.7828677892685,-1.6344827334174858,0 -78.78303408622742,-1.6346596871683432,0 -78.78313601016998,-1.6347079472822135,0 -78.7832647562027,-1.634852727623824,0 -78.78328621387482,-1.6349170744423176,0 -78.78286242485046,-1.6353192420579026,0 -78.7828677892685,-1.6344827334174858,0</coordinates>
        </LinearRing></outerBoundaryIs>
      </Polygon>
      </Placemark>
      <Placemark>
        <name>UPA-016 (0.23 ha)</name>
        <styleUrl>#upa_wireframe_style</styleUrl>
        <description><![CDATA[
          <div style="font-family: Arial, sans-serif; font-size: 12px; color: #1E293B;">
            <h3 style="color: #0F766E; margin-bottom: 4px;">FICHA PREDIAL: UPA-016</h3>
            <table border="1" cellpadding="4" cellspacing="0" style="border-collapse: collapse; width: 100%; border-color: #CBD5E1;">
              <tr bgcolor="#F8FAFC"><td><b>Escenario</b></td><td>1_Cultivos_Ladera_Calpi</td></tr>
              <tr><td><b>Superficie Útil</b></td><td><b>0.2261 ha</b> (2261.0 m²)</td></tr>
              <tr bgcolor="#F8FAFC"><td><b>Vértices LADM</b></td><td>7 vértices (Conforme 4-10)</td></tr>
              <tr><td><b>Clase de Uso</b></td><td>Cultivo_Verde_Intensivo</td></tr>
              <tr bgcolor="#F8FAFC"><td><b>Solape Habitacional</b></td><td>0.00% (Segregado LADM)</td></tr>
              <tr><td><b>Lindero Vial</b></td><td>Infranqueable (Búfer LPIS 3.5m)</td></tr>
              <tr bgcolor="#F8FAFC"><td><b>Estándar Registral</b></td><td>✅ 100% Conforme ISO 19152</td></tr>
            </table>
          </div>
        ]]></description>
      <Polygon>
        <outerBoundaryIs><LinearRing>
          <coordinates>-78.7856251001358,-1.6330456544711287,0 -78.78601133823395,-1.633474633261086,0 -78.78595769405365,-1.6336837604211902,0 -78.78589868545532,-1.6337534694745584,0 -78.78592014312744,-1.6337910051186795,0 -78.78546953201294,-1.633324490684601,0 -78.78554463386536,-1.63313145022912,0 -78.7856251001358,-1.6330456544711287,0</coordinates>
        </LinearRing></outerBoundaryIs>
      </Polygon>
      </Placemark>
      <Placemark>
        <name>UPA-017 (0.22 ha)</name>
        <styleUrl>#upa_wireframe_style</styleUrl>
        <description><![CDATA[
          <div style="font-family: Arial, sans-serif; font-size: 12px; color: #1E293B;">
            <h3 style="color: #0F766E; margin-bottom: 4px;">FICHA PREDIAL: UPA-017</h3>
            <table border="1" cellpadding="4" cellspacing="0" style="border-collapse: collapse; width: 100%; border-color: #CBD5E1;">
              <tr bgcolor="#F8FAFC"><td><b>Escenario</b></td><td>1_Cultivos_Ladera_Calpi</td></tr>
              <tr><td><b>Superficie Útil</b></td><td><b>0.2212 ha</b> (2212.5 m²)</td></tr>
              <tr bgcolor="#F8FAFC"><td><b>Vértices LADM</b></td><td>7 vértices (Conforme 4-10)</td></tr>
              <tr><td><b>Clase de Uso</b></td><td>Cultivo_Verde_Intensivo</td></tr>
              <tr bgcolor="#F8FAFC"><td><b>Solape Habitacional</b></td><td>0.00% (Segregado LADM)</td></tr>
              <tr><td><b>Lindero Vial</b></td><td>Infranqueable (Búfer LPIS 3.5m)</td></tr>
              <tr bgcolor="#F8FAFC"><td><b>Estándar Registral</b></td><td>✅ 100% Conforme ISO 19152</td></tr>
            </table>
          </div>
        ]]></description>
      <Polygon>
        <outerBoundaryIs><LinearRing>
          <coordinates>-78.78525495529175,-1.6368689279366235,0 -78.78534078598022,-1.636574005018528,0 -78.78532469272614,-1.6364721225559131,0 -78.78496527671814,-1.6361932863424409,0 -78.78491288007692,-1.6362780844753395,0 -78.78485219026072,-1.6363805876045323,0 -78.78484189510345,-1.6364989337302853,0 -78.78525495529175,-1.6368689279366235,0</coordinates>
        </LinearRing></outerBoundaryIs>
      </Polygon>
      </Placemark>
      <Placemark>
        <name>UPA-018 (0.21 ha)</name>
        <styleUrl>#upa_wireframe_style</styleUrl>
        <description><![CDATA[
          <div style="font-family: Arial, sans-serif; font-size: 12px; color: #1E293B;">
            <h3 style="color: #0F766E; margin-bottom: 4px;">FICHA PREDIAL: UPA-018</h3>
            <table border="1" cellpadding="4" cellspacing="0" style="border-collapse: collapse; width: 100%; border-color: #CBD5E1;">
              <tr bgcolor="#F8FAFC"><td><b>Escenario</b></td><td>1_Cultivos_Ladera_Calpi</td></tr>
              <tr><td><b>Superficie Útil</b></td><td><b>0.2108 ha</b> (2107.9 m²)</td></tr>
              <tr bgcolor="#F8FAFC"><td><b>Vértices LADM</b></td><td>7 vértices (Conforme 4-10)</td></tr>
              <tr><td><b>Clase de Uso</b></td><td>Cultivo_Verde_Intensivo</td></tr>
              <tr bgcolor="#F8FAFC"><td><b>Solape Habitacional</b></td><td>0.00% (Segregado LADM)</td></tr>
              <tr><td><b>Lindero Vial</b></td><td>Infranqueable (Búfer LPIS 3.5m)</td></tr>
              <tr bgcolor="#F8FAFC"><td><b>Estándar Registral</b></td><td>✅ 100% Conforme ISO 19152</td></tr>
            </table>
          </div>
        ]]></description>
      <Polygon>
        <outerBoundaryIs><LinearRing>
          <coordinates>-78.78425180912018,-1.6329544964782627,0 -78.78458440303802,-1.6332869550404796,0 -78.78437519073486,-1.6334531843215883,0 -78.78427863121033,-1.633415648677467,0 -78.78422498703003,-1.6334799954959605,0 -78.78412306308746,-1.633415648677467,0 -78.78397285938263,-1.6332386949266096,0 -78.78425180912018,-1.6329544964782627,0</coordinates>
        </LinearRing></outerBoundaryIs>
      </Polygon>
      </Placemark>
      <Placemark>
        <name>UPA-019 (0.20 ha)</name>
        <styleUrl>#upa_wireframe_style</styleUrl>
        <description><![CDATA[
          <div style="font-family: Arial, sans-serif; font-size: 12px; color: #1E293B;">
            <h3 style="color: #0F766E; margin-bottom: 4px;">FICHA PREDIAL: UPA-019</h3>
            <table border="1" cellpadding="4" cellspacing="0" style="border-collapse: collapse; width: 100%; border-color: #CBD5E1;">
              <tr bgcolor="#F8FAFC"><td><b>Escenario</b></td><td>1_Cultivos_Ladera_Calpi</td></tr>
              <tr><td><b>Superficie Útil</b></td><td><b>0.2046 ha</b> (2046.0 m²)</td></tr>
              <tr bgcolor="#F8FAFC"><td><b>Vértices LADM</b></td><td>8 vértices (Conforme 4-10)</td></tr>
              <tr><td><b>Clase de Uso</b></td><td>Cultivo_Verde_Intensivo</td></tr>
              <tr bgcolor="#F8FAFC"><td><b>Solape Habitacional</b></td><td>0.00% (Segregado LADM)</td></tr>
              <tr><td><b>Lindero Vial</b></td><td>Infranqueable (Búfer LPIS 3.5m)</td></tr>
              <tr bgcolor="#F8FAFC"><td><b>Estándar Registral</b></td><td>✅ 100% Conforme ISO 19152</td></tr>
            </table>
          </div>
        ]]></description>
      <Polygon>
        <outerBoundaryIs><LinearRing>
          <coordinates>-78.78645122051239,-1.6340966525065241,0 -78.7865799665451,-1.6341234636808966,0 -78.78652632236481,-1.6338553519371732,0 -78.7860757112503,-1.6333566640938477,0 -78.78601133823395,-1.633415648677467,0 -78.78597915172577,-1.6333620263287223,0 -78.78601133823395,-1.633474633261086,0 -78.78600597381592,-1.6335926024283243,0 -78.78645122051239,-1.6340966525065241,0</coordinates>
        </LinearRing></outerBoundaryIs>
      </Polygon>
      </Placemark>
      <Placemark>
        <name>UPA-020 (0.19 ha)</name>
        <styleUrl>#upa_wireframe_style</styleUrl>
        <description><![CDATA[
          <div style="font-family: Arial, sans-serif; font-size: 12px; color: #1E293B;">
            <h3 style="color: #0F766E; margin-bottom: 4px;">FICHA PREDIAL: UPA-020</h3>
            <table border="1" cellpadding="4" cellspacing="0" style="border-collapse: collapse; width: 100%; border-color: #CBD5E1;">
              <tr bgcolor="#F8FAFC"><td><b>Escenario</b></td><td>1_Cultivos_Ladera_Calpi</td></tr>
              <tr><td><b>Superficie Útil</b></td><td><b>0.1916 ha</b> (1916.3 m²)</td></tr>
              <tr bgcolor="#F8FAFC"><td><b>Vértices LADM</b></td><td>6 vértices (Conforme 4-10)</td></tr>
              <tr><td><b>Clase de Uso</b></td><td>Pastizal_Mixto</td></tr>
              <tr bgcolor="#F8FAFC"><td><b>Solape Habitacional</b></td><td>0.00% (Segregado LADM)</td></tr>
              <tr><td><b>Lindero Vial</b></td><td>Infranqueable (Búfer LPIS 3.5m)</td></tr>
              <tr bgcolor="#F8FAFC"><td><b>Estándar Registral</b></td><td>✅ 100% Conforme ISO 19152</td></tr>
            </table>
          </div>
        ]]></description>
      <Polygon>
        <outerBoundaryIs><LinearRing>
          <coordinates>-78.78541588783264,-1.6353192420579026,0 -78.78549635410309,-1.6353675021717728,0 -78.78577530384064,-1.6356356139154962,0 -78.78565728664398,-1.6359251745987173,0 -78.78551244735718,-1.6358232921361024,0 -78.78527104854584,-1.6355819915667515,0 -78.78541588783264,-1.6353192420579026,0</coordinates>
        </LinearRing></outerBoundaryIs>
      </Polygon>
      </Placemark>
      <Placemark>
        <name>UPA-021 (0.19 ha)</name>
        <styleUrl>#upa_wireframe_style</styleUrl>
        <description><![CDATA[
          <div style="font-family: Arial, sans-serif; font-size: 12px; color: #1E293B;">
            <h3 style="color: #0F766E; margin-bottom: 4px;">FICHA PREDIAL: UPA-021</h3>
            <table border="1" cellpadding="4" cellspacing="0" style="border-collapse: collapse; width: 100%; border-color: #CBD5E1;">
              <tr bgcolor="#F8FAFC"><td><b>Escenario</b></td><td>1_Cultivos_Ladera_Calpi</td></tr>
              <tr><td><b>Superficie Útil</b></td><td><b>0.1911 ha</b> (1911.0 m²)</td></tr>
              <tr bgcolor="#F8FAFC"><td><b>Vértices LADM</b></td><td>7 vértices (Conforme 4-10)</td></tr>
              <tr><td><b>Clase de Uso</b></td><td>Cultivo_Verde_Intensivo</td></tr>
              <tr bgcolor="#F8FAFC"><td><b>Solape Habitacional</b></td><td>0.00% (Segregado LADM)</td></tr>
              <tr><td><b>Lindero Vial</b></td><td>Infranqueable (Búfer LPIS 3.5m)</td></tr>
              <tr bgcolor="#F8FAFC"><td><b>Estándar Registral</b></td><td>✅ 100% Conforme ISO 19152</td></tr>
            </table>
          </div>
        ]]></description>
      <Polygon>
        <outerBoundaryIs><LinearRing>
          <coordinates>-78.78580749034882,-1.6371370396803469,0 -78.78583431243896,-1.6369118258156194,0 -78.78588795661926,-1.6368260300576278,0 -78.78630101680756,-1.6369386369899916,0 -78.7865424156189,-1.6370405194526065,0 -78.78649950027466,-1.6370887795664768,0 -78.78649950027466,-1.6371370396803469,0 -78.78580749034882,-1.6371370396803469,0</coordinates>
        </LinearRing></outerBoundaryIs>
      </Polygon>
      </Placemark>
      <Placemark>
        <name>UPA-022 (0.19 ha)</name>
        <styleUrl>#upa_wireframe_style</styleUrl>
        <description><![CDATA[
          <div style="font-family: Arial, sans-serif; font-size: 12px; color: #1E293B;">
            <h3 style="color: #0F766E; margin-bottom: 4px;">FICHA PREDIAL: UPA-022</h3>
            <table border="1" cellpadding="4" cellspacing="0" style="border-collapse: collapse; width: 100%; border-color: #CBD5E1;">
              <tr bgcolor="#F8FAFC"><td><b>Escenario</b></td><td>1_Cultivos_Ladera_Calpi</td></tr>
              <tr><td><b>Superficie Útil</b></td><td><b>0.1882 ha</b> (1882.5 m²)</td></tr>
              <tr bgcolor="#F8FAFC"><td><b>Vértices LADM</b></td><td>8 vértices (Conforme 4-10)</td></tr>
              <tr><td><b>Clase de Uso</b></td><td>Cultivo_Verde_Intensivo</td></tr>
              <tr bgcolor="#F8FAFC"><td><b>Solape Habitacional</b></td><td>0.00% (Segregado LADM)</td></tr>
              <tr><td><b>Lindero Vial</b></td><td>Infranqueable (Búfer LPIS 3.5m)</td></tr>
              <tr bgcolor="#F8FAFC"><td><b>Estándar Registral</b></td><td>✅ 100% Conforme ISO 19152</td></tr>
            </table>
          </div>
        ]]></description>
      <Polygon>
        <outerBoundaryIs><LinearRing>
          <coordinates>-78.78529787063599,-1.6357160474386132,0 -78.78538370132446,-1.6357106852037386,0 -78.78564119338989,-1.6359519857730898,0 -78.78556072711945,-1.6361718374029428,0 -78.78548562526703,-1.6362844443353066,0 -78.78516912460327,-1.6359787969474622,0 -78.78519058227539,-1.6358930011894706,0 -78.78527104854584,-1.6357857564919813,0 -78.78529787063599,-1.6357160474386132,0</coordinates>
        </LinearRing></outerBoundaryIs>
      </Polygon>
      </Placemark>
      <Placemark>
        <name>UPA-023 (0.19 ha)</name>
        <styleUrl>#upa_wireframe_style</styleUrl>
        <description><![CDATA[
          <div style="font-family: Arial, sans-serif; font-size: 12px; color: #1E293B;">
            <h3 style="color: #0F766E; margin-bottom: 4px;">FICHA PREDIAL: UPA-023</h3>
            <table border="1" cellpadding="4" cellspacing="0" style="border-collapse: collapse; width: 100%; border-color: #CBD5E1;">
              <tr bgcolor="#F8FAFC"><td><b>Escenario</b></td><td>1_Cultivos_Ladera_Calpi</td></tr>
              <tr><td><b>Superficie Útil</b></td><td><b>0.1879 ha</b> (1879.5 m²)</td></tr>
              <tr bgcolor="#F8FAFC"><td><b>Vértices LADM</b></td><td>6 vértices (Conforme 4-10)</td></tr>
              <tr><td><b>Clase de Uso</b></td><td>Cultivo_Verde_Intensivo</td></tr>
              <tr bgcolor="#F8FAFC"><td><b>Solape Habitacional</b></td><td>0.00% (Segregado LADM)</td></tr>
              <tr><td><b>Lindero Vial</b></td><td>Infranqueable (Búfer LPIS 3.5m)</td></tr>
              <tr bgcolor="#F8FAFC"><td><b>Estándar Registral</b></td><td>✅ 100% Conforme ISO 19152</td></tr>
            </table>
          </div>
        ]]></description>
      <Polygon>
        <outerBoundaryIs><LinearRing>
          <coordinates>-78.78327548503876,-1.6328633384853968,0 -78.78347396850586,-1.6328579762505224,0 -78.78385484218597,-1.6332011592824882,0 -78.78371000289917,-1.6333888375030945,0 -78.78368318080902,-1.6333888375030945,0 -78.78322184085846,-1.6329491342433882,0 -78.78327548503876,-1.6328633384853968,0</coordinates>
        </LinearRing></outerBoundaryIs>
      </Polygon>
      </Placemark>
      <Placemark>
        <name>UPA-024 (0.18 ha)</name>
        <styleUrl>#upa_wireframe_style</styleUrl>
        <description><![CDATA[
          <div style="font-family: Arial, sans-serif; font-size: 12px; color: #1E293B;">
            <h3 style="color: #0F766E; margin-bottom: 4px;">FICHA PREDIAL: UPA-024</h3>
            <table border="1" cellpadding="4" cellspacing="0" style="border-collapse: collapse; width: 100%; border-color: #CBD5E1;">
              <tr bgcolor="#F8FAFC"><td><b>Escenario</b></td><td>1_Cultivos_Ladera_Calpi</td></tr>
              <tr><td><b>Superficie Útil</b></td><td><b>0.1818 ha</b> (1818.2 m²)</td></tr>
              <tr bgcolor="#F8FAFC"><td><b>Vértices LADM</b></td><td>7 vértices (Conforme 4-10)</td></tr>
              <tr><td><b>Clase de Uso</b></td><td>Cultivo_Verde_Intensivo</td></tr>
              <tr bgcolor="#F8FAFC"><td><b>Solape Habitacional</b></td><td>0.00% (Segregado LADM)</td></tr>
              <tr><td><b>Lindero Vial</b></td><td>Infranqueable (Búfer LPIS 3.5m)</td></tr>
              <tr bgcolor="#F8FAFC"><td><b>Estándar Registral</b></td><td>✅ 100% Conforme ISO 19152</td></tr>
            </table>
          </div>
        ]]></description>
      <Polygon>
        <outerBoundaryIs><LinearRing>
          <coordinates>-78.78572165966034,-1.6328526140156479,0 -78.78595769405365,-1.6328633384853968,0 -78.7862902879715,-1.6332494193963585,0 -78.78624737262726,-1.6334531843215883,0 -78.78613471984863,-1.6333888375030945,0 -78.78586113452911,-1.633104639054748,0 -78.78570556640625,-1.6329062363643925,0 -78.78572165966034,-1.6328526140156479,0</coordinates>
        </LinearRing></outerBoundaryIs>
      </Polygon>
      </Placemark>
      <Placemark>
        <name>UPA-025 (0.17 ha)</name>
        <styleUrl>#upa_wireframe_style</styleUrl>
        <description><![CDATA[
          <div style="font-family: Arial, sans-serif; font-size: 12px; color: #1E293B;">
            <h3 style="color: #0F766E; margin-bottom: 4px;">FICHA PREDIAL: UPA-025</h3>
            <table border="1" cellpadding="4" cellspacing="0" style="border-collapse: collapse; width: 100%; border-color: #CBD5E1;">
              <tr bgcolor="#F8FAFC"><td><b>Escenario</b></td><td>1_Cultivos_Ladera_Calpi</td></tr>
              <tr><td><b>Superficie Útil</b></td><td><b>0.1671 ha</b> (1670.7 m²)</td></tr>
              <tr bgcolor="#F8FAFC"><td><b>Vértices LADM</b></td><td>8 vértices (Conforme 4-10)</td></tr>
              <tr><td><b>Clase de Uso</b></td><td>Cultivo_Verde_Intensivo</td></tr>
              <tr bgcolor="#F8FAFC"><td><b>Solape Habitacional</b></td><td>0.00% (Segregado LADM)</td></tr>
              <tr><td><b>Lindero Vial</b></td><td>Infranqueable (Búfer LPIS 3.5m)</td></tr>
              <tr bgcolor="#F8FAFC"><td><b>Estándar Registral</b></td><td>✅ 100% Conforme ISO 19152</td></tr>
            </table>
          </div>
        ]]></description>
      <Polygon>
        <outerBoundaryIs><LinearRing>
          <coordinates>-78.78690183162689,-1.6348580898586984,0 -78.78690183162689,-1.6346543249334688,0 -78.78680527210236,-1.6346382382288454,0 -78.7866872549057,-1.6348151919797027,0 -78.78668189048767,-1.6349760590259368,0 -78.78688037395477,-1.6351154771326728,0 -78.78714859485626,-1.6351690994814176,0 -78.78712333567778,-1.634936809612812,0 -78.78690183162689,-1.6348580898586984,0</coordinates>
        </LinearRing></outerBoundaryIs>
      </Polygon>
      </Placemark>
      <Placemark>
        <name>UPA-026 (0.17 ha)</name>
        <styleUrl>#upa_wireframe_style</styleUrl>
        <description><![CDATA[
          <div style="font-family: Arial, sans-serif; font-size: 12px; color: #1E293B;">
            <h3 style="color: #0F766E; margin-bottom: 4px;">FICHA PREDIAL: UPA-026</h3>
            <table border="1" cellpadding="4" cellspacing="0" style="border-collapse: collapse; width: 100%; border-color: #CBD5E1;">
              <tr bgcolor="#F8FAFC"><td><b>Escenario</b></td><td>1_Cultivos_Ladera_Calpi</td></tr>
              <tr><td><b>Superficie Útil</b></td><td><b>0.1662 ha</b> (1661.9 m²)</td></tr>
              <tr bgcolor="#F8FAFC"><td><b>Vértices LADM</b></td><td>5 vértices (Conforme 4-10)</td></tr>
              <tr><td><b>Clase de Uso</b></td><td>Cultivo_Verde_Intensivo</td></tr>
              <tr bgcolor="#F8FAFC"><td><b>Solape Habitacional</b></td><td>0.00% (Segregado LADM)</td></tr>
              <tr><td><b>Lindero Vial</b></td><td>Infranqueable (Búfer LPIS 3.5m)</td></tr>
              <tr bgcolor="#F8FAFC"><td><b>Estándar Registral</b></td><td>✅ 100% Conforme ISO 19152</td></tr>
            </table>
          </div>
        ]]></description>
      <Polygon>
        <outerBoundaryIs><LinearRing>
          <coordinates>-78.78500282764435,-1.6328526140156479,0 -78.78473460674286,-1.6331957970476136,0 -78.78465950489044,-1.6331850725778647,0 -78.78430008888245,-1.6328740629551457,0 -78.7843108177185,-1.6328526140156479,0 -78.78500282764435,-1.6328526140156479,0</coordinates>
        </LinearRing></outerBoundaryIs>
      </Polygon>
      </Placemark>
      <Placemark>
        <name>UPA-027 (0.16 ha)</name>
        <styleUrl>#upa_wireframe_style</styleUrl>
        <description><![CDATA[
          <div style="font-family: Arial, sans-serif; font-size: 12px; color: #1E293B;">
            <h3 style="color: #0F766E; margin-bottom: 4px;">FICHA PREDIAL: UPA-027</h3>
            <table border="1" cellpadding="4" cellspacing="0" style="border-collapse: collapse; width: 100%; border-color: #CBD5E1;">
              <tr bgcolor="#F8FAFC"><td><b>Escenario</b></td><td>1_Cultivos_Ladera_Calpi</td></tr>
              <tr><td><b>Superficie Útil</b></td><td><b>0.1565 ha</b> (1565.4 m²)</td></tr>
              <tr bgcolor="#F8FAFC"><td><b>Vértices LADM</b></td><td>10 vértices (Conforme 4-10)</td></tr>
              <tr><td><b>Clase de Uso</b></td><td>Suelo_Arado_Seco</td></tr>
              <tr bgcolor="#F8FAFC"><td><b>Solape Habitacional</b></td><td>0.00% (Segregado LADM)</td></tr>
              <tr><td><b>Lindero Vial</b></td><td>Infranqueable (Búfer LPIS 3.5m)</td></tr>
              <tr bgcolor="#F8FAFC"><td><b>Estándar Registral</b></td><td>✅ 100% Conforme ISO 19152</td></tr>
            </table>
          </div>
        ]]></description>
      <Polygon>
        <outerBoundaryIs><LinearRing>
          <coordinates>-78.78595232963562,-1.6340054945136582,0 -78.78597915172577,-1.6339089742859179,0 -78.78572165966034,-1.6336301380724456,0 -78.78570020198822,-1.6336301380724456,0 -78.78554463386536,-1.6338607141720476,0 -78.78554336153545,-1.633870888668989,0 -78.78574495997776,-1.634107966784139,0 -78.78575205802917,-1.6341163140343975,0 -78.78575205802917,-1.634116314034399,0 -78.78581821918488,-1.6341824482645158,0 -78.78595232963562,-1.6340054945136582,0</coordinates>
        </LinearRing></outerBoundaryIs>
      </Polygon>
      </Placemark>
      <Placemark>
        <name>UPA-028 (0.16 ha)</name>
        <styleUrl>#upa_wireframe_style</styleUrl>
        <description><![CDATA[
          <div style="font-family: Arial, sans-serif; font-size: 12px; color: #1E293B;">
            <h3 style="color: #0F766E; margin-bottom: 4px;">FICHA PREDIAL: UPA-028</h3>
            <table border="1" cellpadding="4" cellspacing="0" style="border-collapse: collapse; width: 100%; border-color: #CBD5E1;">
              <tr bgcolor="#F8FAFC"><td><b>Escenario</b></td><td>1_Cultivos_Ladera_Calpi</td></tr>
              <tr><td><b>Superficie Útil</b></td><td><b>0.1603 ha</b> (1602.7 m²)</td></tr>
              <tr bgcolor="#F8FAFC"><td><b>Vértices LADM</b></td><td>7 vértices (Conforme 4-10)</td></tr>
              <tr><td><b>Clase de Uso</b></td><td>Cultivo_Verde_Intensivo</td></tr>
              <tr bgcolor="#F8FAFC"><td><b>Solape Habitacional</b></td><td>0.00% (Segregado LADM)</td></tr>
              <tr><td><b>Lindero Vial</b></td><td>Infranqueable (Búfer LPIS 3.5m)</td></tr>
              <tr bgcolor="#F8FAFC"><td><b>Estándar Registral</b></td><td>✅ 100% Conforme ISO 19152</td></tr>
            </table>
          </div>
        ]]></description>
      <Polygon>
        <outerBoundaryIs><LinearRing>
          <coordinates>-78.78503501415253,-1.634016218983407,0 -78.7853193283081,-1.6342575195527582,0 -78.78525495529175,-1.6343754887199964,0 -78.78519594669342,-1.6344022998943688,0 -78.78515839576721,-1.6345309935313561,0 -78.78511548042297,-1.6345578047057283,0 -78.78485262393951,-1.6343218663712518,0 -78.78503501415253,-1.634016218983407,0</coordinates>
        </LinearRing></outerBoundaryIs>
      </Polygon>
      </Placemark>
      <Placemark>
        <name>UPA-029 (0.16 ha)</name>
        <styleUrl>#upa_wireframe_style</styleUrl>
        <description><![CDATA[
          <div style="font-family: Arial, sans-serif; font-size: 12px; color: #1E293B;">
            <h3 style="color: #0F766E; margin-bottom: 4px;">FICHA PREDIAL: UPA-029</h3>
            <table border="1" cellpadding="4" cellspacing="0" style="border-collapse: collapse; width: 100%; border-color: #CBD5E1;">
              <tr bgcolor="#F8FAFC"><td><b>Escenario</b></td><td>1_Cultivos_Ladera_Calpi</td></tr>
              <tr><td><b>Superficie Útil</b></td><td><b>0.1554 ha</b> (1553.6 m²)</td></tr>
              <tr bgcolor="#F8FAFC"><td><b>Vértices LADM</b></td><td>6 vértices (Conforme 4-10)</td></tr>
              <tr><td><b>Clase de Uso</b></td><td>Cultivo_Verde_Intensivo</td></tr>
              <tr bgcolor="#F8FAFC"><td><b>Solape Habitacional</b></td><td>0.00% (Segregado LADM)</td></tr>
              <tr><td><b>Lindero Vial</b></td><td>Infranqueable (Búfer LPIS 3.5m)</td></tr>
              <tr bgcolor="#F8FAFC"><td><b>Estándar Registral</b></td><td>✅ 100% Conforme ISO 19152</td></tr>
            </table>
          </div>
        ]]></description>
      <Polygon>
        <outerBoundaryIs><LinearRing>
          <coordinates>-78.78410696983337,-1.6334639087913372,0 -78.78421425819397,-1.6335068066703329,0 -78.78446638584137,-1.6337641939443073,0 -78.78430008888245,-1.6339518721649136,0 -78.78418207168579,-1.633876800876671,0 -78.78395676612854,-1.63363550030732,0 -78.78410696983337,-1.6334639087913372,0</coordinates>
        </LinearRing></outerBoundaryIs>
      </Polygon>
      </Placemark>
      <Placemark>
        <name>UPA-030 (0.13 ha)</name>
        <styleUrl>#upa_wireframe_style</styleUrl>
        <description><![CDATA[
          <div style="font-family: Arial, sans-serif; font-size: 12px; color: #1E293B;">
            <h3 style="color: #0F766E; margin-bottom: 4px;">FICHA PREDIAL: UPA-030</h3>
            <table border="1" cellpadding="4" cellspacing="0" style="border-collapse: collapse; width: 100%; border-color: #CBD5E1;">
              <tr bgcolor="#F8FAFC"><td><b>Escenario</b></td><td>1_Cultivos_Ladera_Calpi</td></tr>
              <tr><td><b>Superficie Útil</b></td><td><b>0.1340 ha</b> (1340.4 m²)</td></tr>
              <tr bgcolor="#F8FAFC"><td><b>Vértices LADM</b></td><td>7 vértices (Conforme 4-10)</td></tr>
              <tr><td><b>Clase de Uso</b></td><td>Cultivo_Verde_Intensivo</td></tr>
              <tr bgcolor="#F8FAFC"><td><b>Solape Habitacional</b></td><td>0.00% (Segregado LADM)</td></tr>
              <tr><td><b>Lindero Vial</b></td><td>Infranqueable (Búfer LPIS 3.5m)</td></tr>
              <tr bgcolor="#F8FAFC"><td><b>Estándar Registral</b></td><td>✅ 100% Conforme ISO 19152</td></tr>
            </table>
          </div>
        ]]></description>
      <Polygon>
        <outerBoundaryIs><LinearRing>
          <coordinates>-78.78321647644043,-1.6362040108121898,0 -78.78333449363708,-1.6363648778584237,0 -78.78300189971924,-1.6367295098298875,0 -78.78302335739136,-1.636675887481143,0 -78.78291070461273,-1.6365471938441556,0 -78.78289461135864,-1.6364613980861642,0 -78.7830662727356,-1.6362898065701812,0 -78.78321647644043,-1.6362040108121898,0</coordinates>
        </LinearRing></outerBoundaryIs>
      </Polygon>
      </Placemark>
      <Placemark>
        <name>UPA-031 (0.13 ha)</name>
        <styleUrl>#upa_wireframe_style</styleUrl>
        <description><![CDATA[
          <div style="font-family: Arial, sans-serif; font-size: 12px; color: #1E293B;">
            <h3 style="color: #0F766E; margin-bottom: 4px;">FICHA PREDIAL: UPA-031</h3>
            <table border="1" cellpadding="4" cellspacing="0" style="border-collapse: collapse; width: 100%; border-color: #CBD5E1;">
              <tr bgcolor="#F8FAFC"><td><b>Escenario</b></td><td>1_Cultivos_Ladera_Calpi</td></tr>
              <tr><td><b>Superficie Útil</b></td><td><b>0.1322 ha</b> (1322.0 m²)</td></tr>
              <tr bgcolor="#F8FAFC"><td><b>Vértices LADM</b></td><td>8 vértices (Conforme 4-10)</td></tr>
              <tr><td><b>Clase de Uso</b></td><td>Cultivo_Verde_Intensivo</td></tr>
              <tr bgcolor="#F8FAFC"><td><b>Solape Habitacional</b></td><td>0.00% (Segregado LADM)</td></tr>
              <tr><td><b>Lindero Vial</b></td><td>Infranqueable (Búfer LPIS 3.5m)</td></tr>
              <tr bgcolor="#F8FAFC"><td><b>Estándar Registral</b></td><td>✅ 100% Conforme ISO 19152</td></tr>
            </table>
          </div>
        ]]></description>
      <Polygon>
        <outerBoundaryIs><LinearRing>
          <coordinates>-78.7854266166687,-1.6333298529194755,0 -78.78546416759491,-1.6333459396240988,0 -78.78550171852112,-1.6334102864425923,0 -78.7856787443161,-1.6335979646631988,0 -78.78565728664398,-1.6336676737165667,0 -78.7855339050293,-1.6338499897022987,0 -78.7854266166687,-1.6337588317094327,0 -78.78528714179993,-1.6335979646631988,0 -78.7854266166687,-1.6333298529194755,0</coordinates>
        </LinearRing></outerBoundaryIs>
      </Polygon>
      </Placemark>
      <Placemark>
        <name>UPA-032 (0.13 ha)</name>
        <styleUrl>#upa_wireframe_style</styleUrl>
        <description><![CDATA[
          <div style="font-family: Arial, sans-serif; font-size: 12px; color: #1E293B;">
            <h3 style="color: #0F766E; margin-bottom: 4px;">FICHA PREDIAL: UPA-032</h3>
            <table border="1" cellpadding="4" cellspacing="0" style="border-collapse: collapse; width: 100%; border-color: #CBD5E1;">
              <tr bgcolor="#F8FAFC"><td><b>Escenario</b></td><td>1_Cultivos_Ladera_Calpi</td></tr>
              <tr><td><b>Superficie Útil</b></td><td><b>0.1298 ha</b> (1298.0 m²)</td></tr>
              <tr bgcolor="#F8FAFC"><td><b>Vértices LADM</b></td><td>8 vértices (Conforme 4-10)</td></tr>
              <tr><td><b>Clase de Uso</b></td><td>Cultivo_Verde_Intensivo</td></tr>
              <tr bgcolor="#F8FAFC"><td><b>Solape Habitacional</b></td><td>0.00% (Segregado LADM)</td></tr>
              <tr><td><b>Lindero Vial</b></td><td>Infranqueable (Búfer LPIS 3.5m)</td></tr>
              <tr bgcolor="#F8FAFC"><td><b>Estándar Registral</b></td><td>✅ 100% Conforme ISO 19152</td></tr>
            </table>
          </div>
        ]]></description>
      <Polygon>
        <outerBoundaryIs><LinearRing>
          <coordinates>-78.78309309482574,-1.6360645927054536,0 -78.78286242485046,-1.635817929901228,0 -78.78286242485046,-1.6364560358512896,0 -78.78287851810455,-1.6364560358512896,0 -78.78305554389954,-1.6362790821004323,0 -78.78311946988106,-1.6362594205725594,0 -78.78312683874562,-1.636255211506475,0 -78.78317356109619,-1.6361825618726917,0 -78.78309309482574,-1.6360645927054536,0</coordinates>
        </LinearRing></outerBoundaryIs>
      </Polygon>
      </Placemark>
      <Placemark>
        <name>UPA-033 (0.12 ha)</name>
        <styleUrl>#upa_wireframe_style</styleUrl>
        <description><![CDATA[
          <div style="font-family: Arial, sans-serif; font-size: 12px; color: #1E293B;">
            <h3 style="color: #0F766E; margin-bottom: 4px;">FICHA PREDIAL: UPA-033</h3>
            <table border="1" cellpadding="4" cellspacing="0" style="border-collapse: collapse; width: 100%; border-color: #CBD5E1;">
              <tr bgcolor="#F8FAFC"><td><b>Escenario</b></td><td>1_Cultivos_Ladera_Calpi</td></tr>
              <tr><td><b>Superficie Útil</b></td><td><b>0.1235 ha</b> (1234.8 m²)</td></tr>
              <tr bgcolor="#F8FAFC"><td><b>Vértices LADM</b></td><td>7 vértices (Conforme 4-10)</td></tr>
              <tr><td><b>Clase de Uso</b></td><td>Cultivo_Verde_Intensivo</td></tr>
              <tr bgcolor="#F8FAFC"><td><b>Solape Habitacional</b></td><td>0.00% (Segregado LADM)</td></tr>
              <tr><td><b>Lindero Vial</b></td><td>Infranqueable (Búfer LPIS 3.5m)</td></tr>
              <tr bgcolor="#F8FAFC"><td><b>Estándar Registral</b></td><td>✅ 100% Conforme ISO 19152</td></tr>
            </table>
          </div>
        ]]></description>
      <Polygon>
        <outerBoundaryIs><LinearRing>
          <coordinates>-78.78404259681702,-1.6357160474386132,0 -78.78417134284973,-1.6358661900150984,0 -78.78409087657928,-1.6359037256592195,0 -78.78405332565308,-1.6359680724777133,0 -78.78405332565308,-1.6362147352819387,0 -78.78398358821869,-1.6362951688050555,0 -78.78377437591553,-1.636059230470579,0 -78.78404259681702,-1.6357160474386132,0</coordinates>
        </LinearRing></outerBoundaryIs>
      </Polygon>
      </Placemark>
      <Placemark>
        <name>UPA-034 (0.12 ha)</name>
        <styleUrl>#upa_wireframe_style</styleUrl>
        <description><![CDATA[
          <div style="font-family: Arial, sans-serif; font-size: 12px; color: #1E293B;">
            <h3 style="color: #0F766E; margin-bottom: 4px;">FICHA PREDIAL: UPA-034</h3>
            <table border="1" cellpadding="4" cellspacing="0" style="border-collapse: collapse; width: 100%; border-color: #CBD5E1;">
              <tr bgcolor="#F8FAFC"><td><b>Escenario</b></td><td>1_Cultivos_Ladera_Calpi</td></tr>
              <tr><td><b>Superficie Útil</b></td><td><b>0.1234 ha</b> (1233.9 m²)</td></tr>
              <tr bgcolor="#F8FAFC"><td><b>Vértices LADM</b></td><td>5 vértices (Conforme 4-10)</td></tr>
              <tr><td><b>Clase de Uso</b></td><td>Pastizal_Mixto</td></tr>
              <tr bgcolor="#F8FAFC"><td><b>Solape Habitacional</b></td><td>0.00% (Segregado LADM)</td></tr>
              <tr><td><b>Lindero Vial</b></td><td>Infranqueable (Búfer LPIS 3.5m)</td></tr>
              <tr bgcolor="#F8FAFC"><td><b>Estándar Registral</b></td><td>✅ 100% Conforme ISO 19152</td></tr>
            </table>
          </div>
        ]]></description>
      <Polygon>
        <outerBoundaryIs><LinearRing>
          <coordinates>-78.78296971321106,-1.634300417431754,0 -78.78341495990753,-1.634783018570456,0 -78.7833023071289,-1.6348795387981965,0 -78.78311455249786,-1.6346704116380921,0 -78.78286242485046,-1.6344666467128623,0 -78.78296971321106,-1.634300417431754,0</coordinates>
        </LinearRing></outerBoundaryIs>
      </Polygon>
      </Placemark>
      <Placemark>
        <name>UPA-035 (0.12 ha)</name>
        <styleUrl>#upa_wireframe_style</styleUrl>
        <description><![CDATA[
          <div style="font-family: Arial, sans-serif; font-size: 12px; color: #1E293B;">
            <h3 style="color: #0F766E; margin-bottom: 4px;">FICHA PREDIAL: UPA-035</h3>
            <table border="1" cellpadding="4" cellspacing="0" style="border-collapse: collapse; width: 100%; border-color: #CBD5E1;">
              <tr bgcolor="#F8FAFC"><td><b>Escenario</b></td><td>1_Cultivos_Ladera_Calpi</td></tr>
              <tr><td><b>Superficie Útil</b></td><td><b>0.1203 ha</b> (1203.2 m²)</td></tr>
              <tr bgcolor="#F8FAFC"><td><b>Vértices LADM</b></td><td>6 vértices (Conforme 4-10)</td></tr>
              <tr><td><b>Clase de Uso</b></td><td>Cultivo_Verde_Intensivo</td></tr>
              <tr bgcolor="#F8FAFC"><td><b>Solape Habitacional</b></td><td>0.00% (Segregado LADM)</td></tr>
              <tr><td><b>Lindero Vial</b></td><td>Infranqueable (Búfer LPIS 3.5m)</td></tr>
              <tr bgcolor="#F8FAFC"><td><b>Estándar Registral</b></td><td>✅ 100% Conforme ISO 19152</td></tr>
            </table>
          </div>
        ]]></description>
      <Polygon>
        <outerBoundaryIs><LinearRing>
          <coordinates>-78.78459513187408,-1.6333084039799775,0 -78.78465950489044,-1.6333459396240988,0 -78.78482580184937,-1.633533617844705,0 -78.78464877605438,-1.6337373827699349,0 -78.78439128398895,-1.633485357730835,0 -78.78443956375122,-1.633415648677467,0 -78.78459513187408,-1.6333084039799775,0</coordinates>
        </LinearRing></outerBoundaryIs>
      </Polygon>
      </Placemark>
      <Placemark>
        <name>UPA-036 (0.12 ha)</name>
        <styleUrl>#upa_wireframe_style</styleUrl>
        <description><![CDATA[
          <div style="font-family: Arial, sans-serif; font-size: 12px; color: #1E293B;">
            <h3 style="color: #0F766E; margin-bottom: 4px;">FICHA PREDIAL: UPA-036</h3>
            <table border="1" cellpadding="4" cellspacing="0" style="border-collapse: collapse; width: 100%; border-color: #CBD5E1;">
              <tr bgcolor="#F8FAFC"><td><b>Escenario</b></td><td>1_Cultivos_Ladera_Calpi</td></tr>
              <tr><td><b>Superficie Útil</b></td><td><b>0.1181 ha</b> (1180.9 m²)</td></tr>
              <tr bgcolor="#F8FAFC"><td><b>Vértices LADM</b></td><td>6 vértices (Conforme 4-10)</td></tr>
              <tr><td><b>Clase de Uso</b></td><td>Cultivo_Verde_Intensivo</td></tr>
              <tr bgcolor="#F8FAFC"><td><b>Solape Habitacional</b></td><td>0.00% (Segregado LADM)</td></tr>
              <tr><td><b>Lindero Vial</b></td><td>Infranqueable (Búfer LPIS 3.5m)</td></tr>
              <tr bgcolor="#F8FAFC"><td><b>Estándar Registral</b></td><td>✅ 100% Conforme ISO 19152</td></tr>
            </table>
          </div>
        ]]></description>
      <Polygon>
        <outerBoundaryIs><LinearRing>
          <coordinates>-78.7833720445633,-1.6343433153107496,0 -78.7836241722107,-1.6345792536452262,0 -78.78361880779266,-1.634600702584724,0 -78.78343105316162,-1.6347776563355816,0 -78.78319501876831,-1.6345363557662305,0 -78.78319501876831,-1.634509544591858,0 -78.7833720445633,-1.6343433153107496,0</coordinates>
        </LinearRing></outerBoundaryIs>
      </Polygon>
      </Placemark>
      <Placemark>
        <name>UPA-037 (0.12 ha)</name>
        <styleUrl>#upa_wireframe_style</styleUrl>
        <description><![CDATA[
          <div style="font-family: Arial, sans-serif; font-size: 12px; color: #1E293B;">
            <h3 style="color: #0F766E; margin-bottom: 4px;">FICHA PREDIAL: UPA-037</h3>
            <table border="1" cellpadding="4" cellspacing="0" style="border-collapse: collapse; width: 100%; border-color: #CBD5E1;">
              <tr bgcolor="#F8FAFC"><td><b>Escenario</b></td><td>1_Cultivos_Ladera_Calpi</td></tr>
              <tr><td><b>Superficie Útil</b></td><td><b>0.1175 ha</b> (1174.5 m²)</td></tr>
              <tr bgcolor="#F8FAFC"><td><b>Vértices LADM</b></td><td>6 vértices (Conforme 4-10)</td></tr>
              <tr><td><b>Clase de Uso</b></td><td>Cultivo_Verde_Intensivo</td></tr>
              <tr bgcolor="#F8FAFC"><td><b>Solape Habitacional</b></td><td>0.00% (Segregado LADM)</td></tr>
              <tr><td><b>Lindero Vial</b></td><td>Infranqueable (Búfer LPIS 3.5m)</td></tr>
              <tr bgcolor="#F8FAFC"><td><b>Estándar Registral</b></td><td>✅ 100% Conforme ISO 19152</td></tr>
            </table>
          </div>
        ]]></description>
      <Polygon>
        <outerBoundaryIs><LinearRing>
          <coordinates>-78.78555536270142,-1.635024319139807,0 -78.78585040569305,-1.6352977931184047,0 -78.7858235836029,-1.6353514154671493,0 -78.78572165966034,-1.6353835888763963,0 -78.78564655780792,-1.6354747468692623,0 -78.78542125225067,-1.6352763441789069,0 -78.78555536270142,-1.635024319139807,0</coordinates>
        </LinearRing></outerBoundaryIs>
      </Polygon>
      </Placemark>
      <Placemark>
        <name>UPA-038 (0.11 ha)</name>
        <styleUrl>#upa_wireframe_style</styleUrl>
        <description><![CDATA[
          <div style="font-family: Arial, sans-serif; font-size: 12px; color: #1E293B;">
            <h3 style="color: #0F766E; margin-bottom: 4px;">FICHA PREDIAL: UPA-038</h3>
            <table border="1" cellpadding="4" cellspacing="0" style="border-collapse: collapse; width: 100%; border-color: #CBD5E1;">
              <tr bgcolor="#F8FAFC"><td><b>Escenario</b></td><td>1_Cultivos_Ladera_Calpi</td></tr>
              <tr><td><b>Superficie Útil</b></td><td><b>0.1131 ha</b> (1130.9 m²)</td></tr>
              <tr bgcolor="#F8FAFC"><td><b>Vértices LADM</b></td><td>7 vértices (Conforme 4-10)</td></tr>
              <tr><td><b>Clase de Uso</b></td><td>Cultivo_Verde_Intensivo</td></tr>
              <tr bgcolor="#F8FAFC"><td><b>Solape Habitacional</b></td><td>0.00% (Segregado LADM)</td></tr>
              <tr><td><b>Lindero Vial</b></td><td>Infranqueable (Búfer LPIS 3.5m)</td></tr>
              <tr bgcolor="#F8FAFC"><td><b>Estándar Registral</b></td><td>✅ 100% Conforme ISO 19152</td></tr>
            </table>
          </div>
        ]]></description>
      <Polygon>
        <outerBoundaryIs><LinearRing>
          <coordinates>-78.78498673439026,-1.6359519857730898,0 -78.785120844841,-1.6360324192962068,0 -78.7853729724884,-1.6362951688050555,0 -78.78539443016052,-1.6363595156235493,0 -78.7853729724884,-1.6364667603210385,0 -78.78509402275085,-1.6362629953958088,0 -78.78491699695587,-1.6360645927054536,0 -78.78498673439026,-1.6359519857730898,0</coordinates>
        </LinearRing></outerBoundaryIs>
      </Polygon>
      </Placemark>
      <Placemark>
        <name>UPA-039 (0.11 ha)</name>
        <styleUrl>#upa_wireframe_style</styleUrl>
        <description><![CDATA[
          <div style="font-family: Arial, sans-serif; font-size: 12px; color: #1E293B;">
            <h3 style="color: #0F766E; margin-bottom: 4px;">FICHA PREDIAL: UPA-039</h3>
            <table border="1" cellpadding="4" cellspacing="0" style="border-collapse: collapse; width: 100%; border-color: #CBD5E1;">
              <tr bgcolor="#F8FAFC"><td><b>Escenario</b></td><td>1_Cultivos_Ladera_Calpi</td></tr>
              <tr><td><b>Superficie Útil</b></td><td><b>0.1071 ha</b> (1071.4 m²)</td></tr>
              <tr bgcolor="#F8FAFC"><td><b>Vértices LADM</b></td><td>5 vértices (Conforme 4-10)</td></tr>
              <tr><td><b>Clase de Uso</b></td><td>Cultivo_Verde_Intensivo</td></tr>
              <tr bgcolor="#F8FAFC"><td><b>Solape Habitacional</b></td><td>0.00% (Segregado LADM)</td></tr>
              <tr><td><b>Lindero Vial</b></td><td>Infranqueable (Búfer LPIS 3.5m)</td></tr>
              <tr bgcolor="#F8FAFC"><td><b>Estándar Registral</b></td><td>✅ 100% Conforme ISO 19152</td></tr>
            </table>
          </div>
        ]]></description>
      <Polygon>
        <outerBoundaryIs><LinearRing>
          <coordinates>-78.78444492816925,-1.636139663993696,0 -78.78422498703003,-1.6364989337302853,0 -78.78402650356293,-1.636332704449177,0 -78.78406941890717,-1.6362254597516876,0 -78.78428936004639,-1.6360967661147003,0 -78.78444492816925,-1.636139663993696,0</coordinates>
        </LinearRing></outerBoundaryIs>
      </Polygon>
      </Placemark>
      <Placemark>
        <name>UPA-040 (0.11 ha)</name>
        <styleUrl>#upa_wireframe_style</styleUrl>
        <description><![CDATA[
          <div style="font-family: Arial, sans-serif; font-size: 12px; color: #1E293B;">
            <h3 style="color: #0F766E; margin-bottom: 4px;">FICHA PREDIAL: UPA-040</h3>
            <table border="1" cellpadding="4" cellspacing="0" style="border-collapse: collapse; width: 100%; border-color: #CBD5E1;">
              <tr bgcolor="#F8FAFC"><td><b>Escenario</b></td><td>1_Cultivos_Ladera_Calpi</td></tr>
              <tr><td><b>Superficie Útil</b></td><td><b>0.1062 ha</b> (1061.8 m²)</td></tr>
              <tr bgcolor="#F8FAFC"><td><b>Vértices LADM</b></td><td>5 vértices (Conforme 4-10)</td></tr>
              <tr><td><b>Clase de Uso</b></td><td>Cultivo_Verde_Intensivo</td></tr>
              <tr bgcolor="#F8FAFC"><td><b>Solape Habitacional</b></td><td>0.00% (Segregado LADM)</td></tr>
              <tr><td><b>Lindero Vial</b></td><td>Infranqueable (Búfer LPIS 3.5m)</td></tr>
              <tr bgcolor="#F8FAFC"><td><b>Estándar Registral</b></td><td>✅ 100% Conforme ISO 19152</td></tr>
            </table>
          </div>
        ]]></description>
      <Polygon>
        <outerBoundaryIs><LinearRing>
          <coordinates>-78.78519594669342,-1.6351047526629239,0 -78.78523886203766,-1.6351154771326728,0 -78.78540515899658,-1.6352924308835304,0 -78.78526031970978,-1.6355390936877559,0 -78.7850296497345,-1.635346053232275,0 -78.78519594669342,-1.6351047526629239,0</coordinates>
        </LinearRing></outerBoundaryIs>
      </Polygon>
      </Placemark>
      <Placemark>
        <name>UPA-041 (0.11 ha)</name>
        <styleUrl>#upa_wireframe_style</styleUrl>
        <description><![CDATA[
          <div style="font-family: Arial, sans-serif; font-size: 12px; color: #1E293B;">
            <h3 style="color: #0F766E; margin-bottom: 4px;">FICHA PREDIAL: UPA-041</h3>
            <table border="1" cellpadding="4" cellspacing="0" style="border-collapse: collapse; width: 100%; border-color: #CBD5E1;">
              <tr bgcolor="#F8FAFC"><td><b>Escenario</b></td><td>1_Cultivos_Ladera_Calpi</td></tr>
              <tr><td><b>Superficie Útil</b></td><td><b>0.1059 ha</b> (1059.4 m²)</td></tr>
              <tr bgcolor="#F8FAFC"><td><b>Vértices LADM</b></td><td>6 vértices (Conforme 4-10)</td></tr>
              <tr><td><b>Clase de Uso</b></td><td>Cultivo_Verde_Intensivo</td></tr>
              <tr bgcolor="#F8FAFC"><td><b>Solape Habitacional</b></td><td>0.00% (Segregado LADM)</td></tr>
              <tr><td><b>Lindero Vial</b></td><td>Infranqueable (Búfer LPIS 3.5m)</td></tr>
              <tr bgcolor="#F8FAFC"><td><b>Estándar Registral</b></td><td>✅ 100% Conforme ISO 19152</td></tr>
            </table>
          </div>
        ]]></description>
      <Polygon>
        <outerBoundaryIs><LinearRing>
          <coordinates>-78.78468632698059,-1.6367402342996364,0 -78.78504037857056,-1.6370780550967279,0 -78.7850296497345,-1.6371370396803469,0 -78.78479361534119,-1.6371370396803469,0 -78.78468632698059,-1.6370351572177322,0 -78.78461122512817,-1.6369386369899916,0 -78.78468632698059,-1.6367402342996364,0</coordinates>
        </LinearRing></outerBoundaryIs>
      </Polygon>
      </Placemark>
      <Placemark>
        <name>UPA-042 (0.10 ha)</name>
        <styleUrl>#upa_wireframe_style</styleUrl>
        <description><![CDATA[
          <div style="font-family: Arial, sans-serif; font-size: 12px; color: #1E293B;">
            <h3 style="color: #0F766E; margin-bottom: 4px;">FICHA PREDIAL: UPA-042</h3>
            <table border="1" cellpadding="4" cellspacing="0" style="border-collapse: collapse; width: 100%; border-color: #CBD5E1;">
              <tr bgcolor="#F8FAFC"><td><b>Escenario</b></td><td>1_Cultivos_Ladera_Calpi</td></tr>
              <tr><td><b>Superficie Útil</b></td><td><b>0.1022 ha</b> (1022.1 m²)</td></tr>
              <tr bgcolor="#F8FAFC"><td><b>Vértices LADM</b></td><td>8 vértices (Conforme 4-10)</td></tr>
              <tr><td><b>Clase de Uso</b></td><td>Cultivo_Verde_Intensivo</td></tr>
              <tr bgcolor="#F8FAFC"><td><b>Solape Habitacional</b></td><td>0.00% (Segregado LADM)</td></tr>
              <tr><td><b>Lindero Vial</b></td><td>Infranqueable (Búfer LPIS 3.5m)</td></tr>
              <tr bgcolor="#F8FAFC"><td><b>Estándar Registral</b></td><td>✅ 100% Conforme ISO 19152</td></tr>
            </table>
          </div>
        ]]></description>
      <Polygon>
        <outerBoundaryIs><LinearRing>
          <coordinates>-78.7868320941925,-1.6367455965345108,0 -78.7870305776596,-1.6368528412320003,0 -78.78704130649567,-1.6368903768761214,0 -78.78690719604492,-1.637115590740849,0 -78.78687500953674,-1.6371370396803469,0 -78.7866872549057,-1.63705660615723,0 -78.78670334815979,-1.636976172634113,0 -78.78681063652039,-1.6367616832391343,0 -78.7868320941925,-1.6367455965345108,0</coordinates>
        </LinearRing></outerBoundaryIs>
      </Polygon>
      </Placemark>
      <Placemark>
        <name>UPA-043 (0.10 ha)</name>
        <styleUrl>#upa_wireframe_style</styleUrl>
        <description><![CDATA[
          <div style="font-family: Arial, sans-serif; font-size: 12px; color: #1E293B;">
            <h3 style="color: #0F766E; margin-bottom: 4px;">FICHA PREDIAL: UPA-043</h3>
            <table border="1" cellpadding="4" cellspacing="0" style="border-collapse: collapse; width: 100%; border-color: #CBD5E1;">
              <tr bgcolor="#F8FAFC"><td><b>Escenario</b></td><td>1_Cultivos_Ladera_Calpi</td></tr>
              <tr><td><b>Superficie Útil</b></td><td><b>0.1002 ha</b> (1002.4 m²)</td></tr>
              <tr bgcolor="#F8FAFC"><td><b>Vértices LADM</b></td><td>5 vértices (Conforme 4-10)</td></tr>
              <tr><td><b>Clase de Uso</b></td><td>Cultivo_Verde_Intensivo</td></tr>
              <tr bgcolor="#F8FAFC"><td><b>Solape Habitacional</b></td><td>0.00% (Segregado LADM)</td></tr>
              <tr><td><b>Lindero Vial</b></td><td>Infranqueable (Búfer LPIS 3.5m)</td></tr>
              <tr bgcolor="#F8FAFC"><td><b>Estándar Registral</b></td><td>✅ 100% Conforme ISO 19152</td></tr>
            </table>
          </div>
        ]]></description>
      <Polygon>
        <outerBoundaryIs><LinearRing>
          <coordinates>-78.7842732667923,-1.6328955118946435,0 -78.78509938716888,-1.6337427450048094,0 -78.78513693809509,-1.63363550030732,0 -78.78448079341881,-1.633030430085236,0 -78.78436311443835,-1.6329286001875658,0 -78.7842732667923,-1.6328955118946435,0</coordinates>
        </LinearRing></outerBoundaryIs>
      </Polygon>
      </Placemark>
      <Placemark>
        <name>UPA-044 (0.10 ha)</name>
        <styleUrl>#upa_wireframe_style</styleUrl>
        <description><![CDATA[
          <div style="font-family: Arial, sans-serif; font-size: 12px; color: #1E293B;">
            <h3 style="color: #0F766E; margin-bottom: 4px;">FICHA PREDIAL: UPA-044</h3>
            <table border="1" cellpadding="4" cellspacing="0" style="border-collapse: collapse; width: 100%; border-color: #CBD5E1;">
              <tr bgcolor="#F8FAFC"><td><b>Escenario</b></td><td>1_Cultivos_Ladera_Calpi</td></tr>
              <tr><td><b>Superficie Útil</b></td><td><b>0.1004 ha</b> (1003.7 m²)</td></tr>
              <tr bgcolor="#F8FAFC"><td><b>Vértices LADM</b></td><td>8 vértices (Conforme 4-10)</td></tr>
              <tr><td><b>Clase de Uso</b></td><td>Cultivo_Verde_Intensivo</td></tr>
              <tr bgcolor="#F8FAFC"><td><b>Solape Habitacional</b></td><td>0.00% (Segregado LADM)</td></tr>
              <tr><td><b>Lindero Vial</b></td><td>Infranqueable (Búfer LPIS 3.5m)</td></tr>
              <tr bgcolor="#F8FAFC"><td><b>Estándar Registral</b></td><td>✅ 100% Conforme ISO 19152</td></tr>
            </table>
          </div>
        ]]></description>
      <Polygon>
        <outerBoundaryIs><LinearRing>
          <coordinates>-78.78647804260254,-1.6362469086911855,0 -78.78672480583191,-1.6363487911538004,0 -78.78676772117615,-1.6363809645630472,0 -78.78676772117615,-1.636402413502545,0 -78.78670334815979,-1.636493571495411,0 -78.78661751747131,-1.636584729488277,0 -78.78636538982391,-1.6364667603210385,0 -78.78641366958618,-1.6363166177445536,0 -78.78647804260254,-1.6362469086911855,0</coordinates>
        </LinearRing></outerBoundaryIs>
      </Polygon>
      </Placemark>
      <Placemark>
        <name>UPA-045 (0.10 ha)</name>
        <styleUrl>#upa_wireframe_style</styleUrl>
        <description><![CDATA[
          <div style="font-family: Arial, sans-serif; font-size: 12px; color: #1E293B;">
            <h3 style="color: #0F766E; margin-bottom: 4px;">FICHA PREDIAL: UPA-045</h3>
            <table border="1" cellpadding="4" cellspacing="0" style="border-collapse: collapse; width: 100%; border-color: #CBD5E1;">
              <tr bgcolor="#F8FAFC"><td><b>Escenario</b></td><td>1_Cultivos_Ladera_Calpi</td></tr>
              <tr><td><b>Superficie Útil</b></td><td><b>0.0996 ha</b> (996.1 m²)</td></tr>
              <tr bgcolor="#F8FAFC"><td><b>Vértices LADM</b></td><td>7 vértices (Conforme 4-10)</td></tr>
              <tr><td><b>Clase de Uso</b></td><td>Cultivo_Verde_Intensivo</td></tr>
              <tr bgcolor="#F8FAFC"><td><b>Solape Habitacional</b></td><td>0.00% (Segregado LADM)</td></tr>
              <tr><td><b>Lindero Vial</b></td><td>Infranqueable (Búfer LPIS 3.5m)</td></tr>
              <tr bgcolor="#F8FAFC"><td><b>Estándar Registral</b></td><td>✅ 100% Conforme ISO 19152</td></tr>
            </table>
          </div>
        ]]></description>
      <Polygon>
        <outerBoundaryIs><LinearRing>
          <coordinates>-78.78419280052185,-1.6343325908410007,0 -78.7842732667923,-1.6344022998943688,0 -78.78428936004639,-1.6344344733036156,0 -78.78412306308746,-1.634681136107841,0 -78.78400504589081,-1.6347937430402049,0 -78.78388702869415,-1.6346757738729667,0 -78.78415524959564,-1.6343433153107496,0 -78.78419280052185,-1.6343325908410007,0</coordinates>
        </LinearRing></outerBoundaryIs>
      </Polygon>
      </Placemark>
      <Placemark>
        <name>UPA-046 (0.10 ha)</name>
        <styleUrl>#upa_wireframe_style</styleUrl>
        <description><![CDATA[
          <div style="font-family: Arial, sans-serif; font-size: 12px; color: #1E293B;">
            <h3 style="color: #0F766E; margin-bottom: 4px;">FICHA PREDIAL: UPA-046</h3>
            <table border="1" cellpadding="4" cellspacing="0" style="border-collapse: collapse; width: 100%; border-color: #CBD5E1;">
              <tr bgcolor="#F8FAFC"><td><b>Escenario</b></td><td>1_Cultivos_Ladera_Calpi</td></tr>
              <tr><td><b>Superficie Útil</b></td><td><b>0.0995 ha</b> (994.8 m²)</td></tr>
              <tr bgcolor="#F8FAFC"><td><b>Vértices LADM</b></td><td>7 vértices (Conforme 4-10)</td></tr>
              <tr><td><b>Clase de Uso</b></td><td>Cultivo_Verde_Intensivo</td></tr>
              <tr bgcolor="#F8FAFC"><td><b>Solape Habitacional</b></td><td>0.00% (Segregado LADM)</td></tr>
              <tr><td><b>Lindero Vial</b></td><td>Infranqueable (Búfer LPIS 3.5m)</td></tr>
              <tr bgcolor="#F8FAFC"><td><b>Estándar Registral</b></td><td>✅ 100% Conforme ISO 19152</td></tr>
            </table>
          </div>
        ]]></description>
      <Polygon>
        <outerBoundaryIs><LinearRing>
          <coordinates>-78.78286242485046,-1.6354318489902664,0 -78.78307700157166,-1.6356517006201197,0 -78.78312528133392,-1.6356731495596175,0 -78.78314673900604,-1.635619527210873,0 -78.7832647562027,-1.6357321341432367,0 -78.7831038236618,-1.6359037256592195,0 -78.78286242485046,-1.6356785117944919,0 -78.78286242485046,-1.6354318489902664,0</coordinates>
        </LinearRing></outerBoundaryIs>
      </Polygon>
      </Placemark>
      <Placemark>
        <name>UPA-047 (0.09 ha)</name>
        <styleUrl>#upa_wireframe_style</styleUrl>
        <description><![CDATA[
          <div style="font-family: Arial, sans-serif; font-size: 12px; color: #1E293B;">
            <h3 style="color: #0F766E; margin-bottom: 4px;">FICHA PREDIAL: UPA-047</h3>
            <table border="1" cellpadding="4" cellspacing="0" style="border-collapse: collapse; width: 100%; border-color: #CBD5E1;">
              <tr bgcolor="#F8FAFC"><td><b>Escenario</b></td><td>1_Cultivos_Ladera_Calpi</td></tr>
              <tr><td><b>Superficie Útil</b></td><td><b>0.0927 ha</b> (927.3 m²)</td></tr>
              <tr bgcolor="#F8FAFC"><td><b>Vértices LADM</b></td><td>10 vértices (Conforme 4-10)</td></tr>
              <tr><td><b>Clase de Uso</b></td><td>Cultivo_Verde_Intensivo</td></tr>
              <tr bgcolor="#F8FAFC"><td><b>Solape Habitacional</b></td><td>0.00% (Segregado LADM)</td></tr>
              <tr><td><b>Lindero Vial</b></td><td>Infranqueable (Búfer LPIS 3.5m)</td></tr>
              <tr bgcolor="#F8FAFC"><td><b>Estándar Registral</b></td><td>✅ 100% Conforme ISO 19152</td></tr>
            </table>
          </div>
        ]]></description>
      <Polygon>
        <outerBoundaryIs><LinearRing>
          <coordinates>-78.7856251001358,-1.6345363557662305,0 -78.78597378730774,-1.6348688143284473,0 -78.78608644008636,-1.634874176563322,0 -78.7861293554306,-1.635024319139807,0 -78.78617227077484,-1.6350511303141793,0 -78.78620982170105,-1.634933161146941,0 -78.78614452640173,-1.6348713641615704,0 -78.7861293554306,-1.634863452093573,0 -78.7860582493617,-1.6347897095702772,0 -78.78570556640625,-1.6344559222431134,0 -78.7856251001358,-1.6345363557662305,0</coordinates>
        </LinearRing></outerBoundaryIs>
      </Polygon>
      </Placemark>
      <Placemark>
        <name>UPA-048 (0.09 ha)</name>
        <styleUrl>#upa_wireframe_style</styleUrl>
        <description><![CDATA[
          <div style="font-family: Arial, sans-serif; font-size: 12px; color: #1E293B;">
            <h3 style="color: #0F766E; margin-bottom: 4px;">FICHA PREDIAL: UPA-048</h3>
            <table border="1" cellpadding="4" cellspacing="0" style="border-collapse: collapse; width: 100%; border-color: #CBD5E1;">
              <tr bgcolor="#F8FAFC"><td><b>Escenario</b></td><td>1_Cultivos_Ladera_Calpi</td></tr>
              <tr><td><b>Superficie Útil</b></td><td><b>0.0936 ha</b> (936.4 m²)</td></tr>
              <tr bgcolor="#F8FAFC"><td><b>Vértices LADM</b></td><td>6 vértices (Conforme 4-10)</td></tr>
              <tr><td><b>Clase de Uso</b></td><td>Cultivo_Verde_Intensivo</td></tr>
              <tr bgcolor="#F8FAFC"><td><b>Solape Habitacional</b></td><td>0.00% (Segregado LADM)</td></tr>
              <tr><td><b>Lindero Vial</b></td><td>Infranqueable (Búfer LPIS 3.5m)</td></tr>
              <tr bgcolor="#F8FAFC"><td><b>Estándar Registral</b></td><td>✅ 100% Conforme ISO 19152</td></tr>
            </table>
          </div>
        ]]></description>
      <Polygon>
        <outerBoundaryIs><LinearRing>
          <coordinates>-78.78692865371704,-1.6328526140156479,0 -78.78681063652039,-1.6331260879942457,0 -78.78676772117615,-1.6331153635244968,0 -78.78675162792206,-1.633142174698869,0 -78.78665506839752,-1.633072465645501,0 -78.78647267818451,-1.6328579762505224,0 -78.78692865371704,-1.6328526140156479,0</coordinates>
        </LinearRing></outerBoundaryIs>
      </Polygon>
      </Placemark>
      <Placemark>
        <name>UPA-049 (0.09 ha)</name>
        <styleUrl>#upa_wireframe_style</styleUrl>
        <description><![CDATA[
          <div style="font-family: Arial, sans-serif; font-size: 12px; color: #1E293B;">
            <h3 style="color: #0F766E; margin-bottom: 4px;">FICHA PREDIAL: UPA-049</h3>
            <table border="1" cellpadding="4" cellspacing="0" style="border-collapse: collapse; width: 100%; border-color: #CBD5E1;">
              <tr bgcolor="#F8FAFC"><td><b>Escenario</b></td><td>1_Cultivos_Ladera_Calpi</td></tr>
              <tr><td><b>Superficie Útil</b></td><td><b>0.0872 ha</b> (872.0 m²)</td></tr>
              <tr bgcolor="#F8FAFC"><td><b>Vértices LADM</b></td><td>7 vértices (Conforme 4-10)</td></tr>
              <tr><td><b>Clase de Uso</b></td><td>Cultivo_Verde_Intensivo</td></tr>
              <tr bgcolor="#F8FAFC"><td><b>Solape Habitacional</b></td><td>0.00% (Segregado LADM)</td></tr>
              <tr><td><b>Lindero Vial</b></td><td>Infranqueable (Búfer LPIS 3.5m)</td></tr>
              <tr bgcolor="#F8FAFC"><td><b>Estándar Registral</b></td><td>✅ 100% Conforme ISO 19152</td></tr>
            </table>
          </div>
        ]]></description>
      <Polygon>
        <outerBoundaryIs><LinearRing>
          <coordinates>-78.78408551216125,-1.6342199839086369,0 -78.7841659784317,-1.6343111419015028,0 -78.78403186798096,-1.6344934578872348,0 -78.78387093544006,-1.6346704116380921,0 -78.7837690114975,-1.634552442470854,0 -78.78390848636627,-1.6343862131897453,0 -78.78406941890717,-1.6342199839086369,0 -78.78408551216125,-1.6342199839086369,0</coordinates>
        </LinearRing></outerBoundaryIs>
      </Polygon>
      </Placemark>
      <Placemark>
        <name>UPA-050 (0.09 ha)</name>
        <styleUrl>#upa_wireframe_style</styleUrl>
        <description><![CDATA[
          <div style="font-family: Arial, sans-serif; font-size: 12px; color: #1E293B;">
            <h3 style="color: #0F766E; margin-bottom: 4px;">FICHA PREDIAL: UPA-050</h3>
            <table border="1" cellpadding="4" cellspacing="0" style="border-collapse: collapse; width: 100%; border-color: #CBD5E1;">
              <tr bgcolor="#F8FAFC"><td><b>Escenario</b></td><td>1_Cultivos_Ladera_Calpi</td></tr>
              <tr><td><b>Superficie Útil</b></td><td><b>0.0864 ha</b> (864.1 m²)</td></tr>
              <tr bgcolor="#F8FAFC"><td><b>Vértices LADM</b></td><td>4 vértices (Conforme 4-10)</td></tr>
              <tr><td><b>Clase de Uso</b></td><td>Cultivo_Verde_Intensivo</td></tr>
              <tr bgcolor="#F8FAFC"><td><b>Solape Habitacional</b></td><td>0.00% (Segregado LADM)</td></tr>
              <tr><td><b>Lindero Vial</b></td><td>Infranqueable (Búfer LPIS 3.5m)</td></tr>
              <tr bgcolor="#F8FAFC"><td><b>Estándar Registral</b></td><td>✅ 100% Conforme ISO 19152</td></tr>
            </table>
          </div>
        ]]></description>
      <Polygon>
        <outerBoundaryIs><LinearRing>
          <coordinates>-78.78439664840698,-1.6356248894457472,0 -78.78457903862,-1.6358072054314792,0 -78.78442347049713,-1.6360431437659557,0 -78.78424644470215,-1.6358501033104749,0 -78.78439664840698,-1.6356248894457472,0</coordinates>
        </LinearRing></outerBoundaryIs>
      </Polygon>
      </Placemark>
      <Placemark>
        <name>UPA-051 (0.09 ha)</name>
        <styleUrl>#upa_wireframe_style</styleUrl>
        <description><![CDATA[
          <div style="font-family: Arial, sans-serif; font-size: 12px; color: #1E293B;">
            <h3 style="color: #0F766E; margin-bottom: 4px;">FICHA PREDIAL: UPA-051</h3>
            <table border="1" cellpadding="4" cellspacing="0" style="border-collapse: collapse; width: 100%; border-color: #CBD5E1;">
              <tr bgcolor="#F8FAFC"><td><b>Escenario</b></td><td>1_Cultivos_Ladera_Calpi</td></tr>
              <tr><td><b>Superficie Útil</b></td><td><b>0.0860 ha</b> (860.0 m²)</td></tr>
              <tr bgcolor="#F8FAFC"><td><b>Vértices LADM</b></td><td>7 vértices (Conforme 4-10)</td></tr>
              <tr><td><b>Clase de Uso</b></td><td>Pastizal_Mixto</td></tr>
              <tr bgcolor="#F8FAFC"><td><b>Solape Habitacional</b></td><td>0.00% (Segregado LADM)</td></tr>
              <tr><td><b>Lindero Vial</b></td><td>Infranqueable (Búfer LPIS 3.5m)</td></tr>
              <tr bgcolor="#F8FAFC"><td><b>Estándar Registral</b></td><td>✅ 100% Conforme ISO 19152</td></tr>
            </table>
          </div>
        ]]></description>
      <Polygon>
        <outerBoundaryIs><LinearRing>
          <coordinates>-78.78295361995697,-1.6332279704568606,0 -78.78309845924377,-1.6333459396240988,0 -78.7832111120224,-1.6334102864425923,0 -78.78327012062073,-1.6333995619728434,0 -78.78332376480103,-1.6334478220867137,0 -78.78317892551422,-1.6336301380724456,0 -78.78287315368652,-1.633313766214852,0 -78.78295361995697,-1.6332279704568606,0</coordinates>
        </LinearRing></outerBoundaryIs>
      </Polygon>
      </Placemark>
      <Placemark>
        <name>UPA-052 (0.08 ha)</name>
        <styleUrl>#upa_wireframe_style</styleUrl>
        <description><![CDATA[
          <div style="font-family: Arial, sans-serif; font-size: 12px; color: #1E293B;">
            <h3 style="color: #0F766E; margin-bottom: 4px;">FICHA PREDIAL: UPA-052</h3>
            <table border="1" cellpadding="4" cellspacing="0" style="border-collapse: collapse; width: 100%; border-color: #CBD5E1;">
              <tr bgcolor="#F8FAFC"><td><b>Escenario</b></td><td>1_Cultivos_Ladera_Calpi</td></tr>
              <tr><td><b>Superficie Útil</b></td><td><b>0.0801 ha</b> (801.2 m²)</td></tr>
              <tr bgcolor="#F8FAFC"><td><b>Vértices LADM</b></td><td>6 vértices (Conforme 4-10)</td></tr>
              <tr><td><b>Clase de Uso</b></td><td>Cultivo_Verde_Intensivo</td></tr>
              <tr bgcolor="#F8FAFC"><td><b>Solape Habitacional</b></td><td>0.00% (Segregado LADM)</td></tr>
              <tr><td><b>Lindero Vial</b></td><td>Infranqueable (Búfer LPIS 3.5m)</td></tr>
              <tr bgcolor="#F8FAFC"><td><b>Estándar Registral</b></td><td>✅ 100% Conforme ISO 19152</td></tr>
            </table>
          </div>
        ]]></description>
      <Polygon>
        <outerBoundaryIs><LinearRing>
          <coordinates>-78.78314137458801,-1.6341449126203944,0 -78.78324329853058,-1.634209259438888,0 -78.7833559513092,-1.6343325908410007,0 -78.78319501876831,-1.6344880956523602,0 -78.78299653530121,-1.634300417431754,0 -78.78299653530121,-1.634278968492256,0 -78.78314137458801,-1.6341449126203944,0</coordinates>
        </LinearRing></outerBoundaryIs>
      </Polygon>
      </Placemark>
      <Placemark>
        <name>UPA-053 (0.08 ha)</name>
        <styleUrl>#upa_wireframe_style</styleUrl>
        <description><![CDATA[
          <div style="font-family: Arial, sans-serif; font-size: 12px; color: #1E293B;">
            <h3 style="color: #0F766E; margin-bottom: 4px;">FICHA PREDIAL: UPA-053</h3>
            <table border="1" cellpadding="4" cellspacing="0" style="border-collapse: collapse; width: 100%; border-color: #CBD5E1;">
              <tr bgcolor="#F8FAFC"><td><b>Escenario</b></td><td>1_Cultivos_Ladera_Calpi</td></tr>
              <tr><td><b>Superficie Útil</b></td><td><b>0.0799 ha</b> (799.0 m²)</td></tr>
              <tr bgcolor="#F8FAFC"><td><b>Vértices LADM</b></td><td>7 vértices (Conforme 4-10)</td></tr>
              <tr><td><b>Clase de Uso</b></td><td>Cultivo_Verde_Intensivo</td></tr>
              <tr bgcolor="#F8FAFC"><td><b>Solape Habitacional</b></td><td>0.00% (Segregado LADM)</td></tr>
              <tr><td><b>Lindero Vial</b></td><td>Infranqueable (Búfer LPIS 3.5m)</td></tr>
              <tr bgcolor="#F8FAFC"><td><b>Estándar Registral</b></td><td>✅ 100% Conforme ISO 19152</td></tr>
            </table>
          </div>
        ]]></description>
      <Polygon>
        <outerBoundaryIs><LinearRing>
          <coordinates>-78.7843805551529,-1.6364292246769174,0 -78.78462731838226,-1.6366598007765194,0 -78.78454148769379,-1.6368421167622513,0 -78.78449320793152,-1.6368260300576278,0 -78.78440201282501,-1.6367348720647619,0 -78.7843108177185,-1.636584729488277,0 -78.7843805551529,-1.6364721225559131,0 -78.7843805551529,-1.6364292246769174,0</coordinates>
        </LinearRing></outerBoundaryIs>
      </Polygon>
      </Placemark>
      <Placemark>
        <name>UPA-054 (0.08 ha)</name>
        <styleUrl>#upa_wireframe_style</styleUrl>
        <description><![CDATA[
          <div style="font-family: Arial, sans-serif; font-size: 12px; color: #1E293B;">
            <h3 style="color: #0F766E; margin-bottom: 4px;">FICHA PREDIAL: UPA-054</h3>
            <table border="1" cellpadding="4" cellspacing="0" style="border-collapse: collapse; width: 100%; border-color: #CBD5E1;">
              <tr bgcolor="#F8FAFC"><td><b>Escenario</b></td><td>1_Cultivos_Ladera_Calpi</td></tr>
              <tr><td><b>Superficie Útil</b></td><td><b>0.0776 ha</b> (776.2 m²)</td></tr>
              <tr bgcolor="#F8FAFC"><td><b>Vértices LADM</b></td><td>9 vértices (Conforme 4-10)</td></tr>
              <tr><td><b>Clase de Uso</b></td><td>Cultivo_Verde_Intensivo</td></tr>
              <tr bgcolor="#F8FAFC"><td><b>Solape Habitacional</b></td><td>0.00% (Segregado LADM)</td></tr>
              <tr><td><b>Lindero Vial</b></td><td>Infranqueable (Búfer LPIS 3.5m)</td></tr>
              <tr bgcolor="#F8FAFC"><td><b>Estándar Registral</b></td><td>✅ 100% Conforme ISO 19152</td></tr>
            </table>
          </div>
        ]]></description>
      <Polygon>
        <outerBoundaryIs><LinearRing>
          <coordinates>-78.78432154655457,-1.6359734347125876,0 -78.78422498703003,-1.635839378840726,0 -78.78408014774323,-1.635930536833592,0 -78.78405332565308,-1.6359948836520855,0 -78.78406941890717,-1.6362093730470642,0 -78.78410986785231,-1.6362017919563796,0 -78.7841314768641,-1.6361891479265784,0 -78.78419879604789,-1.6361497576122765,0 -78.78431618213654,-1.6360324192962068,0 -78.78432154655457,-1.6359734347125876,0</coordinates>
        </LinearRing></outerBoundaryIs>
      </Polygon>
      </Placemark>
      <Placemark>
        <name>UPA-055 (0.08 ha)</name>
        <styleUrl>#upa_wireframe_style</styleUrl>
        <description><![CDATA[
          <div style="font-family: Arial, sans-serif; font-size: 12px; color: #1E293B;">
            <h3 style="color: #0F766E; margin-bottom: 4px;">FICHA PREDIAL: UPA-055</h3>
            <table border="1" cellpadding="4" cellspacing="0" style="border-collapse: collapse; width: 100%; border-color: #CBD5E1;">
              <tr bgcolor="#F8FAFC"><td><b>Escenario</b></td><td>1_Cultivos_Ladera_Calpi</td></tr>
              <tr><td><b>Superficie Útil</b></td><td><b>0.0775 ha</b> (774.9 m²)</td></tr>
              <tr bgcolor="#F8FAFC"><td><b>Vértices LADM</b></td><td>7 vértices (Conforme 4-10)</td></tr>
              <tr><td><b>Clase de Uso</b></td><td>Pastizal_Mixto</td></tr>
              <tr bgcolor="#F8FAFC"><td><b>Solape Habitacional</b></td><td>0.00% (Segregado LADM)</td></tr>
              <tr><td><b>Lindero Vial</b></td><td>Infranqueable (Búfer LPIS 3.5m)</td></tr>
              <tr bgcolor="#F8FAFC"><td><b>Estándar Registral</b></td><td>✅ 100% Conforme ISO 19152</td></tr>
            </table>
          </div>
        ]]></description>
      <Polygon>
        <outerBoundaryIs><LinearRing>
          <coordinates>-78.78374755382538,-1.6338928875812944,0 -78.78392457962036,-1.634069841332152,0 -78.7838065624237,-1.6340215812182817,0 -78.78369390964508,-1.6341717237947668,0 -78.78375291824341,-1.6342575195527582,0 -78.78364026546478,-1.6343647642502475,0 -78.78352224826813,-1.6342360706132604,0 -78.78374755382538,-1.6338928875812944,0</coordinates>
        </LinearRing></outerBoundaryIs>
      </Polygon>
      </Placemark>
      <Placemark>
        <name>UPA-056 (0.08 ha)</name>
        <styleUrl>#upa_wireframe_style</styleUrl>
        <description><![CDATA[
          <div style="font-family: Arial, sans-serif; font-size: 12px; color: #1E293B;">
            <h3 style="color: #0F766E; margin-bottom: 4px;">FICHA PREDIAL: UPA-056</h3>
            <table border="1" cellpadding="4" cellspacing="0" style="border-collapse: collapse; width: 100%; border-color: #CBD5E1;">
              <tr bgcolor="#F8FAFC"><td><b>Escenario</b></td><td>1_Cultivos_Ladera_Calpi</td></tr>
              <tr><td><b>Superficie Útil</b></td><td><b>0.0758 ha</b> (758.1 m²)</td></tr>
              <tr bgcolor="#F8FAFC"><td><b>Vértices LADM</b></td><td>6 vértices (Conforme 4-10)</td></tr>
              <tr><td><b>Clase de Uso</b></td><td>Cultivo_Verde_Intensivo</td></tr>
              <tr bgcolor="#F8FAFC"><td><b>Solape Habitacional</b></td><td>0.00% (Segregado LADM)</td></tr>
              <tr><td><b>Lindero Vial</b></td><td>Infranqueable (Búfer LPIS 3.5m)</td></tr>
              <tr bgcolor="#F8FAFC"><td><b>Estándar Registral</b></td><td>✅ 100% Conforme ISO 19152</td></tr>
            </table>
          </div>
        ]]></description>
      <Polygon>
        <outerBoundaryIs><LinearRing>
          <coordinates>-78.78634929656982,-1.6357750320222324,0 -78.78637611865997,-1.6357535830827346,0 -78.78645658493042,-1.6357643075524835,0 -78.78714323043823,-1.636091403879826,0 -78.78714859485626,-1.6361611129331939,0 -78.78645122051239,-1.6358554655453494,0 -78.78634929656982,-1.6357750320222324,0</coordinates>
        </LinearRing></outerBoundaryIs>
      </Polygon>
      </Placemark>
      <Placemark>
        <name>UPA-057 (0.08 ha)</name>
        <styleUrl>#upa_wireframe_style</styleUrl>
        <description><![CDATA[
          <div style="font-family: Arial, sans-serif; font-size: 12px; color: #1E293B;">
            <h3 style="color: #0F766E; margin-bottom: 4px;">FICHA PREDIAL: UPA-057</h3>
            <table border="1" cellpadding="4" cellspacing="0" style="border-collapse: collapse; width: 100%; border-color: #CBD5E1;">
              <tr bgcolor="#F8FAFC"><td><b>Escenario</b></td><td>1_Cultivos_Ladera_Calpi</td></tr>
              <tr><td><b>Superficie Útil</b></td><td><b>0.0755 ha</b> (755.3 m²)</td></tr>
              <tr bgcolor="#F8FAFC"><td><b>Vértices LADM</b></td><td>6 vértices (Conforme 4-10)</td></tr>
              <tr><td><b>Clase de Uso</b></td><td>Cultivo_Verde_Intensivo</td></tr>
              <tr bgcolor="#F8FAFC"><td><b>Solape Habitacional</b></td><td>0.00% (Segregado LADM)</td></tr>
              <tr><td><b>Lindero Vial</b></td><td>Infranqueable (Búfer LPIS 3.5m)</td></tr>
              <tr bgcolor="#F8FAFC"><td><b>Estándar Registral</b></td><td>✅ 100% Conforme ISO 19152</td></tr>
            </table>
          </div>
        ]]></description>
      <Polygon>
        <outerBoundaryIs><LinearRing>
          <coordinates>-78.78338813781738,-1.6349492478515644,0 -78.78368854522705,-1.6352602574742836,0 -78.78361880779266,-1.635356777702024,0 -78.78347396850586,-1.6352602574742836,0 -78.78334522247314,-1.6351101148977985,0 -78.783318400383,-1.635024319139807,0 -78.78338813781738,-1.6349492478515644,0</coordinates>
        </LinearRing></outerBoundaryIs>
      </Polygon>
      </Placemark>
      <Placemark>
        <name>UPA-058 (0.06 ha)</name>
        <styleUrl>#upa_wireframe_style</styleUrl>
        <description><![CDATA[
          <div style="font-family: Arial, sans-serif; font-size: 12px; color: #1E293B;">
            <h3 style="color: #0F766E; margin-bottom: 4px;">FICHA PREDIAL: UPA-058</h3>
            <table border="1" cellpadding="4" cellspacing="0" style="border-collapse: collapse; width: 100%; border-color: #CBD5E1;">
              <tr bgcolor="#F8FAFC"><td><b>Escenario</b></td><td>1_Cultivos_Ladera_Calpi</td></tr>
              <tr><td><b>Superficie Útil</b></td><td><b>0.0641 ha</b> (641.2 m²)</td></tr>
              <tr bgcolor="#F8FAFC"><td><b>Vértices LADM</b></td><td>8 vértices (Conforme 4-10)</td></tr>
              <tr><td><b>Clase de Uso</b></td><td>Pastizal_Mixto</td></tr>
              <tr bgcolor="#F8FAFC"><td><b>Solape Habitacional</b></td><td>0.00% (Segregado LADM)</td></tr>
              <tr><td><b>Lindero Vial</b></td><td>Infranqueable (Búfer LPIS 3.5m)</td></tr>
              <tr bgcolor="#F8FAFC"><td><b>Estándar Registral</b></td><td>✅ 100% Conforme ISO 19152</td></tr>
            </table>
          </div>
        ]]></description>
      <Polygon>
        <outerBoundaryIs><LinearRing>
          <coordinates>-78.78675699234009,-1.635035043609556,0 -78.78669261932373,-1.635024319139807,0 -78.7866017921737,-1.6352422155865471,0 -78.78671514021384,-1.6353625988669103,0 -78.78673083560412,-1.635363719509962,0 -78.78679198260072,-1.6352709825129919,0 -78.78685573517288,-1.6351742938378522,0 -78.78686964511871,-1.6351369260721709,0 -78.78675699234009,-1.635035043609556,0</coordinates>
        </LinearRing></outerBoundaryIs>
      </Polygon>
      </Placemark>
      <Placemark>
        <name>UPA-059 (0.07 ha)</name>
        <styleUrl>#upa_wireframe_style</styleUrl>
        <description><![CDATA[
          <div style="font-family: Arial, sans-serif; font-size: 12px; color: #1E293B;">
            <h3 style="color: #0F766E; margin-bottom: 4px;">FICHA PREDIAL: UPA-059</h3>
            <table border="1" cellpadding="4" cellspacing="0" style="border-collapse: collapse; width: 100%; border-color: #CBD5E1;">
              <tr bgcolor="#F8FAFC"><td><b>Escenario</b></td><td>1_Cultivos_Ladera_Calpi</td></tr>
              <tr><td><b>Superficie Útil</b></td><td><b>0.0687 ha</b> (687.0 m²)</td></tr>
              <tr bgcolor="#F8FAFC"><td><b>Vértices LADM</b></td><td>5 vértices (Conforme 4-10)</td></tr>
              <tr><td><b>Clase de Uso</b></td><td>Cultivo_Verde_Intensivo</td></tr>
              <tr bgcolor="#F8FAFC"><td><b>Solape Habitacional</b></td><td>0.00% (Segregado LADM)</td></tr>
              <tr><td><b>Lindero Vial</b></td><td>Infranqueable (Búfer LPIS 3.5m)</td></tr>
              <tr bgcolor="#F8FAFC"><td><b>Estándar Registral</b></td><td>✅ 100% Conforme ISO 19152</td></tr>
            </table>
          </div>
        ]]></description>
      <Polygon>
        <outerBoundaryIs><LinearRing>
          <coordinates>-78.7837690114975,-1.634772294100707,0 -78.78398895263672,-1.6349653345561879,0 -78.78384411334991,-1.6351530127767941,0 -78.78368318080902,-1.6350404058444303,0 -78.78376364707947,-1.6349117122074432,0 -78.7837690114975,-1.634772294100707,0</coordinates>
        </LinearRing></outerBoundaryIs>
      </Polygon>
      </Placemark>
      <Placemark>
        <name>UPA-060 (0.07 ha)</name>
        <styleUrl>#upa_wireframe_style</styleUrl>
        <description><![CDATA[
          <div style="font-family: Arial, sans-serif; font-size: 12px; color: #1E293B;">
            <h3 style="color: #0F766E; margin-bottom: 4px;">FICHA PREDIAL: UPA-060</h3>
            <table border="1" cellpadding="4" cellspacing="0" style="border-collapse: collapse; width: 100%; border-color: #CBD5E1;">
              <tr bgcolor="#F8FAFC"><td><b>Escenario</b></td><td>1_Cultivos_Ladera_Calpi</td></tr>
              <tr><td><b>Superficie Útil</b></td><td><b>0.0684 ha</b> (683.8 m²)</td></tr>
              <tr bgcolor="#F8FAFC"><td><b>Vértices LADM</b></td><td>5 vértices (Conforme 4-10)</td></tr>
              <tr><td><b>Clase de Uso</b></td><td>Cultivo_Verde_Intensivo</td></tr>
              <tr bgcolor="#F8FAFC"><td><b>Solape Habitacional</b></td><td>0.00% (Segregado LADM)</td></tr>
              <tr><td><b>Lindero Vial</b></td><td>Infranqueable (Búfer LPIS 3.5m)</td></tr>
              <tr bgcolor="#F8FAFC"><td><b>Estándar Registral</b></td><td>✅ 100% Conforme ISO 19152</td></tr>
            </table>
          </div>
        ]]></description>
      <Polygon>
        <outerBoundaryIs><LinearRing>
          <coordinates>-78.78394603729248,-1.6332655061009818,0 -78.7841123342514,-1.6334317353820902,0 -78.7839674949646,-1.6335979646631988,0 -78.78383338451385,-1.6335014444354583,0 -78.78379046916962,-1.6334424598518391,0 -78.78394603729248,-1.6332655061009818,0</coordinates>
        </LinearRing></outerBoundaryIs>
      </Polygon>
      </Placemark>
      <Placemark>
        <name>UPA-061 (0.07 ha)</name>
        <styleUrl>#upa_wireframe_style</styleUrl>
        <description><![CDATA[
          <div style="font-family: Arial, sans-serif; font-size: 12px; color: #1E293B;">
            <h3 style="color: #0F766E; margin-bottom: 4px;">FICHA PREDIAL: UPA-061</h3>
            <table border="1" cellpadding="4" cellspacing="0" style="border-collapse: collapse; width: 100%; border-color: #CBD5E1;">
              <tr bgcolor="#F8FAFC"><td><b>Escenario</b></td><td>1_Cultivos_Ladera_Calpi</td></tr>
              <tr><td><b>Superficie Útil</b></td><td><b>0.0670 ha</b> (670.4 m²)</td></tr>
              <tr bgcolor="#F8FAFC"><td><b>Vértices LADM</b></td><td>6 vértices (Conforme 4-10)</td></tr>
              <tr><td><b>Clase de Uso</b></td><td>Cultivo_Verde_Intensivo</td></tr>
              <tr bgcolor="#F8FAFC"><td><b>Solape Habitacional</b></td><td>0.00% (Segregado LADM)</td></tr>
              <tr><td><b>Lindero Vial</b></td><td>Infranqueable (Búfer LPIS 3.5m)</td></tr>
              <tr bgcolor="#F8FAFC"><td><b>Estándar Registral</b></td><td>✅ 100% Conforme ISO 19152</td></tr>
            </table>
          </div>
        ]]></description>
      <Polygon>
        <outerBoundaryIs><LinearRing>
          <coordinates>-78.78323256969452,-1.6367402342996364,0 -78.78328621387482,-1.6367992188832556,0 -78.78339350223541,-1.6367670454740086,0 -78.78343641757965,-1.6369439992248662,0 -78.78329694271088,-1.6370351572177322,0 -78.7831199169159,-1.636885014641247,0 -78.78323256969452,-1.6367402342996364,0</coordinates>
        </LinearRing></outerBoundaryIs>
      </Polygon>
      </Placemark>
      <Placemark>
        <name>UPA-062 (0.07 ha)</name>
        <styleUrl>#upa_wireframe_style</styleUrl>
        <description><![CDATA[
          <div style="font-family: Arial, sans-serif; font-size: 12px; color: #1E293B;">
            <h3 style="color: #0F766E; margin-bottom: 4px;">FICHA PREDIAL: UPA-062</h3>
            <table border="1" cellpadding="4" cellspacing="0" style="border-collapse: collapse; width: 100%; border-color: #CBD5E1;">
              <tr bgcolor="#F8FAFC"><td><b>Escenario</b></td><td>1_Cultivos_Ladera_Calpi</td></tr>
              <tr><td><b>Superficie Útil</b></td><td><b>0.0655 ha</b> (654.6 m²)</td></tr>
              <tr bgcolor="#F8FAFC"><td><b>Vértices LADM</b></td><td>7 vértices (Conforme 4-10)</td></tr>
              <tr><td><b>Clase de Uso</b></td><td>Cultivo_Verde_Intensivo</td></tr>
              <tr bgcolor="#F8FAFC"><td><b>Solape Habitacional</b></td><td>0.00% (Segregado LADM)</td></tr>
              <tr><td><b>Lindero Vial</b></td><td>Infranqueable (Búfer LPIS 3.5m)</td></tr>
              <tr bgcolor="#F8FAFC"><td><b>Estándar Registral</b></td><td>✅ 100% Conforme ISO 19152</td></tr>
            </table>
          </div>
        ]]></description>
      <Polygon>
        <outerBoundaryIs><LinearRing>
          <coordinates>-78.78395140171051,-1.6341020147413987,0 -78.78406941890717,-1.634209259438888,0 -78.7838762998581,-1.6344183865989923,0 -78.78383874893188,-1.6344291110687412,0 -78.78381729125977,-1.634359402015373,0 -78.78373682498932,-1.634300417431754,0 -78.7839138507843,-1.634107376976273,0 -78.78395140171051,-1.6341020147413987,0</coordinates>
        </LinearRing></outerBoundaryIs>
      </Polygon>
      </Placemark>
      <Placemark>
        <name>UPA-063 (0.06 ha)</name>
        <styleUrl>#upa_wireframe_style</styleUrl>
        <description><![CDATA[
          <div style="font-family: Arial, sans-serif; font-size: 12px; color: #1E293B;">
            <h3 style="color: #0F766E; margin-bottom: 4px;">FICHA PREDIAL: UPA-063</h3>
            <table border="1" cellpadding="4" cellspacing="0" style="border-collapse: collapse; width: 100%; border-color: #CBD5E1;">
              <tr bgcolor="#F8FAFC"><td><b>Escenario</b></td><td>1_Cultivos_Ladera_Calpi</td></tr>
              <tr><td><b>Superficie Útil</b></td><td><b>0.0628 ha</b> (627.8 m²)</td></tr>
              <tr bgcolor="#F8FAFC"><td><b>Vértices LADM</b></td><td>5 vértices (Conforme 4-10)</td></tr>
              <tr><td><b>Clase de Uso</b></td><td>Cultivo_Verde_Intensivo</td></tr>
              <tr bgcolor="#F8FAFC"><td><b>Solape Habitacional</b></td><td>0.00% (Segregado LADM)</td></tr>
              <tr><td><b>Lindero Vial</b></td><td>Infranqueable (Búfer LPIS 3.5m)</td></tr>
              <tr bgcolor="#F8FAFC"><td><b>Estándar Registral</b></td><td>✅ 100% Conforme ISO 19152</td></tr>
            </table>
          </div>
        ]]></description>
      <Polygon>
        <outerBoundaryIs><LinearRing>
          <coordinates>-78.7863278388977,-1.63313145022912,0 -78.78629565238953,-1.6331153635244968,0 -78.7860757112503,-1.6328526140156479,0 -78.78639221191406,-1.6328526140156479,0 -78.78639757633209,-1.6329652209480117,0 -78.7863278388977,-1.63313145022912,0</coordinates>
        </LinearRing></outerBoundaryIs>
      </Polygon>
      </Placemark>
      <Placemark>
        <name>UPA-064 (0.06 ha)</name>
        <styleUrl>#upa_wireframe_style</styleUrl>
        <description><![CDATA[
          <div style="font-family: Arial, sans-serif; font-size: 12px; color: #1E293B;">
            <h3 style="color: #0F766E; margin-bottom: 4px;">FICHA PREDIAL: UPA-064</h3>
            <table border="1" cellpadding="4" cellspacing="0" style="border-collapse: collapse; width: 100%; border-color: #CBD5E1;">
              <tr bgcolor="#F8FAFC"><td><b>Escenario</b></td><td>1_Cultivos_Ladera_Calpi</td></tr>
              <tr><td><b>Superficie Útil</b></td><td><b>0.0627 ha</b> (627.3 m²)</td></tr>
              <tr bgcolor="#F8FAFC"><td><b>Vértices LADM</b></td><td>6 vértices (Conforme 4-10)</td></tr>
              <tr><td><b>Clase de Uso</b></td><td>Cultivo_Verde_Intensivo</td></tr>
              <tr bgcolor="#F8FAFC"><td><b>Solape Habitacional</b></td><td>0.00% (Segregado LADM)</td></tr>
              <tr><td><b>Lindero Vial</b></td><td>Infranqueable (Búfer LPIS 3.5m)</td></tr>
              <tr bgcolor="#F8FAFC"><td><b>Estándar Registral</b></td><td>✅ 100% Conforme ISO 19152</td></tr>
            </table>
          </div>
        ]]></description>
      <Polygon>
        <outerBoundaryIs><LinearRing>
          <coordinates>-78.78625273704529,-1.6361718374029428,0 -78.78633320331573,-1.6361664751680685,0 -78.78646194934845,-1.636230821986562,0 -78.78639757633209,-1.636311255509679,0 -78.7863439321518,-1.6364721225559131,0 -78.78617763519287,-1.636413137972294,0 -78.78625273704529,-1.6361718374029428,0</coordinates>
        </LinearRing></outerBoundaryIs>
      </Polygon>
      </Placemark>
      <Placemark>
        <name>UPA-065 (0.06 ha)</name>
        <styleUrl>#upa_wireframe_style</styleUrl>
        <description><![CDATA[
          <div style="font-family: Arial, sans-serif; font-size: 12px; color: #1E293B;">
            <h3 style="color: #0F766E; margin-bottom: 4px;">FICHA PREDIAL: UPA-065</h3>
            <table border="1" cellpadding="4" cellspacing="0" style="border-collapse: collapse; width: 100%; border-color: #CBD5E1;">
              <tr bgcolor="#F8FAFC"><td><b>Escenario</b></td><td>1_Cultivos_Ladera_Calpi</td></tr>
              <tr><td><b>Superficie Útil</b></td><td><b>0.0617 ha</b> (616.5 m²)</td></tr>
              <tr bgcolor="#F8FAFC"><td><b>Vértices LADM</b></td><td>6 vértices (Conforme 4-10)</td></tr>
              <tr><td><b>Clase de Uso</b></td><td>Cultivo_Verde_Intensivo</td></tr>
              <tr bgcolor="#F8FAFC"><td><b>Solape Habitacional</b></td><td>0.00% (Segregado LADM)</td></tr>
              <tr><td><b>Lindero Vial</b></td><td>Infranqueable (Búfer LPIS 3.5m)</td></tr>
              <tr bgcolor="#F8FAFC"><td><b>Estándar Registral</b></td><td>✅ 100% Conforme ISO 19152</td></tr>
            </table>
          </div>
        ]]></description>
      <Polygon>
        <outerBoundaryIs><LinearRing>
          <coordinates>-78.78475606441498,-1.6356999607339897,0 -78.78497064113617,-1.6358769144848473,0 -78.78493309020996,-1.63600024588696,0 -78.78484725952148,-1.635989521417211,0 -78.7846702337265,-1.635839378840726,0 -78.7846702337265,-1.6357750320222324,0 -78.78475606441498,-1.6356999607339897,0</coordinates>
        </LinearRing></outerBoundaryIs>
      </Polygon>
      </Placemark>
      <Placemark>
        <name>UPA-066 (0.06 ha)</name>
        <styleUrl>#upa_wireframe_style</styleUrl>
        <description><![CDATA[
          <div style="font-family: Arial, sans-serif; font-size: 12px; color: #1E293B;">
            <h3 style="color: #0F766E; margin-bottom: 4px;">FICHA PREDIAL: UPA-066</h3>
            <table border="1" cellpadding="4" cellspacing="0" style="border-collapse: collapse; width: 100%; border-color: #CBD5E1;">
              <tr bgcolor="#F8FAFC"><td><b>Escenario</b></td><td>1_Cultivos_Ladera_Calpi</td></tr>
              <tr><td><b>Superficie Útil</b></td><td><b>0.0590 ha</b> (590.1 m²)</td></tr>
              <tr bgcolor="#F8FAFC"><td><b>Vértices LADM</b></td><td>8 vértices (Conforme 4-10)</td></tr>
              <tr><td><b>Clase de Uso</b></td><td>Cultivo_Verde_Intensivo</td></tr>
              <tr bgcolor="#F8FAFC"><td><b>Solape Habitacional</b></td><td>0.00% (Segregado LADM)</td></tr>
              <tr><td><b>Lindero Vial</b></td><td>Infranqueable (Búfer LPIS 3.5m)</td></tr>
              <tr bgcolor="#F8FAFC"><td><b>Estándar Registral</b></td><td>✅ 100% Conforme ISO 19152</td></tr>
            </table>
          </div>
        ]]></description>
      <Polygon>
        <outerBoundaryIs><LinearRing>
          <coordinates>-78.78558218479156,-1.632911598599267,0 -78.78552854061127,-1.632992032122384,0 -78.78546953201294,-1.633051016706003,0 -78.78544270992279,-1.633051016706003,0 -78.78538906574249,-1.633013481061882,0 -78.78534078598022,-1.633002756592133,0 -78.78521203994751,-1.6328526140156479,0 -78.78559827804565,-1.6328526140156479,0 -78.78558218479156,-1.632911598599267,0</coordinates>
        </LinearRing></outerBoundaryIs>
      </Polygon>
      </Placemark>
      <Placemark>
        <name>UPA-067 (0.06 ha)</name>
        <styleUrl>#upa_wireframe_style</styleUrl>
        <description><![CDATA[
          <div style="font-family: Arial, sans-serif; font-size: 12px; color: #1E293B;">
            <h3 style="color: #0F766E; margin-bottom: 4px;">FICHA PREDIAL: UPA-067</h3>
            <table border="1" cellpadding="4" cellspacing="0" style="border-collapse: collapse; width: 100%; border-color: #CBD5E1;">
              <tr bgcolor="#F8FAFC"><td><b>Escenario</b></td><td>1_Cultivos_Ladera_Calpi</td></tr>
              <tr><td><b>Superficie Útil</b></td><td><b>0.0589 ha</b> (589.0 m²)</td></tr>
              <tr bgcolor="#F8FAFC"><td><b>Vértices LADM</b></td><td>8 vértices (Conforme 4-10)</td></tr>
              <tr><td><b>Clase de Uso</b></td><td>Cultivo_Verde_Intensivo</td></tr>
              <tr bgcolor="#F8FAFC"><td><b>Solape Habitacional</b></td><td>0.00% (Segregado LADM)</td></tr>
              <tr><td><b>Lindero Vial</b></td><td>Infranqueable (Búfer LPIS 3.5m)</td></tr>
              <tr bgcolor="#F8FAFC"><td><b>Estándar Registral</b></td><td>✅ 100% Conforme ISO 19152</td></tr>
            </table>
          </div>
        ]]></description>
      <Polygon>
        <outerBoundaryIs><LinearRing>
          <coordinates>-78.78327012062073,-1.6358661900150984,0 -78.78332376480103,-1.6359358990684663,0 -78.78350615501404,-1.6361182150541982,0 -78.78339886665344,-1.6362361842214366,0 -78.78337740898132,-1.6362361842214366,0 -78.78324329853058,-1.636091403879826,0 -78.7832647562027,-1.6359573480079643,0 -78.78323793411255,-1.6358769144848473,0 -78.78327012062073,-1.6358661900150984,0</coordinates>
        </LinearRing></outerBoundaryIs>
      </Polygon>
      </Placemark>
      <Placemark>
        <name>UPA-068 (0.06 ha)</name>
        <styleUrl>#upa_wireframe_style</styleUrl>
        <description><![CDATA[
          <div style="font-family: Arial, sans-serif; font-size: 12px; color: #1E293B;">
            <h3 style="color: #0F766E; margin-bottom: 4px;">FICHA PREDIAL: UPA-068</h3>
            <table border="1" cellpadding="4" cellspacing="0" style="border-collapse: collapse; width: 100%; border-color: #CBD5E1;">
              <tr bgcolor="#F8FAFC"><td><b>Escenario</b></td><td>1_Cultivos_Ladera_Calpi</td></tr>
              <tr><td><b>Superficie Útil</b></td><td><b>0.0576 ha</b> (576.3 m²)</td></tr>
              <tr bgcolor="#F8FAFC"><td><b>Vértices LADM</b></td><td>7 vértices (Conforme 4-10)</td></tr>
              <tr><td><b>Clase de Uso</b></td><td>Cultivo_Verde_Intensivo</td></tr>
              <tr bgcolor="#F8FAFC"><td><b>Solape Habitacional</b></td><td>0.00% (Segregado LADM)</td></tr>
              <tr><td><b>Lindero Vial</b></td><td>Infranqueable (Búfer LPIS 3.5m)</td></tr>
              <tr bgcolor="#F8FAFC"><td><b>Estándar Registral</b></td><td>✅ 100% Conforme ISO 19152</td></tr>
            </table>
          </div>
        ]]></description>
      <Polygon>
        <outerBoundaryIs><LinearRing>
          <coordinates>-78.7854266166687,-1.6348902632679454,0 -78.78553926944733,-1.63499214573056,0 -78.78553926944733,-1.635024319139807,0 -78.78539979457855,-1.6352495330045347,0 -78.78536224365234,-1.6351583750116687,0 -78.78528714179993,-1.6350993904280495,0 -78.78528714179993,-1.6350564925490538,0 -78.7854266166687,-1.6348902632679454,0</coordinates>
        </LinearRing></outerBoundaryIs>
      </Polygon>
      </Placemark>
      <Placemark>
        <name>UPA-069 (0.06 ha)</name>
        <styleUrl>#upa_wireframe_style</styleUrl>
        <description><![CDATA[
          <div style="font-family: Arial, sans-serif; font-size: 12px; color: #1E293B;">
            <h3 style="color: #0F766E; margin-bottom: 4px;">FICHA PREDIAL: UPA-069</h3>
            <table border="1" cellpadding="4" cellspacing="0" style="border-collapse: collapse; width: 100%; border-color: #CBD5E1;">
              <tr bgcolor="#F8FAFC"><td><b>Escenario</b></td><td>1_Cultivos_Ladera_Calpi</td></tr>
              <tr><td><b>Superficie Útil</b></td><td><b>0.0567 ha</b> (567.1 m²)</td></tr>
              <tr bgcolor="#F8FAFC"><td><b>Vértices LADM</b></td><td>7 vértices (Conforme 4-10)</td></tr>
              <tr><td><b>Clase de Uso</b></td><td>Pastizal_Mixto</td></tr>
              <tr bgcolor="#F8FAFC"><td><b>Solape Habitacional</b></td><td>0.00% (Segregado LADM)</td></tr>
              <tr><td><b>Lindero Vial</b></td><td>Infranqueable (Búfer LPIS 3.5m)</td></tr>
              <tr bgcolor="#F8FAFC"><td><b>Estándar Registral</b></td><td>✅ 100% Conforme ISO 19152</td></tr>
            </table>
          </div>
        ]]></description>
      <Polygon>
        <outerBoundaryIs><LinearRing>
          <coordinates>-78.78449857234955,-1.6337856428838051,0 -78.7846165895462,-1.633898249816169,0 -78.78446638584137,-1.6340859280367752,0 -78.78443956375122,-1.6340966525065241,0 -78.78439664840698,-1.6340430301577795,0 -78.78433227539062,-1.634016218983407,0 -78.78433763980865,-1.6339518721649136,0 -78.78449857234955,-1.6337856428838051,0</coordinates>
        </LinearRing></outerBoundaryIs>
      </Polygon>
      </Placemark>
      <Placemark>
        <name>UPA-070 (0.05 ha)</name>
        <styleUrl>#upa_wireframe_style</styleUrl>
        <description><![CDATA[
          <div style="font-family: Arial, sans-serif; font-size: 12px; color: #1E293B;">
            <h3 style="color: #0F766E; margin-bottom: 4px;">FICHA PREDIAL: UPA-070</h3>
            <table border="1" cellpadding="4" cellspacing="0" style="border-collapse: collapse; width: 100%; border-color: #CBD5E1;">
              <tr bgcolor="#F8FAFC"><td><b>Escenario</b></td><td>1_Cultivos_Ladera_Calpi</td></tr>
              <tr><td><b>Superficie Útil</b></td><td><b>0.0540 ha</b> (539.6 m²)</td></tr>
              <tr bgcolor="#F8FAFC"><td><b>Vértices LADM</b></td><td>7 vértices (Conforme 4-10)</td></tr>
              <tr><td><b>Clase de Uso</b></td><td>Cultivo_Verde_Intensivo</td></tr>
              <tr bgcolor="#F8FAFC"><td><b>Solape Habitacional</b></td><td>0.00% (Segregado LADM)</td></tr>
              <tr><td><b>Lindero Vial</b></td><td>Infranqueable (Búfer LPIS 3.5m)</td></tr>
              <tr bgcolor="#F8FAFC"><td><b>Estándar Registral</b></td><td>✅ 100% Conforme ISO 19152</td></tr>
            </table>
          </div>
        ]]></description>
      <Polygon>
        <outerBoundaryIs><LinearRing>
          <coordinates>-78.78714323043823,-1.636793856648381,0 -78.78714859485626,-1.6371370396803469,0 -78.78691256046295,-1.6371370396803469,0 -78.78692865371704,-1.6370834173316022,0 -78.78701984882355,-1.636986897103862,0 -78.7870305776596,-1.6369439992248662,0 -78.7870842218399,-1.6368528412320003,0 -78.78714323043823,-1.636793856648381,0</coordinates>
        </LinearRing></outerBoundaryIs>
      </Polygon>
      </Placemark>
      <Placemark>
        <name>UPA-071 (0.05 ha)</name>
        <styleUrl>#upa_wireframe_style</styleUrl>
        <description><![CDATA[
          <div style="font-family: Arial, sans-serif; font-size: 12px; color: #1E293B;">
            <h3 style="color: #0F766E; margin-bottom: 4px;">FICHA PREDIAL: UPA-071</h3>
            <table border="1" cellpadding="4" cellspacing="0" style="border-collapse: collapse; width: 100%; border-color: #CBD5E1;">
              <tr bgcolor="#F8FAFC"><td><b>Escenario</b></td><td>1_Cultivos_Ladera_Calpi</td></tr>
              <tr><td><b>Superficie Útil</b></td><td><b>0.0532 ha</b> (531.8 m²)</td></tr>
              <tr bgcolor="#F8FAFC"><td><b>Vértices LADM</b></td><td>8 vértices (Conforme 4-10)</td></tr>
              <tr><td><b>Clase de Uso</b></td><td>Cultivo_Verde_Intensivo</td></tr>
              <tr bgcolor="#F8FAFC"><td><b>Solape Habitacional</b></td><td>0.00% (Segregado LADM)</td></tr>
              <tr><td><b>Lindero Vial</b></td><td>Infranqueable (Búfer LPIS 3.5m)</td></tr>
              <tr bgcolor="#F8FAFC"><td><b>Estándar Registral</b></td><td>✅ 100% Conforme ISO 19152</td></tr>
            </table>
          </div>
        ]]></description>
      <Polygon>
        <outerBoundaryIs><LinearRing>
          <coordinates>-78.7833720445633,-1.633876800876671,0 -78.78355979919434,-1.6340537546275284,0 -78.78350615501404,-1.6341395503855198,0 -78.78340423107147,-1.6342360706132604,0 -78.78336668014526,-1.6342146216737625,0 -78.78334522247314,-1.6341663615598923,0 -78.78341495990753,-1.6340912902716498,0 -78.7833023071289,-1.633967958869537,0 -78.7833720445633,-1.633876800876671,0</coordinates>
        </LinearRing></outerBoundaryIs>
      </Polygon>
      </Placemark>
      <Placemark>
        <name>UPA-072 (0.05 ha)</name>
        <styleUrl>#upa_wireframe_style</styleUrl>
        <description><![CDATA[
          <div style="font-family: Arial, sans-serif; font-size: 12px; color: #1E293B;">
            <h3 style="color: #0F766E; margin-bottom: 4px;">FICHA PREDIAL: UPA-072</h3>
            <table border="1" cellpadding="4" cellspacing="0" style="border-collapse: collapse; width: 100%; border-color: #CBD5E1;">
              <tr bgcolor="#F8FAFC"><td><b>Escenario</b></td><td>1_Cultivos_Ladera_Calpi</td></tr>
              <tr><td><b>Superficie Útil</b></td><td><b>0.0521 ha</b> (520.8 m²)</td></tr>
              <tr bgcolor="#F8FAFC"><td><b>Vértices LADM</b></td><td>8 vértices (Conforme 4-10)</td></tr>
              <tr><td><b>Clase de Uso</b></td><td>Cultivo_Verde_Intensivo</td></tr>
              <tr bgcolor="#F8FAFC"><td><b>Solape Habitacional</b></td><td>0.00% (Segregado LADM)</td></tr>
              <tr><td><b>Lindero Vial</b></td><td>Infranqueable (Búfer LPIS 3.5m)</td></tr>
              <tr bgcolor="#F8FAFC"><td><b>Estándar Registral</b></td><td>✅ 100% Conforme ISO 19152</td></tr>
            </table>
          </div>
        ]]></description>
      <Polygon>
        <outerBoundaryIs><LinearRing>
          <coordinates>-78.78655314445496,-1.6351154771326728,0 -78.78647267818451,-1.6352763441789069,0 -78.78639757633209,-1.6352763441789069,0 -78.78635466098785,-1.6353299665276515,0 -78.78625273704529,-1.6353085175881537,0 -78.78624737262726,-1.635254895239409,0 -78.78633856773376,-1.6351315638372963,0 -78.7864887714386,-1.635094028193175,0 -78.78655314445496,-1.6351154771326728,0</coordinates>
        </LinearRing></outerBoundaryIs>
      </Polygon>
      </Placemark>
      <Placemark>
        <name>UPA-073 (0.05 ha)</name>
        <styleUrl>#upa_wireframe_style</styleUrl>
        <description><![CDATA[
          <div style="font-family: Arial, sans-serif; font-size: 12px; color: #1E293B;">
            <h3 style="color: #0F766E; margin-bottom: 4px;">FICHA PREDIAL: UPA-073</h3>
            <table border="1" cellpadding="4" cellspacing="0" style="border-collapse: collapse; width: 100%; border-color: #CBD5E1;">
              <tr bgcolor="#F8FAFC"><td><b>Escenario</b></td><td>1_Cultivos_Ladera_Calpi</td></tr>
              <tr><td><b>Superficie Útil</b></td><td><b>0.0517 ha</b> (517.4 m²)</td></tr>
              <tr bgcolor="#F8FAFC"><td><b>Vértices LADM</b></td><td>4 vértices (Conforme 4-10)</td></tr>
              <tr><td><b>Clase de Uso</b></td><td>Pastizal_Mixto</td></tr>
              <tr bgcolor="#F8FAFC"><td><b>Solape Habitacional</b></td><td>0.00% (Segregado LADM)</td></tr>
              <tr><td><b>Lindero Vial</b></td><td>Infranqueable (Búfer LPIS 3.5m)</td></tr>
              <tr bgcolor="#F8FAFC"><td><b>Estándar Registral</b></td><td>✅ 100% Conforme ISO 19152</td></tr>
            </table>
          </div>
        ]]></description>
      <Polygon>
        <outerBoundaryIs><LinearRing>
          <coordinates>-78.78369927406311,-1.6346328759939708,0 -78.7832111120224,-1.6351101148977985,0 -78.78286242485046,-1.6353835888763963,0 -78.78366708755493,-1.634600702584724,0 -78.78369927406311,-1.6346328759939708,0</coordinates>
        </LinearRing></outerBoundaryIs>
      </Polygon>
      </Placemark>
      <Placemark>
        <name>UPA-074 (0.05 ha)</name>
        <styleUrl>#upa_wireframe_style</styleUrl>
        <description><![CDATA[
          <div style="font-family: Arial, sans-serif; font-size: 12px; color: #1E293B;">
            <h3 style="color: #0F766E; margin-bottom: 4px;">FICHA PREDIAL: UPA-074</h3>
            <table border="1" cellpadding="4" cellspacing="0" style="border-collapse: collapse; width: 100%; border-color: #CBD5E1;">
              <tr bgcolor="#F8FAFC"><td><b>Escenario</b></td><td>1_Cultivos_Ladera_Calpi</td></tr>
              <tr><td><b>Superficie Útil</b></td><td><b>0.0504 ha</b> (503.6 m²)</td></tr>
              <tr bgcolor="#F8FAFC"><td><b>Vértices LADM</b></td><td>7 vértices (Conforme 4-10)</td></tr>
              <tr><td><b>Clase de Uso</b></td><td>Cultivo_Verde_Intensivo</td></tr>
              <tr bgcolor="#F8FAFC"><td><b>Solape Habitacional</b></td><td>0.00% (Segregado LADM)</td></tr>
              <tr><td><b>Lindero Vial</b></td><td>Infranqueable (Búfer LPIS 3.5m)</td></tr>
              <tr bgcolor="#F8FAFC"><td><b>Estándar Registral</b></td><td>✅ 100% Conforme ISO 19152</td></tr>
            </table>
          </div>
        ]]></description>
      <Polygon>
        <outerBoundaryIs><LinearRing>
          <coordinates>-78.78347396850586,-1.6355444559226302,0 -78.78363490104675,-1.6356999607339897,0 -78.78367245197296,-1.6357643075524835,0 -78.7836617231369,-1.6357803942571068,0 -78.78357589244843,-1.635817929901228,0 -78.78346860408783,-1.6357911187268557,0 -78.78339886665344,-1.6356838740293664,0 -78.78347396850586,-1.6355444559226302,0</coordinates>
        </LinearRing></outerBoundaryIs>
      </Polygon>
      </Placemark>
      <Placemark>
        <name>UPA-075 (0.05 ha)</name>
        <styleUrl>#upa_wireframe_style</styleUrl>
        <description><![CDATA[
          <div style="font-family: Arial, sans-serif; font-size: 12px; color: #1E293B;">
            <h3 style="color: #0F766E; margin-bottom: 4px;">FICHA PREDIAL: UPA-075</h3>
            <table border="1" cellpadding="4" cellspacing="0" style="border-collapse: collapse; width: 100%; border-color: #CBD5E1;">
              <tr bgcolor="#F8FAFC"><td><b>Escenario</b></td><td>1_Cultivos_Ladera_Calpi</td></tr>
              <tr><td><b>Superficie Útil</b></td><td><b>0.0499 ha</b> (499.0 m²)</td></tr>
              <tr bgcolor="#F8FAFC"><td><b>Vértices LADM</b></td><td>8 vértices (Conforme 4-10)</td></tr>
              <tr><td><b>Clase de Uso</b></td><td>Cultivo_Verde_Intensivo</td></tr>
              <tr bgcolor="#F8FAFC"><td><b>Solape Habitacional</b></td><td>0.00% (Segregado LADM)</td></tr>
              <tr><td><b>Lindero Vial</b></td><td>Infranqueable (Búfer LPIS 3.5m)</td></tr>
              <tr bgcolor="#F8FAFC"><td><b>Estándar Registral</b></td><td>✅ 100% Conforme ISO 19152</td></tr>
            </table>
          </div>
        ]]></description>
      <Polygon>
        <outerBoundaryIs><LinearRing>
          <coordinates>-78.78298580646515,-1.6367992188832556,0 -78.7831038236618,-1.6369225502853684,0 -78.78311455249786,-1.636965448164364,0 -78.78300189971924,-1.637045881687481,0 -78.78296434879303,-1.6370244327479833,0 -78.78291070461273,-1.63705660615723,0 -78.78287315368652,-1.6370512439223555,0 -78.78286242485046,-1.6369171880504938,0 -78.78298580646515,-1.6367992188832556,0</coordinates>
        </LinearRing></outerBoundaryIs>
      </Polygon>
      </Placemark>
      <Placemark>
        <name>UPA-076 (0.05 ha)</name>
        <styleUrl>#upa_wireframe_style</styleUrl>
        <description><![CDATA[
          <div style="font-family: Arial, sans-serif; font-size: 12px; color: #1E293B;">
            <h3 style="color: #0F766E; margin-bottom: 4px;">FICHA PREDIAL: UPA-076</h3>
            <table border="1" cellpadding="4" cellspacing="0" style="border-collapse: collapse; width: 100%; border-color: #CBD5E1;">
              <tr bgcolor="#F8FAFC"><td><b>Escenario</b></td><td>1_Cultivos_Ladera_Calpi</td></tr>
              <tr><td><b>Superficie Útil</b></td><td><b>0.0479 ha</b> (479.3 m²)</td></tr>
              <tr bgcolor="#F8FAFC"><td><b>Vértices LADM</b></td><td>8 vértices (Conforme 4-10)</td></tr>
              <tr><td><b>Clase de Uso</b></td><td>Cultivo_Verde_Intensivo</td></tr>
              <tr bgcolor="#F8FAFC"><td><b>Solape Habitacional</b></td><td>0.00% (Segregado LADM)</td></tr>
              <tr><td><b>Lindero Vial</b></td><td>Infranqueable (Búfer LPIS 3.5m)</td></tr>
              <tr bgcolor="#F8FAFC"><td><b>Estándar Registral</b></td><td>✅ 100% Conforme ISO 19152</td></tr>
            </table>
          </div>
        ]]></description>
      <Polygon>
        <outerBoundaryIs><LinearRing>
          <coordinates>-78.78427863121033,-1.6340859280367752,0 -78.7843805551529,-1.6341931727342647,0 -78.7843805551529,-1.6342146216737625,0 -78.78427863121033,-1.6343647642502475,0 -78.78422498703003,-1.6343272286061263,0 -78.78414452075958,-1.6342307083783858,0 -78.78416061401367,-1.6341770860296412,0 -78.78424108028412,-1.6340912902716498,0 -78.78427863121033,-1.6340859280367752,0</coordinates>
        </LinearRing></outerBoundaryIs>
      </Polygon>
      </Placemark>
      <Placemark>
        <name>UPA-077 (0.05 ha)</name>
        <styleUrl>#upa_wireframe_style</styleUrl>
        <description><![CDATA[
          <div style="font-family: Arial, sans-serif; font-size: 12px; color: #1E293B;">
            <h3 style="color: #0F766E; margin-bottom: 4px;">FICHA PREDIAL: UPA-077</h3>
            <table border="1" cellpadding="4" cellspacing="0" style="border-collapse: collapse; width: 100%; border-color: #CBD5E1;">
              <tr bgcolor="#F8FAFC"><td><b>Escenario</b></td><td>1_Cultivos_Ladera_Calpi</td></tr>
              <tr><td><b>Superficie Útil</b></td><td><b>0.0479 ha</b> (478.6 m²)</td></tr>
              <tr bgcolor="#F8FAFC"><td><b>Vértices LADM</b></td><td>4 vértices (Conforme 4-10)</td></tr>
              <tr><td><b>Clase de Uso</b></td><td>Cultivo_Verde_Intensivo</td></tr>
              <tr bgcolor="#F8FAFC"><td><b>Solape Habitacional</b></td><td>0.00% (Segregado LADM)</td></tr>
              <tr><td><b>Lindero Vial</b></td><td>Infranqueable (Búfer LPIS 3.5m)</td></tr>
              <tr bgcolor="#F8FAFC"><td><b>Estándar Registral</b></td><td>✅ 100% Conforme ISO 19152</td></tr>
            </table>
          </div>
        ]]></description>
      <Polygon>
        <outerBoundaryIs><LinearRing>
          <coordinates>-78.78317892551422,-1.6328526140156479,0 -78.78286242485046,-1.6331904348127393,0 -78.78286242485046,-1.6330295677665052,0 -78.78301799297333,-1.6328579762505224,0 -78.78317892551422,-1.6328526140156479,0</coordinates>
        </LinearRing></outerBoundaryIs>
      </Polygon>
      </Placemark>
      <Placemark>
        <name>UPA-078 (0.05 ha)</name>
        <styleUrl>#upa_wireframe_style</styleUrl>
        <description><![CDATA[
          <div style="font-family: Arial, sans-serif; font-size: 12px; color: #1E293B;">
            <h3 style="color: #0F766E; margin-bottom: 4px;">FICHA PREDIAL: UPA-078</h3>
            <table border="1" cellpadding="4" cellspacing="0" style="border-collapse: collapse; width: 100%; border-color: #CBD5E1;">
              <tr bgcolor="#F8FAFC"><td><b>Escenario</b></td><td>1_Cultivos_Ladera_Calpi</td></tr>
              <tr><td><b>Superficie Útil</b></td><td><b>0.0472 ha</b> (471.6 m²)</td></tr>
              <tr bgcolor="#F8FAFC"><td><b>Vértices LADM</b></td><td>7 vértices (Conforme 4-10)</td></tr>
              <tr><td><b>Clase de Uso</b></td><td>Cultivo_Verde_Intensivo</td></tr>
              <tr bgcolor="#F8FAFC"><td><b>Solape Habitacional</b></td><td>0.00% (Segregado LADM)</td></tr>
              <tr><td><b>Lindero Vial</b></td><td>Infranqueable (Búfer LPIS 3.5m)</td></tr>
              <tr bgcolor="#F8FAFC"><td><b>Estándar Registral</b></td><td>✅ 100% Conforme ISO 19152</td></tr>
            </table>
          </div>
        ]]></description>
      <Polygon>
        <outerBoundaryIs><LinearRing>
          <coordinates>-78.78450930118561,-1.6343165041363774,0 -78.78464341163635,-1.6344451977733645,0 -78.78459513187408,-1.6345470802359794,0 -78.78454148769379,-1.6345738914103518,0 -78.78435373306274,-1.6344237488338667,0 -78.78442883491516,-1.6343915754246199,0 -78.78447711467743,-1.6343272286061263,0 -78.78450930118561,-1.6343165041363774,0</coordinates>
        </LinearRing></outerBoundaryIs>
      </Polygon>
      </Placemark>
      <Placemark>
        <name>UPA-079 (0.05 ha)</name>
        <styleUrl>#upa_wireframe_style</styleUrl>
        <description><![CDATA[
          <div style="font-family: Arial, sans-serif; font-size: 12px; color: #1E293B;">
            <h3 style="color: #0F766E; margin-bottom: 4px;">FICHA PREDIAL: UPA-079</h3>
            <table border="1" cellpadding="4" cellspacing="0" style="border-collapse: collapse; width: 100%; border-color: #CBD5E1;">
              <tr bgcolor="#F8FAFC"><td><b>Escenario</b></td><td>1_Cultivos_Ladera_Calpi</td></tr>
              <tr><td><b>Superficie Útil</b></td><td><b>0.0458 ha</b> (457.9 m²)</td></tr>
              <tr bgcolor="#F8FAFC"><td><b>Vértices LADM</b></td><td>6 vértices (Conforme 4-10)</td></tr>
              <tr><td><b>Clase de Uso</b></td><td>Cultivo_Verde_Intensivo</td></tr>
              <tr bgcolor="#F8FAFC"><td><b>Solape Habitacional</b></td><td>0.00% (Segregado LADM)</td></tr>
              <tr><td><b>Lindero Vial</b></td><td>Infranqueable (Búfer LPIS 3.5m)</td></tr>
              <tr bgcolor="#F8FAFC"><td><b>Estándar Registral</b></td><td>✅ 100% Conforme ISO 19152</td></tr>
            </table>
          </div>
        ]]></description>
      <Polygon>
        <outerBoundaryIs><LinearRing>
          <coordinates>-78.78354370594025,-1.6337105715955627,0 -78.78373146057129,-1.6338821631115454,0 -78.78359198570251,-1.6340430301577795,0 -78.78350079059601,-1.6339250609905411,0 -78.78356516361237,-1.6338446274674243,0 -78.78351151943207,-1.6337856428838051,0 -78.78354370594025,-1.6337105715955627,0</coordinates>
        </LinearRing></outerBoundaryIs>
      </Polygon>
      </Placemark>
      <Placemark>
        <name>UPA-080 (0.04 ha)</name>
        <styleUrl>#upa_wireframe_style</styleUrl>
        <description><![CDATA[
          <div style="font-family: Arial, sans-serif; font-size: 12px; color: #1E293B;">
            <h3 style="color: #0F766E; margin-bottom: 4px;">FICHA PREDIAL: UPA-080</h3>
            <table border="1" cellpadding="4" cellspacing="0" style="border-collapse: collapse; width: 100%; border-color: #CBD5E1;">
              <tr bgcolor="#F8FAFC"><td><b>Escenario</b></td><td>1_Cultivos_Ladera_Calpi</td></tr>
              <tr><td><b>Superficie Útil</b></td><td><b>0.0434 ha</b> (433.8 m²)</td></tr>
              <tr bgcolor="#F8FAFC"><td><b>Vértices LADM</b></td><td>9 vértices (Conforme 4-10)</td></tr>
              <tr><td><b>Clase de Uso</b></td><td>Cultivo_Verde_Intensivo</td></tr>
              <tr bgcolor="#F8FAFC"><td><b>Solape Habitacional</b></td><td>0.00% (Segregado LADM)</td></tr>
              <tr><td><b>Lindero Vial</b></td><td>Infranqueable (Búfer LPIS 3.5m)</td></tr>
              <tr bgcolor="#F8FAFC"><td><b>Estándar Registral</b></td><td>✅ 100% Conforme ISO 19152</td></tr>
            </table>
          </div>
        ]]></description>
      <Polygon>
        <outerBoundaryIs><LinearRing>
          <coordinates>-78.78596842288971,-1.6328526140156479,0 -78.78597378730774,-1.6328740629551457,0 -78.78622055053711,-1.6331636236383669,0 -78.78627955913544,-1.6332118837522371,0 -78.7862902879715,-1.6331582614034925,0 -78.78627955913544,-1.6331100012896222,0 -78.78616140260333,-1.6329549839542479,0 -78.7861614026032,-1.632954983954099,0 -78.78606498241425,-1.6328526140156479,0 -78.78596842288971,-1.6328526140156479,0</coordinates>
        </LinearRing></outerBoundaryIs>
      </Polygon>
      </Placemark>
      <Placemark>
        <name>UPA-081 (0.04 ha)</name>
        <styleUrl>#upa_wireframe_style</styleUrl>
        <description><![CDATA[
          <div style="font-family: Arial, sans-serif; font-size: 12px; color: #1E293B;">
            <h3 style="color: #0F766E; margin-bottom: 4px;">FICHA PREDIAL: UPA-081</h3>
            <table border="1" cellpadding="4" cellspacing="0" style="border-collapse: collapse; width: 100%; border-color: #CBD5E1;">
              <tr bgcolor="#F8FAFC"><td><b>Escenario</b></td><td>1_Cultivos_Ladera_Calpi</td></tr>
              <tr><td><b>Superficie Útil</b></td><td><b>0.0439 ha</b> (439.5 m²)</td></tr>
              <tr bgcolor="#F8FAFC"><td><b>Vértices LADM</b></td><td>8 vértices (Conforme 4-10)</td></tr>
              <tr><td><b>Clase de Uso</b></td><td>Pastizal_Mixto</td></tr>
              <tr bgcolor="#F8FAFC"><td><b>Solape Habitacional</b></td><td>0.00% (Segregado LADM)</td></tr>
              <tr><td><b>Lindero Vial</b></td><td>Infranqueable (Búfer LPIS 3.5m)</td></tr>
              <tr bgcolor="#F8FAFC"><td><b>Estándar Registral</b></td><td>✅ 100% Conforme ISO 19152</td></tr>
            </table>
          </div>
        ]]></description>
      <Polygon>
        <outerBoundaryIs><LinearRing>
          <coordinates>-78.78419816493988,-1.6351208393675474,0 -78.78409624099731,-1.6352173595952877,0 -78.78399968147278,-1.6351422883070452,0 -78.78392994403839,-1.6351905484209155,0 -78.78389239311218,-1.6351798239511666,0 -78.78394603729248,-1.6350618547839282,0 -78.78402650356293,-1.6350028702003092,0 -78.78406405448914,-1.6350028702003092,0 -78.78419816493988,-1.6351208393675474,0</coordinates>
        </LinearRing></outerBoundaryIs>
      </Polygon>
      </Placemark>
      <Placemark>
        <name>UPA-082 (0.04 ha)</name>
        <styleUrl>#upa_wireframe_style</styleUrl>
        <description><![CDATA[
          <div style="font-family: Arial, sans-serif; font-size: 12px; color: #1E293B;">
            <h3 style="color: #0F766E; margin-bottom: 4px;">FICHA PREDIAL: UPA-082</h3>
            <table border="1" cellpadding="4" cellspacing="0" style="border-collapse: collapse; width: 100%; border-color: #CBD5E1;">
              <tr bgcolor="#F8FAFC"><td><b>Escenario</b></td><td>1_Cultivos_Ladera_Calpi</td></tr>
              <tr><td><b>Superficie Útil</b></td><td><b>0.0420 ha</b> (420.0 m²)</td></tr>
              <tr bgcolor="#F8FAFC"><td><b>Vértices LADM</b></td><td>8 vértices (Conforme 4-10)</td></tr>
              <tr><td><b>Clase de Uso</b></td><td>Cultivo_Verde_Intensivo</td></tr>
              <tr bgcolor="#F8FAFC"><td><b>Solape Habitacional</b></td><td>0.00% (Segregado LADM)</td></tr>
              <tr><td><b>Lindero Vial</b></td><td>Infranqueable (Búfer LPIS 3.5m)</td></tr>
              <tr bgcolor="#F8FAFC"><td><b>Estándar Registral</b></td><td>✅ 100% Conforme ISO 19152</td></tr>
            </table>
          </div>
        ]]></description>
      <Polygon>
        <outerBoundaryIs><LinearRing>
          <coordinates>-78.78425180912018,-1.6355444559226302,0 -78.78430545330048,-1.6355819915667515,0 -78.78431618213654,-1.6356945984991154,0 -78.78421425819397,-1.6357911187268557,0 -78.78418207168579,-1.6357911187268557,0 -78.78410696983337,-1.6357160474386132,0 -78.78410696983337,-1.6356892362642408,0 -78.78417670726776,-1.6355819915667515,0 -78.78425180912018,-1.6355444559226302,0</coordinates>
        </LinearRing></outerBoundaryIs>
      </Polygon>
      </Placemark>
      <Placemark>
        <name>UPA-083 (0.04 ha)</name>
        <styleUrl>#upa_wireframe_style</styleUrl>
        <description><![CDATA[
          <div style="font-family: Arial, sans-serif; font-size: 12px; color: #1E293B;">
            <h3 style="color: #0F766E; margin-bottom: 4px;">FICHA PREDIAL: UPA-083</h3>
            <table border="1" cellpadding="4" cellspacing="0" style="border-collapse: collapse; width: 100%; border-color: #CBD5E1;">
              <tr bgcolor="#F8FAFC"><td><b>Escenario</b></td><td>1_Cultivos_Ladera_Calpi</td></tr>
              <tr><td><b>Superficie Útil</b></td><td><b>0.0412 ha</b> (411.8 m²)</td></tr>
              <tr bgcolor="#F8FAFC"><td><b>Vértices LADM</b></td><td>7 vértices (Conforme 4-10)</td></tr>
              <tr><td><b>Clase de Uso</b></td><td>Cultivo_Verde_Intensivo</td></tr>
              <tr bgcolor="#F8FAFC"><td><b>Solape Habitacional</b></td><td>0.00% (Segregado LADM)</td></tr>
              <tr><td><b>Lindero Vial</b></td><td>Infranqueable (Búfer LPIS 3.5m)</td></tr>
              <tr bgcolor="#F8FAFC"><td><b>Estándar Registral</b></td><td>✅ 100% Conforme ISO 19152</td></tr>
            </table>
          </div>
        ]]></description>
      <Polygon>
        <outerBoundaryIs><LinearRing>
          <coordinates>-78.78387093544006,-1.6368796524063725,0 -78.78402650356293,-1.6369976215736108,0 -78.78400504589081,-1.637045881687481,0 -78.7839138507843,-1.6370780550967279,0 -78.78389239311218,-1.637115590740849,0 -78.78379046916962,-1.6370297949828576,0 -78.7837690114975,-1.6369547236946151,0 -78.78387093544006,-1.6368796524063725,0</coordinates>
        </LinearRing></outerBoundaryIs>
      </Polygon>
      </Placemark>
      <Placemark>
        <name>UPA-084 (0.04 ha)</name>
        <styleUrl>#upa_wireframe_style</styleUrl>
        <description><![CDATA[
          <div style="font-family: Arial, sans-serif; font-size: 12px; color: #1E293B;">
            <h3 style="color: #0F766E; margin-bottom: 4px;">FICHA PREDIAL: UPA-084</h3>
            <table border="1" cellpadding="4" cellspacing="0" style="border-collapse: collapse; width: 100%; border-color: #CBD5E1;">
              <tr bgcolor="#F8FAFC"><td><b>Escenario</b></td><td>1_Cultivos_Ladera_Calpi</td></tr>
              <tr><td><b>Superficie Útil</b></td><td><b>0.0390 ha</b> (389.5 m²)</td></tr>
              <tr bgcolor="#F8FAFC"><td><b>Vértices LADM</b></td><td>6 vértices (Conforme 4-10)</td></tr>
              <tr><td><b>Clase de Uso</b></td><td>Cultivo_Verde_Intensivo</td></tr>
              <tr bgcolor="#F8FAFC"><td><b>Solape Habitacional</b></td><td>0.00% (Segregado LADM)</td></tr>
              <tr><td><b>Lindero Vial</b></td><td>Infranqueable (Búfer LPIS 3.5m)</td></tr>
              <tr bgcolor="#F8FAFC"><td><b>Estándar Registral</b></td><td>✅ 100% Conforme ISO 19152</td></tr>
            </table>
          </div>
        ]]></description>
      <Polygon>
        <outerBoundaryIs><LinearRing>
          <coordinates>-78.78294289112091,-1.6339250609905411,0 -78.78294825553894,-1.6339840455741603,0 -78.78300726413727,-1.633978683339286,0 -78.78308236598969,-1.634048392392654,0 -78.78288924694061,-1.6342146216737625,0 -78.78286242485046,-1.6340001322787838,0 -78.78294289112091,-1.6339250609905411,0</coordinates>
        </LinearRing></outerBoundaryIs>
      </Polygon>
      </Placemark>
      <Placemark>
        <name>UPA-085 (0.04 ha)</name>
        <styleUrl>#upa_wireframe_style</styleUrl>
        <description><![CDATA[
          <div style="font-family: Arial, sans-serif; font-size: 12px; color: #1E293B;">
            <h3 style="color: #0F766E; margin-bottom: 4px;">FICHA PREDIAL: UPA-085</h3>
            <table border="1" cellpadding="4" cellspacing="0" style="border-collapse: collapse; width: 100%; border-color: #CBD5E1;">
              <tr bgcolor="#F8FAFC"><td><b>Escenario</b></td><td>1_Cultivos_Ladera_Calpi</td></tr>
              <tr><td><b>Superficie Útil</b></td><td><b>0.0362 ha</b> (362.4 m²)</td></tr>
              <tr bgcolor="#F8FAFC"><td><b>Vértices LADM</b></td><td>4 vértices (Conforme 4-10)</td></tr>
              <tr><td><b>Clase de Uso</b></td><td>Cultivo_Verde_Intensivo</td></tr>
              <tr bgcolor="#F8FAFC"><td><b>Solape Habitacional</b></td><td>0.00% (Segregado LADM)</td></tr>
              <tr><td><b>Lindero Vial</b></td><td>Infranqueable (Búfer LPIS 3.5m)</td></tr>
              <tr bgcolor="#F8FAFC"><td><b>Estándar Registral</b></td><td>✅ 100% Conforme ISO 19152</td></tr>
            </table>
          </div>
        ]]></description>
      <Polygon>
        <outerBoundaryIs><LinearRing>
          <coordinates>-78.78286242485046,-1.6356892362642408,0 -78.7834095954895,-1.6362951688050555,0 -78.78338277339935,-1.636321979979428,0 -78.78286242485046,-1.6357428586129856,0 -78.78286242485046,-1.6356892362642408,0</coordinates>
        </LinearRing></outerBoundaryIs>
      </Polygon>
      </Placemark>
      <Placemark>
        <name>UPA-086 (0.04 ha)</name>
        <styleUrl>#upa_wireframe_style</styleUrl>
        <description><![CDATA[
          <div style="font-family: Arial, sans-serif; font-size: 12px; color: #1E293B;">
            <h3 style="color: #0F766E; margin-bottom: 4px;">FICHA PREDIAL: UPA-086</h3>
            <table border="1" cellpadding="4" cellspacing="0" style="border-collapse: collapse; width: 100%; border-color: #CBD5E1;">
              <tr bgcolor="#F8FAFC"><td><b>Escenario</b></td><td>1_Cultivos_Ladera_Calpi</td></tr>
              <tr><td><b>Superficie Útil</b></td><td><b>0.0357 ha</b> (356.7 m²)</td></tr>
              <tr bgcolor="#F8FAFC"><td><b>Vértices LADM</b></td><td>8 vértices (Conforme 4-10)</td></tr>
              <tr><td><b>Clase de Uso</b></td><td>Pastizal_Mixto</td></tr>
              <tr bgcolor="#F8FAFC"><td><b>Solape Habitacional</b></td><td>0.00% (Segregado LADM)</td></tr>
              <tr><td><b>Lindero Vial</b></td><td>Infranqueable (Búfer LPIS 3.5m)</td></tr>
              <tr bgcolor="#F8FAFC"><td><b>Estándar Registral</b></td><td>✅ 100% Conforme ISO 19152</td></tr>
            </table>
          </div>
        ]]></description>
      <Polygon>
        <outerBoundaryIs><LinearRing>
          <coordinates>-78.78334522247314,-1.6357053229688643,0 -78.78339350223541,-1.6357106852037386,0 -78.78345251083374,-1.6357803942571068,0 -78.78345787525177,-1.6358125676663535,0 -78.78338813781738,-1.6359144501289684,0 -78.78344178199768,-1.6359734347125876,0 -78.78344714641571,-1.636010970356709,0 -78.78324866294861,-1.6358018431966046,0 -78.78334522247314,-1.6357053229688643,0</coordinates>
        </LinearRing></outerBoundaryIs>
      </Polygon>
      </Placemark>
      <Placemark>
        <name>UPA-087 (0.03 ha)</name>
        <styleUrl>#upa_wireframe_style</styleUrl>
        <description><![CDATA[
          <div style="font-family: Arial, sans-serif; font-size: 12px; color: #1E293B;">
            <h3 style="color: #0F766E; margin-bottom: 4px;">FICHA PREDIAL: UPA-087</h3>
            <table border="1" cellpadding="4" cellspacing="0" style="border-collapse: collapse; width: 100%; border-color: #CBD5E1;">
              <tr bgcolor="#F8FAFC"><td><b>Escenario</b></td><td>1_Cultivos_Ladera_Calpi</td></tr>
              <tr><td><b>Superficie Útil</b></td><td><b>0.0321 ha</b> (321.1 m²)</td></tr>
              <tr bgcolor="#F8FAFC"><td><b>Vértices LADM</b></td><td>6 vértices (Conforme 4-10)</td></tr>
              <tr><td><b>Clase de Uso</b></td><td>Cultivo_Verde_Intensivo</td></tr>
              <tr bgcolor="#F8FAFC"><td><b>Solape Habitacional</b></td><td>0.00% (Segregado LADM)</td></tr>
              <tr><td><b>Lindero Vial</b></td><td>Infranqueable (Búfer LPIS 3.5m)</td></tr>
              <tr bgcolor="#F8FAFC"><td><b>Estándar Registral</b></td><td>✅ 100% Conforme ISO 19152</td></tr>
            </table>
          </div>
        ]]></description>
      <Polygon>
        <outerBoundaryIs><LinearRing>
          <coordinates>-78.78325939178467,-1.6331100012896222,0 -78.78334522247314,-1.6331957970476136,0 -78.78320574760437,-1.6333298529194755,0 -78.78307700157166,-1.6331850725778647,0 -78.78309845924377,-1.6331743481081158,0 -78.78312528133392,-1.6332118837522371,0 -78.78325939178467,-1.6331100012896222,0</coordinates>
        </LinearRing></outerBoundaryIs>
      </Polygon>
      </Placemark>
      <Placemark>
        <name>UPA-088 (0.03 ha)</name>
        <styleUrl>#upa_wireframe_style</styleUrl>
        <description><![CDATA[
          <div style="font-family: Arial, sans-serif; font-size: 12px; color: #1E293B;">
            <h3 style="color: #0F766E; margin-bottom: 4px;">FICHA PREDIAL: UPA-088</h3>
            <table border="1" cellpadding="4" cellspacing="0" style="border-collapse: collapse; width: 100%; border-color: #CBD5E1;">
              <tr bgcolor="#F8FAFC"><td><b>Escenario</b></td><td>1_Cultivos_Ladera_Calpi</td></tr>
              <tr><td><b>Superficie Útil</b></td><td><b>0.0315 ha</b> (314.8 m²)</td></tr>
              <tr bgcolor="#F8FAFC"><td><b>Vértices LADM</b></td><td>9 vértices (Conforme 4-10)</td></tr>
              <tr><td><b>Clase de Uso</b></td><td>Cultivo_Verde_Intensivo</td></tr>
              <tr bgcolor="#F8FAFC"><td><b>Solape Habitacional</b></td><td>0.00% (Segregado LADM)</td></tr>
              <tr><td><b>Lindero Vial</b></td><td>Infranqueable (Búfer LPIS 3.5m)</td></tr>
              <tr bgcolor="#F8FAFC"><td><b>Estándar Registral</b></td><td>✅ 100% Conforme ISO 19152</td></tr>
            </table>
          </div>
        ]]></description>
      <Polygon>
        <outerBoundaryIs><LinearRing>
          <coordinates>-78.78348469734192,-1.6360431437659557,0 -78.78352224826813,-1.6360699549403281,0 -78.78355979919434,-1.636059230470579,0 -78.78361344337463,-1.6359680724777133,0 -78.78351151943207,-1.6358661900150984,0 -78.78344178199768,-1.6358554655453494,0 -78.78340037245499,-1.6359279027533007,0 -78.783400372455,-1.635927902753309,0 -78.78344178199768,-1.6359573480079643,0 -78.78348469734192,-1.6360431437659557,0</coordinates>
        </LinearRing></outerBoundaryIs>
      </Polygon>
      </Placemark>
      <Placemark>
        <name>UPA-089 (0.03 ha)</name>
        <styleUrl>#upa_wireframe_style</styleUrl>
        <description><![CDATA[
          <div style="font-family: Arial, sans-serif; font-size: 12px; color: #1E293B;">
            <h3 style="color: #0F766E; margin-bottom: 4px;">FICHA PREDIAL: UPA-089</h3>
            <table border="1" cellpadding="4" cellspacing="0" style="border-collapse: collapse; width: 100%; border-color: #CBD5E1;">
              <tr bgcolor="#F8FAFC"><td><b>Escenario</b></td><td>1_Cultivos_Ladera_Calpi</td></tr>
              <tr><td><b>Superficie Útil</b></td><td><b>0.0310 ha</b> (310.5 m²)</td></tr>
              <tr bgcolor="#F8FAFC"><td><b>Vértices LADM</b></td><td>8 vértices (Conforme 4-10)</td></tr>
              <tr><td><b>Clase de Uso</b></td><td>Pastizal_Mixto</td></tr>
              <tr bgcolor="#F8FAFC"><td><b>Solape Habitacional</b></td><td>0.00% (Segregado LADM)</td></tr>
              <tr><td><b>Lindero Vial</b></td><td>Infranqueable (Búfer LPIS 3.5m)</td></tr>
              <tr bgcolor="#F8FAFC"><td><b>Estándar Registral</b></td><td>✅ 100% Conforme ISO 19152</td></tr>
            </table>
          </div>
        ]]></description>
      <Polygon>
        <outerBoundaryIs><LinearRing>
          <coordinates>-78.78327012062073,-1.6350618547839282,0 -78.78329694271088,-1.6350672170188028,0 -78.78338813781738,-1.6351798239511666,0 -78.78330767154694,-1.635265619709158,0 -78.78328084945679,-1.6352602574742836,0 -78.78322184085846,-1.6351905484209155,0 -78.78317892551422,-1.6351959106557898,0 -78.78314673900604,-1.6351690994814176,0 -78.78327012062073,-1.6350618547839282,0</coordinates>
        </LinearRing></outerBoundaryIs>
      </Polygon>
      </Placemark>
      <Placemark>
        <name>UPA-090 (0.03 ha)</name>
        <styleUrl>#upa_wireframe_style</styleUrl>
        <description><![CDATA[
          <div style="font-family: Arial, sans-serif; font-size: 12px; color: #1E293B;">
            <h3 style="color: #0F766E; margin-bottom: 4px;">FICHA PREDIAL: UPA-090</h3>
            <table border="1" cellpadding="4" cellspacing="0" style="border-collapse: collapse; width: 100%; border-color: #CBD5E1;">
              <tr bgcolor="#F8FAFC"><td><b>Escenario</b></td><td>1_Cultivos_Ladera_Calpi</td></tr>
              <tr><td><b>Superficie Útil</b></td><td><b>0.0285 ha</b> (285.0 m²)</td></tr>
              <tr bgcolor="#F8FAFC"><td><b>Vértices LADM</b></td><td>8 vértices (Conforme 4-10)</td></tr>
              <tr><td><b>Clase de Uso</b></td><td>Pastizal_Mixto</td></tr>
              <tr bgcolor="#F8FAFC"><td><b>Solape Habitacional</b></td><td>0.00% (Segregado LADM)</td></tr>
              <tr><td><b>Lindero Vial</b></td><td>Infranqueable (Búfer LPIS 3.5m)</td></tr>
              <tr bgcolor="#F8FAFC"><td><b>Estándar Registral</b></td><td>✅ 100% Conforme ISO 19152</td></tr>
            </table>
          </div>
        ]]></description>
      <Polygon>
        <outerBoundaryIs><LinearRing>
          <coordinates>-78.78368854522705,-1.633555066784203,0 -78.7838065624237,-1.6336140513678221,0 -78.78384947776794,-1.6336783981863157,0 -78.78372609615326,-1.6338231785279265,0 -78.78377974033356,-1.6337588317094327,0 -78.78362953662872,-1.6336140513678221,0 -78.78359735012054,-1.6336408625421945,0 -78.78365099430084,-1.6335711534888264,0 -78.78368854522705,-1.633555066784203,0</coordinates>
        </LinearRing></outerBoundaryIs>
      </Polygon>
      </Placemark>
      <Placemark>
        <name>UPA-091 (0.03 ha)</name>
        <styleUrl>#upa_wireframe_style</styleUrl>
        <description><![CDATA[
          <div style="font-family: Arial, sans-serif; font-size: 12px; color: #1E293B;">
            <h3 style="color: #0F766E; margin-bottom: 4px;">FICHA PREDIAL: UPA-091</h3>
            <table border="1" cellpadding="4" cellspacing="0" style="border-collapse: collapse; width: 100%; border-color: #CBD5E1;">
              <tr bgcolor="#F8FAFC"><td><b>Escenario</b></td><td>1_Cultivos_Ladera_Calpi</td></tr>
              <tr><td><b>Superficie Útil</b></td><td><b>0.0275 ha</b> (275.5 m²)</td></tr>
              <tr bgcolor="#F8FAFC"><td><b>Vértices LADM</b></td><td>8 vértices (Conforme 4-10)</td></tr>
              <tr><td><b>Clase de Uso</b></td><td>Pastizal_Mixto</td></tr>
              <tr bgcolor="#F8FAFC"><td><b>Solape Habitacional</b></td><td>0.00% (Segregado LADM)</td></tr>
              <tr><td><b>Lindero Vial</b></td><td>Infranqueable (Búfer LPIS 3.5m)</td></tr>
              <tr bgcolor="#F8FAFC"><td><b>Estándar Registral</b></td><td>✅ 100% Conforme ISO 19152</td></tr>
            </table>
          </div>
        ]]></description>
      <Polygon>
        <outerBoundaryIs><LinearRing>
          <coordinates>-78.7839138507843,-1.6340805658019009,0 -78.78382484677812,-1.634029058137332,0 -78.78382186296528,-1.6340278379833975,0 -78.78381066736968,-1.634023259830938,0 -78.78369927406311,-1.6341717237947668,0 -78.78369927406311,-1.6341795234091296,0 -78.7837432447027,-1.6342434546743987,0 -78.78375291824341,-1.6342521573178836,0 -78.7839138507843,-1.6340805658019009,0</coordinates>
        </LinearRing></outerBoundaryIs>
      </Polygon>
      </Placemark>
      <Placemark>
        <name>UPA-092 (0.03 ha)</name>
        <styleUrl>#upa_wireframe_style</styleUrl>
        <description><![CDATA[
          <div style="font-family: Arial, sans-serif; font-size: 12px; color: #1E293B;">
            <h3 style="color: #0F766E; margin-bottom: 4px;">FICHA PREDIAL: UPA-092</h3>
            <table border="1" cellpadding="4" cellspacing="0" style="border-collapse: collapse; width: 100%; border-color: #CBD5E1;">
              <tr bgcolor="#F8FAFC"><td><b>Escenario</b></td><td>1_Cultivos_Ladera_Calpi</td></tr>
              <tr><td><b>Superficie Útil</b></td><td><b>0.0272 ha</b> (271.8 m²)</td></tr>
              <tr bgcolor="#F8FAFC"><td><b>Vértices LADM</b></td><td>7 vértices (Conforme 4-10)</td></tr>
              <tr><td><b>Clase de Uso</b></td><td>Cultivo_Verde_Intensivo</td></tr>
              <tr bgcolor="#F8FAFC"><td><b>Solape Habitacional</b></td><td>0.00% (Segregado LADM)</td></tr>
              <tr><td><b>Lindero Vial</b></td><td>Infranqueable (Búfer LPIS 3.5m)</td></tr>
              <tr bgcolor="#F8FAFC"><td><b>Estándar Registral</b></td><td>✅ 100% Conforme ISO 19152</td></tr>
            </table>
          </div>
        ]]></description>
      <Polygon>
        <outerBoundaryIs><LinearRing>
          <coordinates>-78.78440737724304,-1.6342038972040136,0 -78.78448784351349,-1.634300417431754,0 -78.78442883491516,-1.6343862131897453,0 -78.78433763980865,-1.6344183865989923,0 -78.78430545330048,-1.6343915754246199,0 -78.78430545330048,-1.6343647642502475,0 -78.78434300422668,-1.634278968492256,0 -78.78440737724304,-1.6342038972040136,0</coordinates>
        </LinearRing></outerBoundaryIs>
      </Polygon>
      </Placemark>
      <Placemark>
        <name>UPA-093 (0.03 ha)</name>
        <styleUrl>#upa_wireframe_style</styleUrl>
        <description><![CDATA[
          <div style="font-family: Arial, sans-serif; font-size: 12px; color: #1E293B;">
            <h3 style="color: #0F766E; margin-bottom: 4px;">FICHA PREDIAL: UPA-093</h3>
            <table border="1" cellpadding="4" cellspacing="0" style="border-collapse: collapse; width: 100%; border-color: #CBD5E1;">
              <tr bgcolor="#F8FAFC"><td><b>Escenario</b></td><td>1_Cultivos_Ladera_Calpi</td></tr>
              <tr><td><b>Superficie Útil</b></td><td><b>0.0251 ha</b> (250.7 m²)</td></tr>
              <tr bgcolor="#F8FAFC"><td><b>Vértices LADM</b></td><td>7 vértices (Conforme 4-10)</td></tr>
              <tr><td><b>Clase de Uso</b></td><td>Cultivo_Verde_Intensivo</td></tr>
              <tr bgcolor="#F8FAFC"><td><b>Solape Habitacional</b></td><td>0.00% (Segregado LADM)</td></tr>
              <tr><td><b>Lindero Vial</b></td><td>Infranqueable (Búfer LPIS 3.5m)</td></tr>
              <tr bgcolor="#F8FAFC"><td><b>Estándar Registral</b></td><td>✅ 100% Conforme ISO 19152</td></tr>
            </table>
          </div>
        ]]></description>
      <Polygon>
        <outerBoundaryIs><LinearRing>
          <coordinates>-78.78320038318634,-1.6371370396803469,0 -78.78294825553894,-1.6371370396803469,0 -78.78294825553894,-1.637126315210598,0 -78.7830126285553,-1.63705660615723,0 -78.7831038236618,-1.6369976215736108,0 -78.78317892551422,-1.6370887795664768,0 -78.78317892551422,-1.6371048662711,0 -78.78320038318634,-1.6371370396803469,0</coordinates>
        </LinearRing></outerBoundaryIs>
      </Polygon>
      </Placemark>
      <Placemark>
        <name>UPA-094 (0.02 ha)</name>
        <styleUrl>#upa_wireframe_style</styleUrl>
        <description><![CDATA[
          <div style="font-family: Arial, sans-serif; font-size: 12px; color: #1E293B;">
            <h3 style="color: #0F766E; margin-bottom: 4px;">FICHA PREDIAL: UPA-094</h3>
            <table border="1" cellpadding="4" cellspacing="0" style="border-collapse: collapse; width: 100%; border-color: #CBD5E1;">
              <tr bgcolor="#F8FAFC"><td><b>Escenario</b></td><td>1_Cultivos_Ladera_Calpi</td></tr>
              <tr><td><b>Superficie Útil</b></td><td><b>0.0249 ha</b> (248.6 m²)</td></tr>
              <tr bgcolor="#F8FAFC"><td><b>Vértices LADM</b></td><td>6 vértices (Conforme 4-10)</td></tr>
              <tr><td><b>Clase de Uso</b></td><td>Pastizal_Mixto</td></tr>
              <tr bgcolor="#F8FAFC"><td><b>Solape Habitacional</b></td><td>0.00% (Segregado LADM)</td></tr>
              <tr><td><b>Lindero Vial</b></td><td>Infranqueable (Búfer LPIS 3.5m)</td></tr>
              <tr bgcolor="#F8FAFC"><td><b>Estándar Registral</b></td><td>✅ 100% Conforme ISO 19152</td></tr>
            </table>
          </div>
        ]]></description>
      <Polygon>
        <outerBoundaryIs><LinearRing>
          <coordinates>-78.78362953662872,-1.6336194136026967,0 -78.78377437591553,-1.6337588317094327,0 -78.7837153673172,-1.6338285407628008,0 -78.78370463848114,-1.6338285407628008,0 -78.78356516361237,-1.6336944848909392,0 -78.78359735012054,-1.633646224777069,0 -78.78362953662872,-1.6336194136026967,0</coordinates>
        </LinearRing></outerBoundaryIs>
      </Polygon>
      </Placemark>
      <Placemark>
        <name>UPA-095 (0.02 ha)</name>
        <styleUrl>#upa_wireframe_style</styleUrl>
        <description><![CDATA[
          <div style="font-family: Arial, sans-serif; font-size: 12px; color: #1E293B;">
            <h3 style="color: #0F766E; margin-bottom: 4px;">FICHA PREDIAL: UPA-095</h3>
            <table border="1" cellpadding="4" cellspacing="0" style="border-collapse: collapse; width: 100%; border-color: #CBD5E1;">
              <tr bgcolor="#F8FAFC"><td><b>Escenario</b></td><td>1_Cultivos_Ladera_Calpi</td></tr>
              <tr><td><b>Superficie Útil</b></td><td><b>0.0248 ha</b> (247.9 m²)</td></tr>
              <tr bgcolor="#F8FAFC"><td><b>Vértices LADM</b></td><td>7 vértices (Conforme 4-10)</td></tr>
              <tr><td><b>Clase de Uso</b></td><td>Cultivo_Verde_Intensivo</td></tr>
              <tr bgcolor="#F8FAFC"><td><b>Solape Habitacional</b></td><td>0.00% (Segregado LADM)</td></tr>
              <tr><td><b>Lindero Vial</b></td><td>Infranqueable (Búfer LPIS 3.5m)</td></tr>
              <tr bgcolor="#F8FAFC"><td><b>Estándar Registral</b></td><td>✅ 100% Conforme ISO 19152</td></tr>
            </table>
          </div>
        ]]></description>
      <Polygon>
        <outerBoundaryIs><LinearRing>
          <coordinates>-78.78320574760437,-1.635817929901228,0 -78.78323793411255,-1.635828654370977,0 -78.78322184085846,-1.6358983634243451,0 -78.78325939178467,-1.6359734347125876,0 -78.78323256969452,-1.6360753171752025,0 -78.78311455249786,-1.6359466235382152,0 -78.78316283226013,-1.6358447410756005,0 -78.78320574760437,-1.635817929901228,0</coordinates>
        </LinearRing></outerBoundaryIs>
      </Polygon>
      </Placemark>
      <Placemark>
        <name>UPA-096 (0.02 ha)</name>
        <styleUrl>#upa_wireframe_style</styleUrl>
        <description><![CDATA[
          <div style="font-family: Arial, sans-serif; font-size: 12px; color: #1E293B;">
            <h3 style="color: #0F766E; margin-bottom: 4px;">FICHA PREDIAL: UPA-096</h3>
            <table border="1" cellpadding="4" cellspacing="0" style="border-collapse: collapse; width: 100%; border-color: #CBD5E1;">
              <tr bgcolor="#F8FAFC"><td><b>Escenario</b></td><td>1_Cultivos_Ladera_Calpi</td></tr>
              <tr><td><b>Superficie Útil</b></td><td><b>0.0247 ha</b> (246.9 m²)</td></tr>
              <tr bgcolor="#F8FAFC"><td><b>Vértices LADM</b></td><td>7 vértices (Conforme 4-10)</td></tr>
              <tr><td><b>Clase de Uso</b></td><td>Pastizal_Mixto</td></tr>
              <tr bgcolor="#F8FAFC"><td><b>Solape Habitacional</b></td><td>0.00% (Segregado LADM)</td></tr>
              <tr><td><b>Lindero Vial</b></td><td>Infranqueable (Búfer LPIS 3.5m)</td></tr>
              <tr bgcolor="#F8FAFC"><td><b>Estándar Registral</b></td><td>✅ 100% Conforme ISO 19152</td></tr>
            </table>
          </div>
        ]]></description>
      <Polygon>
        <outerBoundaryIs><LinearRing>
          <coordinates>-78.78372073173523,-1.636874290171498,0 -78.78372609615326,-1.6369118258156194,0 -78.78350615501404,-1.6370244327479833,0 -78.78348469734192,-1.6370029838084852,0 -78.78347933292389,-1.6369547236946151,0 -78.78353297710419,-1.6369225502853684,0 -78.78368318080902,-1.6368421167622513,0 -78.78372073173523,-1.636874290171498,0</coordinates>
        </LinearRing></outerBoundaryIs>
      </Polygon>
      </Placemark>
      <Placemark>
        <name>UPA-097 (0.02 ha)</name>
        <styleUrl>#upa_wireframe_style</styleUrl>
        <description><![CDATA[
          <div style="font-family: Arial, sans-serif; font-size: 12px; color: #1E293B;">
            <h3 style="color: #0F766E; margin-bottom: 4px;">FICHA PREDIAL: UPA-097</h3>
            <table border="1" cellpadding="4" cellspacing="0" style="border-collapse: collapse; width: 100%; border-color: #CBD5E1;">
              <tr bgcolor="#F8FAFC"><td><b>Escenario</b></td><td>1_Cultivos_Ladera_Calpi</td></tr>
              <tr><td><b>Superficie Útil</b></td><td><b>0.0229 ha</b> (229.0 m²)</td></tr>
              <tr bgcolor="#F8FAFC"><td><b>Vértices LADM</b></td><td>8 vértices (Conforme 4-10)</td></tr>
              <tr><td><b>Clase de Uso</b></td><td>Cultivo_Verde_Intensivo</td></tr>
              <tr bgcolor="#F8FAFC"><td><b>Solape Habitacional</b></td><td>0.00% (Segregado LADM)</td></tr>
              <tr><td><b>Lindero Vial</b></td><td>Infranqueable (Búfer LPIS 3.5m)</td></tr>
              <tr bgcolor="#F8FAFC"><td><b>Estándar Registral</b></td><td>✅ 100% Conforme ISO 19152</td></tr>
            </table>
          </div>
        ]]></description>
      <Polygon>
        <outerBoundaryIs><LinearRing>
          <coordinates>-78.78650486469269,-1.6371370396803469,0 -78.78650486469269,-1.6370887795664768,0 -78.78653168678284,-1.6370780550967279,0 -78.78654778003693,-1.6370405194526065,0 -78.78660142421722,-1.6370619683921044,0 -78.78667652606964,-1.637067330626979,0 -78.78672480583191,-1.6370834173316022,0 -78.7868320941925,-1.6371370396803469,0 -78.78650486469269,-1.6371370396803469,0</coordinates>
        </LinearRing></outerBoundaryIs>
      </Polygon>
      </Placemark>
      <Placemark>
        <name>UPA-098 (0.02 ha)</name>
        <styleUrl>#upa_wireframe_style</styleUrl>
        <description><![CDATA[
          <div style="font-family: Arial, sans-serif; font-size: 12px; color: #1E293B;">
            <h3 style="color: #0F766E; margin-bottom: 4px;">FICHA PREDIAL: UPA-098</h3>
            <table border="1" cellpadding="4" cellspacing="0" style="border-collapse: collapse; width: 100%; border-color: #CBD5E1;">
              <tr bgcolor="#F8FAFC"><td><b>Escenario</b></td><td>1_Cultivos_Ladera_Calpi</td></tr>
              <tr><td><b>Superficie Útil</b></td><td><b>0.0222 ha</b> (222.4 m²)</td></tr>
              <tr bgcolor="#F8FAFC"><td><b>Vértices LADM</b></td><td>8 vértices (Conforme 4-10)</td></tr>
              <tr><td><b>Clase de Uso</b></td><td>Cultivo_Verde_Intensivo</td></tr>
              <tr bgcolor="#F8FAFC"><td><b>Solape Habitacional</b></td><td>0.00% (Segregado LADM)</td></tr>
              <tr><td><b>Lindero Vial</b></td><td>Infranqueable (Búfer LPIS 3.5m)</td></tr>
              <tr bgcolor="#F8FAFC"><td><b>Estándar Registral</b></td><td>✅ 100% Conforme ISO 19152</td></tr>
            </table>
          </div>
        ]]></description>
      <Polygon>
        <outerBoundaryIs><LinearRing>
          <coordinates>-78.784219622612,-1.6352495330045347,0 -78.78424108028412,-1.6353138798230282,0 -78.78420352935791,-1.6353675021717728,0 -78.78411769866943,-1.6353675021717728,0 -78.7840747833252,-1.6353514154671493,0 -78.7840747833252,-1.6353031553532793,0 -78.78414988517761,-1.6352227218301623,0 -78.78417670726776,-1.6352173595952877,0 -78.784219622612,-1.6352495330045347,0</coordinates>
        </LinearRing></outerBoundaryIs>
      </Polygon>
      </Placemark>
      <Placemark>
        <name>UPA-099 (0.02 ha)</name>
        <styleUrl>#upa_wireframe_style</styleUrl>
        <description><![CDATA[
          <div style="font-family: Arial, sans-serif; font-size: 12px; color: #1E293B;">
            <h3 style="color: #0F766E; margin-bottom: 4px;">FICHA PREDIAL: UPA-099</h3>
            <table border="1" cellpadding="4" cellspacing="0" style="border-collapse: collapse; width: 100%; border-color: #CBD5E1;">
              <tr bgcolor="#F8FAFC"><td><b>Escenario</b></td><td>1_Cultivos_Ladera_Calpi</td></tr>
              <tr><td><b>Superficie Útil</b></td><td><b>0.0220 ha</b> (220.1 m²)</td></tr>
              <tr bgcolor="#F8FAFC"><td><b>Vértices LADM</b></td><td>7 vértices (Conforme 4-10)</td></tr>
              <tr><td><b>Clase de Uso</b></td><td>Cultivo_Verde_Intensivo</td></tr>
              <tr bgcolor="#F8FAFC"><td><b>Solape Habitacional</b></td><td>0.00% (Segregado LADM)</td></tr>
              <tr><td><b>Lindero Vial</b></td><td>Infranqueable (Búfer LPIS 3.5m)</td></tr>
              <tr bgcolor="#F8FAFC"><td><b>Estándar Registral</b></td><td>✅ 100% Conforme ISO 19152</td></tr>
            </table>
          </div>
        ]]></description>
      <Polygon>
        <outerBoundaryIs><LinearRing>
          <coordinates>-78.78510475158691,-1.633876800876671,0 -78.78518521785736,-1.6339357854602903,0 -78.7852281332016,-1.633989407809035,0 -78.78516912460327,-1.634048392392654,0 -78.7851744890213,-1.634059116862403,0 -78.78514230251312,-1.634059116862403,0 -78.78504574298859,-1.6339733211044114,0 -78.78510475158691,-1.633876800876671,0</coordinates>
        </LinearRing></outerBoundaryIs>
      </Polygon>
      </Placemark>
      <Placemark>
        <name>UPA-100 (0.02 ha)</name>
        <styleUrl>#upa_wireframe_style</styleUrl>
        <description><![CDATA[
          <div style="font-family: Arial, sans-serif; font-size: 12px; color: #1E293B;">
            <h3 style="color: #0F766E; margin-bottom: 4px;">FICHA PREDIAL: UPA-100</h3>
            <table border="1" cellpadding="4" cellspacing="0" style="border-collapse: collapse; width: 100%; border-color: #CBD5E1;">
              <tr bgcolor="#F8FAFC"><td><b>Escenario</b></td><td>1_Cultivos_Ladera_Calpi</td></tr>
              <tr><td><b>Superficie Útil</b></td><td><b>0.0215 ha</b> (215.1 m²)</td></tr>
              <tr bgcolor="#F8FAFC"><td><b>Vértices LADM</b></td><td>8 vértices (Conforme 4-10)</td></tr>
              <tr><td><b>Clase de Uso</b></td><td>Cultivo_Verde_Intensivo</td></tr>
              <tr bgcolor="#F8FAFC"><td><b>Solape Habitacional</b></td><td>0.00% (Segregado LADM)</td></tr>
              <tr><td><b>Lindero Vial</b></td><td>Infranqueable (Búfer LPIS 3.5m)</td></tr>
              <tr bgcolor="#F8FAFC"><td><b>Estándar Registral</b></td><td>✅ 100% Conforme ISO 19152</td></tr>
            </table>
          </div>
        ]]></description>
      <Polygon>
        <outerBoundaryIs><LinearRing>
          <coordinates>-78.78375828266144,-1.6343379530758753,0 -78.78380119800568,-1.634380850954871,0 -78.78381729125977,-1.6344237488338667,0 -78.78372609615326,-1.6345149068267326,0 -78.7837153673172,-1.6345149068267326,0 -78.78365099430084,-1.634461284477988,0 -78.78365099430084,-1.6344398355384901,0 -78.78372073173523,-1.6343486775456242,0 -78.78375828266144,-1.6343379530758753,0</coordinates>
        </LinearRing></outerBoundaryIs>
      </Polygon>
      </Placemark>
      <Placemark>
        <name>UPA-101 (0.02 ha)</name>
        <styleUrl>#upa_wireframe_style</styleUrl>
        <description><![CDATA[
          <div style="font-family: Arial, sans-serif; font-size: 12px; color: #1E293B;">
            <h3 style="color: #0F766E; margin-bottom: 4px;">FICHA PREDIAL: UPA-101</h3>
            <table border="1" cellpadding="4" cellspacing="0" style="border-collapse: collapse; width: 100%; border-color: #CBD5E1;">
              <tr bgcolor="#F8FAFC"><td><b>Escenario</b></td><td>1_Cultivos_Ladera_Calpi</td></tr>
              <tr><td><b>Superficie Útil</b></td><td><b>0.0212 ha</b> (212.5 m²)</td></tr>
              <tr bgcolor="#F8FAFC"><td><b>Vértices LADM</b></td><td>8 vértices (Conforme 4-10)</td></tr>
              <tr><td><b>Clase de Uso</b></td><td>Cultivo_Verde_Intensivo</td></tr>
              <tr bgcolor="#F8FAFC"><td><b>Solape Habitacional</b></td><td>0.00% (Segregado LADM)</td></tr>
              <tr><td><b>Lindero Vial</b></td><td>Infranqueable (Búfer LPIS 3.5m)</td></tr>
              <tr bgcolor="#F8FAFC"><td><b>Estándar Registral</b></td><td>✅ 100% Conforme ISO 19152</td></tr>
            </table>
          </div>
        ]]></description>
      <Polygon>
        <outerBoundaryIs><LinearRing>
          <coordinates>-78.78656923770905,-1.634681136107841,0 -78.7866336107254,-1.6347186717519624,0 -78.78664970397949,-1.6348366409192006,0 -78.7866336107254,-1.6348688143284473,0 -78.78655850887299,-1.6348902632679454,0 -78.78653168678284,-1.6348580898586984,0 -78.78655314445496,-1.6347991052750794,0 -78.7865424156189,-1.6347186717519624,0 -78.78656923770905,-1.634681136107841,0</coordinates>
        </LinearRing></outerBoundaryIs>
      </Polygon>
      </Placemark>
      <Placemark>
        <name>UPA-102 (0.02 ha)</name>
        <styleUrl>#upa_wireframe_style</styleUrl>
        <description><![CDATA[
          <div style="font-family: Arial, sans-serif; font-size: 12px; color: #1E293B;">
            <h3 style="color: #0F766E; margin-bottom: 4px;">FICHA PREDIAL: UPA-102</h3>
            <table border="1" cellpadding="4" cellspacing="0" style="border-collapse: collapse; width: 100%; border-color: #CBD5E1;">
              <tr bgcolor="#F8FAFC"><td><b>Escenario</b></td><td>1_Cultivos_Ladera_Calpi</td></tr>
              <tr><td><b>Superficie Útil</b></td><td><b>0.0208 ha</b> (208.2 m²)</td></tr>
              <tr bgcolor="#F8FAFC"><td><b>Vértices LADM</b></td><td>7 vértices (Conforme 4-10)</td></tr>
              <tr><td><b>Clase de Uso</b></td><td>Pastizal_Mixto</td></tr>
              <tr bgcolor="#F8FAFC"><td><b>Solape Habitacional</b></td><td>0.00% (Segregado LADM)</td></tr>
              <tr><td><b>Lindero Vial</b></td><td>Infranqueable (Búfer LPIS 3.5m)</td></tr>
              <tr bgcolor="#F8FAFC"><td><b>Estándar Registral</b></td><td>✅ 100% Conforme ISO 19152</td></tr>
            </table>
          </div>
        ]]></description>
      <Polygon>
        <outerBoundaryIs><LinearRing>
          <coordinates>-78.78313601016998,-1.636965448164364,0 -78.78317892551422,-1.6369439992248662,0 -78.78329157829285,-1.6370887795664768,0 -78.78329694271088,-1.6371209529757236,0 -78.78327012062073,-1.6371370396803469,0 -78.78321647644043,-1.6371370396803469,0 -78.78312528133392,-1.6370029838084852,0 -78.78313601016998,-1.636965448164364,0</coordinates>
        </LinearRing></outerBoundaryIs>
      </Polygon>
      </Placemark>
      <Placemark>
        <name>UPA-103 (0.02 ha)</name>
        <styleUrl>#upa_wireframe_style</styleUrl>
        <description><![CDATA[
          <div style="font-family: Arial, sans-serif; font-size: 12px; color: #1E293B;">
            <h3 style="color: #0F766E; margin-bottom: 4px;">FICHA PREDIAL: UPA-103</h3>
            <table border="1" cellpadding="4" cellspacing="0" style="border-collapse: collapse; width: 100%; border-color: #CBD5E1;">
              <tr bgcolor="#F8FAFC"><td><b>Escenario</b></td><td>1_Cultivos_Ladera_Calpi</td></tr>
              <tr><td><b>Superficie Útil</b></td><td><b>0.0204 ha</b> (204.0 m²)</td></tr>
              <tr bgcolor="#F8FAFC"><td><b>Vértices LADM</b></td><td>7 vértices (Conforme 4-10)</td></tr>
              <tr><td><b>Clase de Uso</b></td><td>Pastizal_Mixto</td></tr>
              <tr bgcolor="#F8FAFC"><td><b>Solape Habitacional</b></td><td>0.00% (Segregado LADM)</td></tr>
              <tr><td><b>Lindero Vial</b></td><td>Infranqueable (Búfer LPIS 3.5m)</td></tr>
              <tr bgcolor="#F8FAFC"><td><b>Estándar Registral</b></td><td>✅ 100% Conforme ISO 19152</td></tr>
            </table>
          </div>
        ]]></description>
      <Polygon>
        <outerBoundaryIs><LinearRing>
          <coordinates>-78.78328621387482,-1.633978683339286,0 -78.78336131572723,-1.634037667922905,0 -78.78340423107147,-1.6340912902716498,0 -78.78338277339935,-1.6341234636808966,0 -78.78333985805511,-1.6341556370901433,0 -78.78324329853058,-1.6340805658019009,0 -78.78322720527649,-1.634048392392654,0 -78.78328621387482,-1.633978683339286,0</coordinates>
        </LinearRing></outerBoundaryIs>
      </Polygon>
      </Placemark>
    </Folder>
    <Folder>
      <name>🏠 Viviendas y Edificaciones (Relleno Translúcido)</name>
      <open>0</open>
      <Placemark>
        <name>Edif_001 (Vivienda_Campesina)</name>
        <styleUrl>#building_style</styleUrl>
        <description><![CDATA[
          <div style="font-family: Arial, sans-serif; font-size: 11px;">
            <b style="color: #9333EA;">Edificación Rural LADM: Edif_001</b><br/>
            <b>Escenario:</b> 1_Cultivos_Ladera_Calpi<br/>
            <b>Tipología:</b> Vivienda_Campesina<br/>
            <b>Superficie de Cubierta:</b> 97.6 m²<br/>
            <b>Elevación 3D:</b> ✅ Verificada (Sombra Suroeste 3D)<br/>
            <b>Geometría:</b> Ortogonal LADM (90°)<br/>
            <b>Estado en UPA:</b> 100% Segregada (Búfer 1.5m)
          </div>
        ]]></description>
      <Polygon>
        <outerBoundaryIs><LinearRing>
          <coordinates>-78.78358459472656,-1.634426474571228,0 -78.78363800048828,-1.6343789100646973,0 -78.78353881835938,-1.6342631578445435,0 -78.78348541259766,-1.6343106031417847,0 -78.78358459472656,-1.634426474571228,0</coordinates>
        </LinearRing></outerBoundaryIs>
      </Polygon>
      </Placemark>
      <Placemark>
        <name>Edif_002 (Vivienda_Campesina)</name>
        <styleUrl>#building_style</styleUrl>
        <description><![CDATA[
          <div style="font-family: Arial, sans-serif; font-size: 11px;">
            <b style="color: #9333EA;">Edificación Rural LADM: Edif_002</b><br/>
            <b>Escenario:</b> 1_Cultivos_Ladera_Calpi<br/>
            <b>Tipología:</b> Vivienda_Campesina<br/>
            <b>Superficie de Cubierta:</b> 45.0 m²<br/>
            <b>Elevación 3D:</b> ✅ Verificada (Sombra Suroeste 3D)<br/>
            <b>Geometría:</b> Ortogonal LADM (90°)<br/>
            <b>Estado en UPA:</b> 100% Segregada (Búfer 1.5m)
          </div>
        ]]></description>
      <Polygon>
        <outerBoundaryIs><LinearRing>
          <coordinates>-78.78325653076172,-1.6333997249603271,0 -78.78330993652344,-1.6333794593811035,0 -78.78327941894531,-1.633287787437439,0 -78.78321838378906,-1.6333080530166626,0 -78.78325653076172,-1.6333997249603271,0</coordinates>
        </LinearRing></outerBoundaryIs>
      </Polygon>
      </Placemark>
      <Placemark>
        <name>Edif_003 (Vivienda_Campesina)</name>
        <styleUrl>#building_style</styleUrl>
        <description><![CDATA[
          <div style="font-family: Arial, sans-serif; font-size: 11px;">
            <b style="color: #9333EA;">Edificación Rural LADM: Edif_003</b><br/>
            <b>Escenario:</b> 1_Cultivos_Ladera_Calpi<br/>
            <b>Tipología:</b> Vivienda_Campesina<br/>
            <b>Superficie de Cubierta:</b> 41.8 m²<br/>
            <b>Elevación 3D:</b> ✅ Verificada (Sombra Suroeste 3D)<br/>
            <b>Geometría:</b> Ortogonal LADM (90°)<br/>
            <b>Estado en UPA:</b> 100% Segregada (Búfer 1.5m)
          </div>
        ]]></description>
      <Polygon>
        <outerBoundaryIs><LinearRing>
          <coordinates>-78.7838363647461,-1.633104681968689,0 -78.78385925292969,-1.6330617666244507,0 -78.78376770019531,-1.6330156326293945,0 -78.78374481201172,-1.6330585479736328,0 -78.7838363647461,-1.633104681968689,0</coordinates>
        </LinearRing></outerBoundaryIs>
      </Polygon>
      </Placemark>
      <Placemark>
        <name>Edif_004 (Vivienda_Campesina)</name>
        <styleUrl>#building_style</styleUrl>
        <description><![CDATA[
          <div style="font-family: Arial, sans-serif; font-size: 11px;">
            <b style="color: #9333EA;">Edificación Rural LADM: Edif_004</b><br/>
            <b>Escenario:</b> 1_Cultivos_Ladera_Calpi<br/>
            <b>Tipología:</b> Vivienda_Campesina<br/>
            <b>Superficie de Cubierta:</b> 36.5 m²<br/>
            <b>Elevación 3D:</b> ✅ Verificada (Sombra Suroeste 3D)<br/>
            <b>Geometría:</b> Ortogonal LADM (90°)<br/>
            <b>Estado en UPA:</b> 100% Segregada (Búfer 1.5m)
          </div>
        ]]></description>
      <Polygon>
        <outerBoundaryIs><LinearRing>
          <coordinates>-78.7831039428711,-1.63307785987854,0 -78.78316497802734,-1.63307785987854,0 -78.78316497802734,-1.6330134868621826,0 -78.7831039428711,-1.6330134868621826,0 -78.7831039428711,-1.63307785987854,0</coordinates>
        </LinearRing></outerBoundaryIs>
      </Polygon>
      </Placemark>
    </Folder>
    <Folder>
      <name>🛣️ Red Vial Rural (Calles y Caminos de Terracería)</name>
      <open>0</open>
      <Placemark>
        <name>Eje_Vial_01</name>
        <styleUrl>#road_style</styleUrl>
        <description><![CDATA[
          <b>Eje Vial Rural Oficial (OSM / LPIS)</b><br/>
          Escenario: 1_Cultivos_Ladera_Calpi<br/>
          Búfer de Infranqueabilidad: 3.5 metros<br/>
          Solape con UPAs: 0.00%
        ]]></description>
        <LineString>
          <coordinates>-78.78285706043243,-1.63711047137974,0 -78.78288933435624,-1.6371424019152214,0</coordinates>
        </LineString>
      </Placemark>
      <Placemark>
        <name>Eje_Vial_02</name>
        <styleUrl>#road_style</styleUrl>
        <description><![CDATA[
          <b>Eje Vial Rural Oficial (OSM / LPIS)</b><br/>
          Escenario: 1_Cultivos_Ladera_Calpi<br/>
          Búfer de Infranqueabilidad: 3.5 metros<br/>
          Solape con UPAs: 0.00%
        ]]></description>
        <LineString>
          <coordinates>-78.7843861,-1.635252,0 -78.7833827,-1.6363419,0</coordinates>
        </LineString>
      </Placemark>
      <Placemark>
        <name>Eje_Vial_03</name>
        <styleUrl>#road_style</styleUrl>
        <description><![CDATA[
          <b>Eje Vial Rural Oficial (OSM / LPIS)</b><br/>
          Escenario: 1_Cultivos_Ladera_Calpi<br/>
          Búfer de Infranqueabilidad: 3.5 metros<br/>
          Solape con UPAs: 0.00%
        ]]></description>
        <LineString>
          <coordinates>-78.7854618,-1.63317,0 -78.78518894635225,-1.6328526140156479,0</coordinates>
        </LineString>
      </Placemark>
      <Placemark>
        <name>Eje_Vial_04</name>
        <styleUrl>#road_style</styleUrl>
        <description><![CDATA[
          <b>Eje Vial Rural Oficial (OSM / LPIS)</b><br/>
          Escenario: 1_Cultivos_Ladera_Calpi<br/>
          Búfer de Infranqueabilidad: 3.5 metros<br/>
          Solape con UPAs: 0.00%
        ]]></description>
        <LineString>
          <coordinates>-78.78565386730207,-1.6328526140156479,0 -78.7854618,-1.63317,0 -78.7850922,-1.633788,0 -78.784691,-1.6344798,0 -78.7842619,-1.6351448,0</coordinates>
        </LineString>
      </Placemark>
      <Placemark>
        <name>Eje_Vial_05</name>
        <styleUrl>#road_style</styleUrl>
        <description><![CDATA[
          <b>Eje Vial Rural Oficial (OSM / LPIS)</b><br/>
          Escenario: 1_Cultivos_Ladera_Calpi<br/>
          Búfer de Infranqueabilidad: 3.5 metros<br/>
          Solape con UPAs: 0.00%
        ]]></description>
        <LineString>
          <coordinates>-78.7854927,-1.6363984,0 -78.7843861,-1.635252,0 -78.7842619,-1.6351448,0 -78.7836687,-1.6345845,0 -78.7831357,-1.6340348,0 -78.78285706043243,-1.6337812175981443,0</coordinates>
        </LineString>
      </Placemark>
      <Placemark>
        <name>Eje_Vial_06</name>
        <styleUrl>#road_style</styleUrl>
        <description><![CDATA[
          <b>Eje Vial Rural Oficial (OSM / LPIS)</b><br/>
          Escenario: 1_Cultivos_Ladera_Calpi<br/>
          Búfer de Infranqueabilidad: 3.5 metros<br/>
          Solape con UPAs: 0.00%
        ]]></description>
        <LineString>
          <coordinates>-78.7836034,-1.6366088,0 -78.7833827,-1.6363419,0 -78.78285706043243,-1.6357529179115122,0</coordinates>
        </LineString>
      </Placemark>
      <Placemark>
        <name>Eje_Vial_07</name>
        <styleUrl>#road_style</styleUrl>
        <description><![CDATA[
          <b>Eje Vial Rural Oficial (OSM / LPIS)</b><br/>
          Escenario: 1_Cultivos_Ladera_Calpi<br/>
          Búfer de Infranqueabilidad: 3.5 metros<br/>
          Solape con UPAs: 0.00%
        ]]></description>
        <LineString>
          <coordinates>-78.7836687,-1.6345845,0 -78.78285706043243,-1.635364910149334,0</coordinates>
        </LineString>
      </Placemark>
      <Placemark>
        <name>Eje_Vial_08</name>
        <styleUrl>#road_style</styleUrl>
        <description><![CDATA[
          <b>Eje Vial Rural Oficial (OSM / LPIS)</b><br/>
          Escenario: 1_Cultivos_Ladera_Calpi<br/>
          Búfer de Infranqueabilidad: 3.5 metros<br/>
          Solape con UPAs: 0.00%
        ]]></description>
        <LineString>
          <coordinates>-78.78422862363996,-1.6328526140156479,0 -78.7842205,-1.6328613,0 -78.7836763,-1.6334437,0 -78.7831357,-1.6340348,0 -78.78285706043243,-1.6343042837377821,0</coordinates>
        </LineString>
      </Placemark>
      <Placemark>
        <name>Eje_Vial_09</name>
        <styleUrl>#road_style</styleUrl>
        <description><![CDATA[
          <b>Eje Vial Rural Oficial (OSM / LPIS)</b><br/>
          Escenario: 1_Cultivos_Ladera_Calpi<br/>
          Búfer de Infranqueabilidad: 3.5 metros<br/>
          Solape con UPAs: 0.00%
        ]]></description>
        <LineString>
          <coordinates>-78.7850922,-1.633788,0 -78.7842205,-1.6328613,0 -78.78421167773946,-1.6328526140156479,0</coordinates>
        </LineString>
      </Placemark>
      <Placemark>
        <name>Eje_Vial_10</name>
        <styleUrl>#road_style</styleUrl>
        <description><![CDATA[
          <b>Eje Vial Rural Oficial (OSM / LPIS)</b><br/>
          Escenario: 1_Cultivos_Ladera_Calpi<br/>
          Búfer de Infranqueabilidad: 3.5 metros<br/>
          Solape con UPAs: 0.00%
        ]]></description>
        <LineString>
          <coordinates>-78.784691,-1.6344798,0 -78.7836763,-1.6334437,0 -78.783124,-1.6329387,0</coordinates>
        </LineString>
      </Placemark>
      <Placemark>
        <name>Eje_Vial_11</name>
        <styleUrl>#road_style</styleUrl>
        <description><![CDATA[
          <b>Eje Vial Rural Oficial (OSM / LPIS)</b><br/>
          Escenario: 1_Cultivos_Ladera_Calpi<br/>
          Búfer de Infranqueabilidad: 3.5 metros<br/>
          Solape con UPAs: 0.00%
        ]]></description>
        <LineString>
          <coordinates>-78.78320164315201,-1.6328526140156479,0 -78.783124,-1.6329387,0 -78.78285706043243,-1.63321124335141,0</coordinates>
        </LineString>
      </Placemark>
      <Placemark>
        <name>Eje_Vial_12</name>
        <styleUrl>#road_style</styleUrl>
        <description><![CDATA[
          <b>Eje Vial Rural Oficial (OSM / LPIS)</b><br/>
          Escenario: 1_Cultivos_Ladera_Calpi<br/>
          Búfer de Infranqueabilidad: 3.5 metros<br/>
          Solape con UPAs: 0.00%
        ]]></description>
        <LineString>
          <coordinates>-78.78285706043243,-1.6330184361843036,0 -78.78300935741,-1.6328526140156479,0</coordinates>
        </LineString>
      </Placemark>
    </Folder>
  </Folder>
  <Folder>
    <name>📍 Escenario: 2_Caserio_Rural_Lican</name>
    <open>0</open>
    <Folder>
      <name>🌾 UPAs Agrícolas (Sin Relleno - Wireframe Puro)</name>
      <open>0</open>
      <Placemark>
        <name>UPA-104 (2.17 ha)</name>
        <styleUrl>#upa_wireframe_style</styleUrl>
        <description><![CDATA[
          <div style="font-family: Arial, sans-serif; font-size: 12px; color: #1E293B;">
            <h3 style="color: #0F766E; margin-bottom: 4px;">FICHA PREDIAL: UPA-104</h3>
            <table border="1" cellpadding="4" cellspacing="0" style="border-collapse: collapse; width: 100%; border-color: #CBD5E1;">
              <tr bgcolor="#F8FAFC"><td><b>Escenario</b></td><td>2_Caserio_Rural_Lican</td></tr>
              <tr><td><b>Superficie Útil</b></td><td><b>2.1651 ha</b> (21650.6 m²)</td></tr>
              <tr bgcolor="#F8FAFC"><td><b>Vértices LADM</b></td><td>6 vértices (Conforme 4-10)</td></tr>
              <tr><td><b>Clase de Uso</b></td><td>Cultivo_Verde_Intensivo</td></tr>
              <tr bgcolor="#F8FAFC"><td><b>Solape Habitacional</b></td><td>0.00% (Segregado LADM)</td></tr>
              <tr><td><b>Lindero Vial</b></td><td>Infranqueable (Búfer LPIS 3.5m)</td></tr>
              <tr bgcolor="#F8FAFC"><td><b>Estándar Registral</b></td><td>✅ 100% Conforme ISO 19152</td></tr>
            </table>
          </div>
        ]]></description>
      <Polygon>
        <outerBoundaryIs><LinearRing>
          <coordinates>-78.71054470539093,-1.6478507425678082,0 -78.71214866638184,-1.6478507425678082,0 -78.71190190315247,-1.6486818826933352,0 -78.71214866638184,-1.648633622944111,0 -78.71214866638184,-1.649598817928594,0 -78.71125280857086,-1.6491859289630095,0 -78.71054470539093,-1.6478507425678082,0</coordinates>
        </LinearRing></outerBoundaryIs>
      </Polygon>
      </Placemark>
      <Placemark>
        <name>UPA-105 (0.56 ha)</name>
        <styleUrl>#upa_wireframe_style</styleUrl>
        <description><![CDATA[
          <div style="font-family: Arial, sans-serif; font-size: 12px; color: #1E293B;">
            <h3 style="color: #0F766E; margin-bottom: 4px;">FICHA PREDIAL: UPA-105</h3>
            <table border="1" cellpadding="4" cellspacing="0" style="border-collapse: collapse; width: 100%; border-color: #CBD5E1;">
              <tr bgcolor="#F8FAFC"><td><b>Escenario</b></td><td>2_Caserio_Rural_Lican</td></tr>
              <tr><td><b>Superficie Útil</b></td><td><b>0.5554 ha</b> (5553.7 m²)</td></tr>
              <tr bgcolor="#F8FAFC"><td><b>Vértices LADM</b></td><td>8 vértices (Conforme 4-10)</td></tr>
              <tr><td><b>Clase de Uso</b></td><td>Pastizal_Mixto</td></tr>
              <tr bgcolor="#F8FAFC"><td><b>Solape Habitacional</b></td><td>0.00% (Segregado LADM)</td></tr>
              <tr><td><b>Lindero Vial</b></td><td>Infranqueable (Búfer LPIS 3.5m)</td></tr>
              <tr bgcolor="#F8FAFC"><td><b>Estándar Registral</b></td><td>✅ 100% Conforme ISO 19152</td></tr>
            </table>
          </div>
        ]]></description>
      <Polygon>
        <outerBoundaryIs><LinearRing>
          <coordinates>-78.7116551399231,-1.6508857445745713,0 -78.71137082576752,-1.6510037128504527,0 -78.711097240448,-1.6507570519099737,0 -78.7109363079071,-1.650740965326899,0 -78.71081292629242,-1.6505425641356442,0 -78.71090412139893,-1.6502905410008069,0 -78.71162295341492,-1.6502101080854332,0 -78.71156394481659,-1.6503924226936133,0 -78.7116551399231,-1.6508857445745713,0</coordinates>
        </LinearRing></outerBoundaryIs>
      </Polygon>
      </Placemark>
      <Placemark>
        <name>UPA-106 (0.17 ha)</name>
        <styleUrl>#upa_wireframe_style</styleUrl>
        <description><![CDATA[
          <div style="font-family: Arial, sans-serif; font-size: 12px; color: #1E293B;">
            <h3 style="color: #0F766E; margin-bottom: 4px;">FICHA PREDIAL: UPA-106</h3>
            <table border="1" cellpadding="4" cellspacing="0" style="border-collapse: collapse; width: 100%; border-color: #CBD5E1;">
              <tr bgcolor="#F8FAFC"><td><b>Escenario</b></td><td>2_Caserio_Rural_Lican</td></tr>
              <tr><td><b>Superficie Útil</b></td><td><b>0.1706 ha</b> (1705.6 m²)</td></tr>
              <tr bgcolor="#F8FAFC"><td><b>Vértices LADM</b></td><td>7 vértices (Conforme 4-10)</td></tr>
              <tr><td><b>Clase de Uso</b></td><td>Pastizal_Mixto</td></tr>
              <tr bgcolor="#F8FAFC"><td><b>Solape Habitacional</b></td><td>0.00% (Segregado LADM)</td></tr>
              <tr><td><b>Lindero Vial</b></td><td>Infranqueable (Búfer LPIS 3.5m)</td></tr>
              <tr bgcolor="#F8FAFC"><td><b>Estándar Registral</b></td><td>✅ 100% Conforme ISO 19152</td></tr>
            </table>
          </div>
        ]]></description>
      <Polygon>
        <outerBoundaryIs><LinearRing>
          <coordinates>-78.70861887931824,-1.6478507425678082,0 -78.70850086212158,-1.6482850803108255,0 -78.70823264122009,-1.6482582693390344,0 -78.70815753936768,-1.6480920413139288,0 -78.7083238363266,-1.6480437815647047,0 -78.70822727680206,-1.6479687108436893,0 -78.70824873447418,-1.6478614669565246,0 -78.70861887931824,-1.6478507425678082,0</coordinates>
        </LinearRing></outerBoundaryIs>
      </Polygon>
      </Placemark>
      <Placemark>
        <name>UPA-107 (0.14 ha)</name>
        <styleUrl>#upa_wireframe_style</styleUrl>
        <description><![CDATA[
          <div style="font-family: Arial, sans-serif; font-size: 12px; color: #1E293B;">
            <h3 style="color: #0F766E; margin-bottom: 4px;">FICHA PREDIAL: UPA-107</h3>
            <table border="1" cellpadding="4" cellspacing="0" style="border-collapse: collapse; width: 100%; border-color: #CBD5E1;">
              <tr bgcolor="#F8FAFC"><td><b>Escenario</b></td><td>2_Caserio_Rural_Lican</td></tr>
              <tr><td><b>Superficie Útil</b></td><td><b>0.1427 ha</b> (1427.4 m²)</td></tr>
              <tr bgcolor="#F8FAFC"><td><b>Vértices LADM</b></td><td>6 vértices (Conforme 4-10)</td></tr>
              <tr><td><b>Clase de Uso</b></td><td>Pastizal_Mixto</td></tr>
              <tr bgcolor="#F8FAFC"><td><b>Solape Habitacional</b></td><td>0.00% (Segregado LADM)</td></tr>
              <tr><td><b>Lindero Vial</b></td><td>Infranqueable (Búfer LPIS 3.5m)</td></tr>
              <tr bgcolor="#F8FAFC"><td><b>Estándar Registral</b></td><td>✅ 100% Conforme ISO 19152</td></tr>
            </table>
          </div>
        ]]></description>
      <Polygon>
        <outerBoundaryIs><LinearRing>
          <coordinates>-78.70913922786713,-1.6482421827559597,0 -78.70889246463776,-1.648655071721544,0 -78.70861351490021,-1.6484673949190056,0 -78.70865643024445,-1.6483279778656914,0 -78.70885491371155,-1.648322615671333,0 -78.70901048183441,-1.648204647395452,0 -78.70913922786713,-1.6482421827559597,0</coordinates>
        </LinearRing></outerBoundaryIs>
      </Polygon>
      </Placemark>
      <Placemark>
        <name>UPA-108 (0.12 ha)</name>
        <styleUrl>#upa_wireframe_style</styleUrl>
        <description><![CDATA[
          <div style="font-family: Arial, sans-serif; font-size: 12px; color: #1E293B;">
            <h3 style="color: #0F766E; margin-bottom: 4px;">FICHA PREDIAL: UPA-108</h3>
            <table border="1" cellpadding="4" cellspacing="0" style="border-collapse: collapse; width: 100%; border-color: #CBD5E1;">
              <tr bgcolor="#F8FAFC"><td><b>Escenario</b></td><td>2_Caserio_Rural_Lican</td></tr>
              <tr><td><b>Superficie Útil</b></td><td><b>0.1190 ha</b> (1189.8 m²)</td></tr>
              <tr bgcolor="#F8FAFC"><td><b>Vértices LADM</b></td><td>8 vértices (Conforme 4-10)</td></tr>
              <tr><td><b>Clase de Uso</b></td><td>Pastizal_Mixto</td></tr>
              <tr bgcolor="#F8FAFC"><td><b>Solape Habitacional</b></td><td>0.00% (Segregado LADM)</td></tr>
              <tr><td><b>Lindero Vial</b></td><td>Infranqueable (Búfer LPIS 3.5m)</td></tr>
              <tr bgcolor="#F8FAFC"><td><b>Estándar Registral</b></td><td>✅ 100% Conforme ISO 19152</td></tr>
            </table>
          </div>
        ]]></description>
      <Polygon>
        <outerBoundaryIs><LinearRing>
          <coordinates>-78.70871543884277,-1.6486818826933352,0 -78.70860278606415,-1.648992889966113,0 -78.70840430259705,-1.6492020155460843,0 -78.70822727680206,-1.6490679606871284,0 -78.70839357376099,-1.6487784021917835,0 -78.70839357376099,-1.6489768033830383,0 -78.70866179466248,-1.6487944887748582,0 -78.70847940444946,-1.6486497095271857,0 -78.70871543884277,-1.6486818826933352,0</coordinates>
        </LinearRing></outerBoundaryIs>
      </Polygon>
      </Placemark>
      <Placemark>
        <name>UPA-109 (0.10 ha)</name>
        <styleUrl>#upa_wireframe_style</styleUrl>
        <description><![CDATA[
          <div style="font-family: Arial, sans-serif; font-size: 12px; color: #1E293B;">
            <h3 style="color: #0F766E; margin-bottom: 4px;">FICHA PREDIAL: UPA-109</h3>
            <table border="1" cellpadding="4" cellspacing="0" style="border-collapse: collapse; width: 100%; border-color: #CBD5E1;">
              <tr bgcolor="#F8FAFC"><td><b>Escenario</b></td><td>2_Caserio_Rural_Lican</td></tr>
              <tr><td><b>Superficie Útil</b></td><td><b>0.0960 ha</b> (960.1 m²)</td></tr>
              <tr bgcolor="#F8FAFC"><td><b>Vértices LADM</b></td><td>8 vértices (Conforme 4-10)</td></tr>
              <tr><td><b>Clase de Uso</b></td><td>Pastizal_Mixto</td></tr>
              <tr bgcolor="#F8FAFC"><td><b>Solape Habitacional</b></td><td>0.00% (Segregado LADM)</td></tr>
              <tr><td><b>Lindero Vial</b></td><td>Infranqueable (Búfer LPIS 3.5m)</td></tr>
              <tr bgcolor="#F8FAFC"><td><b>Estándar Registral</b></td><td>✅ 100% Conforme ISO 19152</td></tr>
            </table>
          </div>
        ]]></description>
      <Polygon>
        <outerBoundaryIs><LinearRing>
          <coordinates>-78.70968639850616,-1.6503066275838816,0 -78.70948255062103,-1.6504835799977033,0 -78.70934844017029,-1.650499666580778,0 -78.70926797389984,-1.650564012913077,0 -78.70916604995728,-1.6505318397469275,0 -78.70916604995728,-1.6503870604992552,0 -78.70930016040802,-1.6503709739161805,0 -78.70949327945709,-1.6502637300290157,0 -78.70968639850616,-1.6503066275838816,0</coordinates>
        </LinearRing></outerBoundaryIs>
      </Polygon>
      </Placemark>
      <Placemark>
        <name>UPA-110 (0.09 ha)</name>
        <styleUrl>#upa_wireframe_style</styleUrl>
        <description><![CDATA[
          <div style="font-family: Arial, sans-serif; font-size: 12px; color: #1E293B;">
            <h3 style="color: #0F766E; margin-bottom: 4px;">FICHA PREDIAL: UPA-110</h3>
            <table border="1" cellpadding="4" cellspacing="0" style="border-collapse: collapse; width: 100%; border-color: #CBD5E1;">
              <tr bgcolor="#F8FAFC"><td><b>Escenario</b></td><td>2_Caserio_Rural_Lican</td></tr>
              <tr><td><b>Superficie Útil</b></td><td><b>0.0886 ha</b> (886.0 m²)</td></tr>
              <tr bgcolor="#F8FAFC"><td><b>Vértices LADM</b></td><td>7 vértices (Conforme 4-10)</td></tr>
              <tr><td><b>Clase de Uso</b></td><td>Pastizal_Mixto</td></tr>
              <tr bgcolor="#F8FAFC"><td><b>Solape Habitacional</b></td><td>0.00% (Segregado LADM)</td></tr>
              <tr><td><b>Lindero Vial</b></td><td>Infranqueable (Búfer LPIS 3.5m)</td></tr>
              <tr bgcolor="#F8FAFC"><td><b>Estándar Registral</b></td><td>✅ 100% Conforme ISO 19152</td></tr>
            </table>
          </div>
        ]]></description>
      <Polygon>
        <outerBoundaryIs><LinearRing>
          <coordinates>-78.70813608169556,-1.6485102924738715,0 -78.70827555656433,-1.648472757113364,0 -78.70839893817902,-1.648542465640021,0 -78.7084150314331,-1.648633622944111,0 -78.7083238363266,-1.648815937552291,0 -78.70822727680206,-1.6487569534143505,0 -78.70811998844147,-1.648746229025634,0 -78.70813608169556,-1.6485102924738715,0</coordinates>
        </LinearRing></outerBoundaryIs>
      </Polygon>
      </Placemark>
      <Placemark>
        <name>UPA-111 (0.07 ha)</name>
        <styleUrl>#upa_wireframe_style</styleUrl>
        <description><![CDATA[
          <div style="font-family: Arial, sans-serif; font-size: 12px; color: #1E293B;">
            <h3 style="color: #0F766E; margin-bottom: 4px;">FICHA PREDIAL: UPA-111</h3>
            <table border="1" cellpadding="4" cellspacing="0" style="border-collapse: collapse; width: 100%; border-color: #CBD5E1;">
              <tr bgcolor="#F8FAFC"><td><b>Escenario</b></td><td>2_Caserio_Rural_Lican</td></tr>
              <tr><td><b>Superficie Útil</b></td><td><b>0.0677 ha</b> (676.6 m²)</td></tr>
              <tr bgcolor="#F8FAFC"><td><b>Vértices LADM</b></td><td>8 vértices (Conforme 4-10)</td></tr>
              <tr><td><b>Clase de Uso</b></td><td>Cultivo_Verde_Intensivo</td></tr>
              <tr bgcolor="#F8FAFC"><td><b>Solape Habitacional</b></td><td>0.00% (Segregado LADM)</td></tr>
              <tr><td><b>Lindero Vial</b></td><td>Infranqueable (Búfer LPIS 3.5m)</td></tr>
              <tr bgcolor="#F8FAFC"><td><b>Estándar Registral</b></td><td>✅ 100% Conforme ISO 19152</td></tr>
            </table>
          </div>
        ]]></description>
      <Polygon>
        <outerBoundaryIs><LinearRing>
          <coordinates>-78.7095308303833,-1.6480223327872718,0 -78.70957911014557,-1.6481134900913619,0 -78.70953619480133,-1.6482475449503178,0 -78.70941281318665,-1.6482689937277508,0 -78.70928406715393,-1.6482421827559597,0 -78.70925724506378,-1.6481671120349441,0 -78.70939671993256,-1.6480384193703466,0 -78.70948255062103,-1.648049143759063,0 -78.7095308303833,-1.6480223327872718,0</coordinates>
        </LinearRing></outerBoundaryIs>
      </Polygon>
      </Placemark>
      <Placemark>
        <name>UPA-112 (0.07 ha)</name>
        <styleUrl>#upa_wireframe_style</styleUrl>
        <description><![CDATA[
          <div style="font-family: Arial, sans-serif; font-size: 12px; color: #1E293B;">
            <h3 style="color: #0F766E; margin-bottom: 4px;">FICHA PREDIAL: UPA-112</h3>
            <table border="1" cellpadding="4" cellspacing="0" style="border-collapse: collapse; width: 100%; border-color: #CBD5E1;">
              <tr bgcolor="#F8FAFC"><td><b>Escenario</b></td><td>2_Caserio_Rural_Lican</td></tr>
              <tr><td><b>Superficie Útil</b></td><td><b>0.0672 ha</b> (672.1 m²)</td></tr>
              <tr bgcolor="#F8FAFC"><td><b>Vértices LADM</b></td><td>6 vértices (Conforme 4-10)</td></tr>
              <tr><td><b>Clase de Uso</b></td><td>Pastizal_Mixto</td></tr>
              <tr bgcolor="#F8FAFC"><td><b>Solape Habitacional</b></td><td>0.00% (Segregado LADM)</td></tr>
              <tr><td><b>Lindero Vial</b></td><td>Infranqueable (Búfer LPIS 3.5m)</td></tr>
              <tr bgcolor="#F8FAFC"><td><b>Estándar Registral</b></td><td>✅ 100% Conforme ISO 19152</td></tr>
            </table>
          </div>
        ]]></description>
      <Polygon>
        <outerBoundaryIs><LinearRing>
          <coordinates>-78.7094235420227,-1.6482797181164672,0 -78.70933771133423,-1.6484298595584979,0 -78.7091338634491,-1.6485102924738715,0 -78.70907485485077,-1.648478119307722,0 -78.70906949043274,-1.6483601510318409,0 -78.7091714143753,-1.6482797181164672,0 -78.7094235420227,-1.6482797181164672,0</coordinates>
        </LinearRing></outerBoundaryIs>
      </Polygon>
      </Placemark>
      <Placemark>
        <name>UPA-113 (0.06 ha)</name>
        <styleUrl>#upa_wireframe_style</styleUrl>
        <description><![CDATA[
          <div style="font-family: Arial, sans-serif; font-size: 12px; color: #1E293B;">
            <h3 style="color: #0F766E; margin-bottom: 4px;">FICHA PREDIAL: UPA-113</h3>
            <table border="1" cellpadding="4" cellspacing="0" style="border-collapse: collapse; width: 100%; border-color: #CBD5E1;">
              <tr bgcolor="#F8FAFC"><td><b>Escenario</b></td><td>2_Caserio_Rural_Lican</td></tr>
              <tr><td><b>Superficie Útil</b></td><td><b>0.0642 ha</b> (642.4 m²)</td></tr>
              <tr bgcolor="#F8FAFC"><td><b>Vértices LADM</b></td><td>6 vértices (Conforme 4-10)</td></tr>
              <tr><td><b>Clase de Uso</b></td><td>Pastizal_Mixto</td></tr>
              <tr bgcolor="#F8FAFC"><td><b>Solape Habitacional</b></td><td>0.00% (Segregado LADM)</td></tr>
              <tr><td><b>Lindero Vial</b></td><td>Infranqueable (Búfer LPIS 3.5m)</td></tr>
              <tr bgcolor="#F8FAFC"><td><b>Estándar Registral</b></td><td>✅ 100% Conforme ISO 19152</td></tr>
            </table>
          </div>
        ]]></description>
      <Polygon>
        <outerBoundaryIs><LinearRing>
          <coordinates>-78.70786249637604,-1.6517222468944566,0 -78.70813071727753,-1.652022529778518,0 -78.70826482772827,-1.652135135860041,0 -78.70803415775299,-1.652135135860041,0 -78.70806634426117,-1.652113687082608,0 -78.70786249637604,-1.6518991993082786,0 -78.70786249637604,-1.6517222468944566,0</coordinates>
        </LinearRing></outerBoundaryIs>
      </Polygon>
      </Placemark>
      <Placemark>
        <name>UPA-114 (0.06 ha)</name>
        <styleUrl>#upa_wireframe_style</styleUrl>
        <description><![CDATA[
          <div style="font-family: Arial, sans-serif; font-size: 12px; color: #1E293B;">
            <h3 style="color: #0F766E; margin-bottom: 4px;">FICHA PREDIAL: UPA-114</h3>
            <table border="1" cellpadding="4" cellspacing="0" style="border-collapse: collapse; width: 100%; border-color: #CBD5E1;">
              <tr bgcolor="#F8FAFC"><td><b>Escenario</b></td><td>2_Caserio_Rural_Lican</td></tr>
              <tr><td><b>Superficie Útil</b></td><td><b>0.0593 ha</b> (593.5 m²)</td></tr>
              <tr bgcolor="#F8FAFC"><td><b>Vértices LADM</b></td><td>7 vértices (Conforme 4-10)</td></tr>
              <tr><td><b>Clase de Uso</b></td><td>Pastizal_Mixto</td></tr>
              <tr bgcolor="#F8FAFC"><td><b>Solape Habitacional</b></td><td>0.00% (Segregado LADM)</td></tr>
              <tr><td><b>Lindero Vial</b></td><td>Infranqueable (Búfer LPIS 3.5m)</td></tr>
              <tr bgcolor="#F8FAFC"><td><b>Estándar Registral</b></td><td>✅ 100% Conforme ISO 19152</td></tr>
            </table>
          </div>
        ]]></description>
      <Polygon>
        <outerBoundaryIs><LinearRing>
          <coordinates>-78.71191799640656,-1.6497006996214005,0 -78.71205747127533,-1.6497221483988336,0 -78.71211647987366,-1.6498293922859983,0 -78.71213793754578,-1.6500277934772531,0 -78.71201992034912,-1.6499956203111037,0 -78.71197700500488,-1.6499419983675212,0 -78.71191263198853,-1.6498025813142072,0 -78.71191799640656,-1.6497006996214005,0</coordinates>
        </LinearRing></outerBoundaryIs>
      </Polygon>
      </Placemark>
      <Placemark>
        <name>UPA-115 (0.06 ha)</name>
        <styleUrl>#upa_wireframe_style</styleUrl>
        <description><![CDATA[
          <div style="font-family: Arial, sans-serif; font-size: 12px; color: #1E293B;">
            <h3 style="color: #0F766E; margin-bottom: 4px;">FICHA PREDIAL: UPA-115</h3>
            <table border="1" cellpadding="4" cellspacing="0" style="border-collapse: collapse; width: 100%; border-color: #CBD5E1;">
              <tr bgcolor="#F8FAFC"><td><b>Escenario</b></td><td>2_Caserio_Rural_Lican</td></tr>
              <tr><td><b>Superficie Útil</b></td><td><b>0.0586 ha</b> (585.8 m²)</td></tr>
              <tr bgcolor="#F8FAFC"><td><b>Vértices LADM</b></td><td>8 vértices (Conforme 4-10)</td></tr>
              <tr><td><b>Clase de Uso</b></td><td>Cultivo_Verde_Intensivo</td></tr>
              <tr bgcolor="#F8FAFC"><td><b>Solape Habitacional</b></td><td>0.00% (Segregado LADM)</td></tr>
              <tr><td><b>Lindero Vial</b></td><td>Infranqueable (Búfer LPIS 3.5m)</td></tr>
              <tr bgcolor="#F8FAFC"><td><b>Estándar Registral</b></td><td>✅ 100% Conforme ISO 19152</td></tr>
            </table>
          </div>
        ]]></description>
      <Polygon>
        <outerBoundaryIs><LinearRing>
          <coordinates>-78.7111508846283,-1.649330708210682,0 -78.71119916439056,-1.6494486764865632,0 -78.71110260486603,-1.6494969362357874,0 -78.71112942695618,-1.64955055817937,0 -78.71100604534149,-1.6496899752326841,0 -78.71094167232513,-1.649620266706027,0 -78.71095776557922,-1.6494808496527127,0 -78.71108651161194,-1.6493467947937568,0 -78.7111508846283,-1.649330708210682,0</coordinates>
        </LinearRing></outerBoundaryIs>
      </Polygon>
      </Placemark>
      <Placemark>
        <name>UPA-116 (0.05 ha)</name>
        <styleUrl>#upa_wireframe_style</styleUrl>
        <description><![CDATA[
          <div style="font-family: Arial, sans-serif; font-size: 12px; color: #1E293B;">
            <h3 style="color: #0F766E; margin-bottom: 4px;">FICHA PREDIAL: UPA-116</h3>
            <table border="1" cellpadding="4" cellspacing="0" style="border-collapse: collapse; width: 100%; border-color: #CBD5E1;">
              <tr bgcolor="#F8FAFC"><td><b>Escenario</b></td><td>2_Caserio_Rural_Lican</td></tr>
              <tr><td><b>Superficie Útil</b></td><td><b>0.0523 ha</b> (522.8 m²)</td></tr>
              <tr bgcolor="#F8FAFC"><td><b>Vértices LADM</b></td><td>8 vértices (Conforme 4-10)</td></tr>
              <tr><td><b>Clase de Uso</b></td><td>Pastizal_Mixto</td></tr>
              <tr bgcolor="#F8FAFC"><td><b>Solape Habitacional</b></td><td>0.00% (Segregado LADM)</td></tr>
              <tr><td><b>Lindero Vial</b></td><td>Infranqueable (Búfer LPIS 3.5m)</td></tr>
              <tr bgcolor="#F8FAFC"><td><b>Estándar Registral</b></td><td>✅ 100% Conforme ISO 19152</td></tr>
            </table>
          </div>
        ]]></description>
      <Polygon>
        <outerBoundaryIs><LinearRing>
          <coordinates>-78.71089339256287,-1.6498830142295806,0 -78.7109899520874,-1.6499259117844467,0 -78.71098458766937,-1.6497704081480578,0 -78.71103823184967,-1.64973287278755,0 -78.71092557907104,-1.6496149045116688,0 -78.71094945367875,-1.6495528562626853,0 -78.71095046008888,-1.6495441376571773,0 -78.71083438396454,-1.6494808496527127,0 -78.71089339256287,-1.6498830142295806,0</coordinates>
        </LinearRing></outerBoundaryIs>
      </Polygon>
      </Placemark>
      <Placemark>
        <name>UPA-117 (0.05 ha)</name>
        <styleUrl>#upa_wireframe_style</styleUrl>
        <description><![CDATA[
          <div style="font-family: Arial, sans-serif; font-size: 12px; color: #1E293B;">
            <h3 style="color: #0F766E; margin-bottom: 4px;">FICHA PREDIAL: UPA-117</h3>
            <table border="1" cellpadding="4" cellspacing="0" style="border-collapse: collapse; width: 100%; border-color: #CBD5E1;">
              <tr bgcolor="#F8FAFC"><td><b>Escenario</b></td><td>2_Caserio_Rural_Lican</td></tr>
              <tr><td><b>Superficie Útil</b></td><td><b>0.0497 ha</b> (497.4 m²)</td></tr>
              <tr bgcolor="#F8FAFC"><td><b>Vértices LADM</b></td><td>6 vértices (Conforme 4-10)</td></tr>
              <tr><td><b>Clase de Uso</b></td><td>Pastizal_Mixto</td></tr>
              <tr bgcolor="#F8FAFC"><td><b>Solape Habitacional</b></td><td>0.00% (Segregado LADM)</td></tr>
              <tr><td><b>Lindero Vial</b></td><td>Infranqueable (Búfer LPIS 3.5m)</td></tr>
              <tr bgcolor="#F8FAFC"><td><b>Estándar Registral</b></td><td>✅ 100% Conforme ISO 19152</td></tr>
            </table>
          </div>
        ]]></description>
      <Polygon>
        <outerBoundaryIs><LinearRing>
          <coordinates>-78.71075928211212,-1.6516203652016501,0 -78.71082365512848,-1.651641813979083,0 -78.71085584163666,-1.651867026142129,0 -78.71078610420227,-1.6520707895277422,0 -78.71073782444,-1.651979632223652,0 -78.71072709560394,-1.6516579005621577,0 -78.71075928211212,-1.6516203652016501,0</coordinates>
        </LinearRing></outerBoundaryIs>
      </Polygon>
      </Placemark>
      <Placemark>
        <name>UPA-118 (0.05 ha)</name>
        <styleUrl>#upa_wireframe_style</styleUrl>
        <description><![CDATA[
          <div style="font-family: Arial, sans-serif; font-size: 12px; color: #1E293B;">
            <h3 style="color: #0F766E; margin-bottom: 4px;">FICHA PREDIAL: UPA-118</h3>
            <table border="1" cellpadding="4" cellspacing="0" style="border-collapse: collapse; width: 100%; border-color: #CBD5E1;">
              <tr bgcolor="#F8FAFC"><td><b>Escenario</b></td><td>2_Caserio_Rural_Lican</td></tr>
              <tr><td><b>Superficie Útil</b></td><td><b>0.0494 ha</b> (493.7 m²)</td></tr>
              <tr bgcolor="#F8FAFC"><td><b>Vértices LADM</b></td><td>8 vértices (Conforme 4-10)</td></tr>
              <tr><td><b>Clase de Uso</b></td><td>Cultivo_Verde_Intensivo</td></tr>
              <tr bgcolor="#F8FAFC"><td><b>Solape Habitacional</b></td><td>0.00% (Segregado LADM)</td></tr>
              <tr><td><b>Lindero Vial</b></td><td>Infranqueable (Búfer LPIS 3.5m)</td></tr>
              <tr bgcolor="#F8FAFC"><td><b>Estándar Registral</b></td><td>✅ 100% Conforme ISO 19152</td></tr>
            </table>
          </div>
        ]]></description>
      <Polygon>
        <outerBoundaryIs><LinearRing>
          <coordinates>-78.70985269546509,-1.6478507425678082,0 -78.70985269546509,-1.6478829157339576,0 -78.70979368686676,-1.6479687108436893,0 -78.7097293138504,-1.6479901596211224,0 -78.70964348316193,-1.6480866791195707,0 -78.70962202548981,-1.6480974035082872,0 -78.70956838130951,-1.6480545059534213,0 -78.70962738990784,-1.6478507425678082,0 -78.70985269546509,-1.6478507425678082,0</coordinates>
        </LinearRing></outerBoundaryIs>
      </Polygon>
      </Placemark>
      <Placemark>
        <name>UPA-119 (0.04 ha)</name>
        <styleUrl>#upa_wireframe_style</styleUrl>
        <description><![CDATA[
          <div style="font-family: Arial, sans-serif; font-size: 12px; color: #1E293B;">
            <h3 style="color: #0F766E; margin-bottom: 4px;">FICHA PREDIAL: UPA-119</h3>
            <table border="1" cellpadding="4" cellspacing="0" style="border-collapse: collapse; width: 100%; border-color: #CBD5E1;">
              <tr bgcolor="#F8FAFC"><td><b>Escenario</b></td><td>2_Caserio_Rural_Lican</td></tr>
              <tr><td><b>Superficie Útil</b></td><td><b>0.0448 ha</b> (448.2 m²)</td></tr>
              <tr bgcolor="#F8FAFC"><td><b>Vértices LADM</b></td><td>8 vértices (Conforme 4-10)</td></tr>
              <tr><td><b>Clase de Uso</b></td><td>Pastizal_Mixto</td></tr>
              <tr bgcolor="#F8FAFC"><td><b>Solape Habitacional</b></td><td>0.00% (Segregado LADM)</td></tr>
              <tr><td><b>Lindero Vial</b></td><td>Infranqueable (Búfer LPIS 3.5m)</td></tr>
              <tr bgcolor="#F8FAFC"><td><b>Estándar Registral</b></td><td>✅ 100% Conforme ISO 19152</td></tr>
            </table>
          </div>
        ]]></description>
      <Polygon>
        <outerBoundaryIs><LinearRing>
          <coordinates>-78.70869934558868,-1.652135135860041,0 -78.70833992958069,-1.652135135860041,0 -78.70832920074463,-1.6520976004995334,0 -78.70836675167084,-1.6520439785559509,0 -78.7085223197937,-1.6519849944180103,0 -78.708575963974,-1.6519957188067267,0 -78.70865106582642,-1.6520815139164586,0 -78.70864570140839,-1.652113687082608,0 -78.70869934558868,-1.652135135860041,0</coordinates>
        </LinearRing></outerBoundaryIs>
      </Polygon>
      </Placemark>
      <Placemark>
        <name>UPA-120 (0.04 ha)</name>
        <styleUrl>#upa_wireframe_style</styleUrl>
        <description><![CDATA[
          <div style="font-family: Arial, sans-serif; font-size: 12px; color: #1E293B;">
            <h3 style="color: #0F766E; margin-bottom: 4px;">FICHA PREDIAL: UPA-120</h3>
            <table border="1" cellpadding="4" cellspacing="0" style="border-collapse: collapse; width: 100%; border-color: #CBD5E1;">
              <tr bgcolor="#F8FAFC"><td><b>Escenario</b></td><td>2_Caserio_Rural_Lican</td></tr>
              <tr><td><b>Superficie Útil</b></td><td><b>0.0448 ha</b> (448.0 m²)</td></tr>
              <tr bgcolor="#F8FAFC"><td><b>Vértices LADM</b></td><td>8 vértices (Conforme 4-10)</td></tr>
              <tr><td><b>Clase de Uso</b></td><td>Pastizal_Mixto</td></tr>
              <tr bgcolor="#F8FAFC"><td><b>Solape Habitacional</b></td><td>0.00% (Segregado LADM)</td></tr>
              <tr><td><b>Lindero Vial</b></td><td>Infranqueable (Búfer LPIS 3.5m)</td></tr>
              <tr bgcolor="#F8FAFC"><td><b>Estándar Registral</b></td><td>✅ 100% Conforme ISO 19152</td></tr>
            </table>
          </div>
        ]]></description>
      <Polygon>
        <outerBoundaryIs><LinearRing>
          <coordinates>-78.7119609117508,-1.6502315568628663,0 -78.71202528476715,-1.650338800750031,0 -78.711998462677,-1.6504138714710463,0 -78.7119609117508,-1.650429958054121,0 -78.7119072675705,-1.6503924226936133,0 -78.71178925037384,-1.6504353202484794,0 -78.71176779270172,-1.6503334385556727,0 -78.71184825897217,-1.650247643445941,0 -78.7119609117508,-1.6502315568628663,0</coordinates>
        </LinearRing></outerBoundaryIs>
      </Polygon>
      </Placemark>
      <Placemark>
        <name>UPA-121 (0.04 ha)</name>
        <styleUrl>#upa_wireframe_style</styleUrl>
        <description><![CDATA[
          <div style="font-family: Arial, sans-serif; font-size: 12px; color: #1E293B;">
            <h3 style="color: #0F766E; margin-bottom: 4px;">FICHA PREDIAL: UPA-121</h3>
            <table border="1" cellpadding="4" cellspacing="0" style="border-collapse: collapse; width: 100%; border-color: #CBD5E1;">
              <tr bgcolor="#F8FAFC"><td><b>Escenario</b></td><td>2_Caserio_Rural_Lican</td></tr>
              <tr><td><b>Superficie Útil</b></td><td><b>0.0385 ha</b> (384.9 m²)</td></tr>
              <tr bgcolor="#F8FAFC"><td><b>Vértices LADM</b></td><td>5 vértices (Conforme 4-10)</td></tr>
              <tr><td><b>Clase de Uso</b></td><td>Cultivo_Verde_Intensivo</td></tr>
              <tr bgcolor="#F8FAFC"><td><b>Solape Habitacional</b></td><td>0.00% (Segregado LADM)</td></tr>
              <tr><td><b>Lindero Vial</b></td><td>Infranqueable (Búfer LPIS 3.5m)</td></tr>
              <tr bgcolor="#F8FAFC"><td><b>Estándar Registral</b></td><td>✅ 100% Conforme ISO 19152</td></tr>
            </table>
          </div>
        ]]></description>
      <Polygon>
        <outerBoundaryIs><LinearRing>
          <coordinates>-78.71210038661957,-1.6500546044490443,0 -78.71214866638184,-1.650070691032119,0 -78.71213793754578,-1.6504674934146286,0 -78.71208965778351,-1.6504245958597628,0 -78.71203064918518,-1.6501457617531343,0 -78.71210038661957,-1.6500546044490443,0</coordinates>
        </LinearRing></outerBoundaryIs>
      </Polygon>
      </Placemark>
      <Placemark>
        <name>UPA-122 (0.04 ha)</name>
        <styleUrl>#upa_wireframe_style</styleUrl>
        <description><![CDATA[
          <div style="font-family: Arial, sans-serif; font-size: 12px; color: #1E293B;">
            <h3 style="color: #0F766E; margin-bottom: 4px;">FICHA PREDIAL: UPA-122</h3>
            <table border="1" cellpadding="4" cellspacing="0" style="border-collapse: collapse; width: 100%; border-color: #CBD5E1;">
              <tr bgcolor="#F8FAFC"><td><b>Escenario</b></td><td>2_Caserio_Rural_Lican</td></tr>
              <tr><td><b>Superficie Útil</b></td><td><b>0.0376 ha</b> (375.5 m²)</td></tr>
              <tr bgcolor="#F8FAFC"><td><b>Vértices LADM</b></td><td>7 vértices (Conforme 4-10)</td></tr>
              <tr><td><b>Clase de Uso</b></td><td>Pastizal_Mixto</td></tr>
              <tr bgcolor="#F8FAFC"><td><b>Solape Habitacional</b></td><td>0.00% (Segregado LADM)</td></tr>
              <tr><td><b>Lindero Vial</b></td><td>Infranqueable (Búfer LPIS 3.5m)</td></tr>
              <tr bgcolor="#F8FAFC"><td><b>Estándar Registral</b></td><td>✅ 100% Conforme ISO 19152</td></tr>
            </table>
          </div>
        ]]></description>
      <Polygon>
        <outerBoundaryIs><LinearRing>
          <coordinates>-78.7114942073822,-1.6494915740414293,0 -78.71147811412811,-1.6495398337906535,0 -78.71141910552979,-1.649577369151161,0 -78.7112420797348,-1.649598817928594,0 -78.71128499507904,-1.6494754874583546,0 -78.71136546134949,-1.6494111411260557,0 -78.71141374111176,-1.6494111411260557,0 -78.7114942073822,-1.6494915740414293,0</coordinates>
        </LinearRing></outerBoundaryIs>
      </Polygon>
      </Placemark>
      <Placemark>
        <name>UPA-123 (0.04 ha)</name>
        <styleUrl>#upa_wireframe_style</styleUrl>
        <description><![CDATA[
          <div style="font-family: Arial, sans-serif; font-size: 12px; color: #1E293B;">
            <h3 style="color: #0F766E; margin-bottom: 4px;">FICHA PREDIAL: UPA-123</h3>
            <table border="1" cellpadding="4" cellspacing="0" style="border-collapse: collapse; width: 100%; border-color: #CBD5E1;">
              <tr bgcolor="#F8FAFC"><td><b>Escenario</b></td><td>2_Caserio_Rural_Lican</td></tr>
              <tr><td><b>Superficie Útil</b></td><td><b>0.0371 ha</b> (371.4 m²)</td></tr>
              <tr bgcolor="#F8FAFC"><td><b>Vértices LADM</b></td><td>8 vértices (Conforme 4-10)</td></tr>
              <tr><td><b>Clase de Uso</b></td><td>Pastizal_Mixto</td></tr>
              <tr bgcolor="#F8FAFC"><td><b>Solape Habitacional</b></td><td>0.00% (Segregado LADM)</td></tr>
              <tr><td><b>Lindero Vial</b></td><td>Infranqueable (Búfer LPIS 3.5m)</td></tr>
              <tr bgcolor="#F8FAFC"><td><b>Estándar Registral</b></td><td>✅ 100% Conforme ISO 19152</td></tr>
            </table>
          </div>
        ]]></description>
      <Polygon>
        <outerBoundaryIs><LinearRing>
          <coordinates>-78.71136009693146,-1.6511216811263338,0 -78.71139764785767,-1.6510412482109602,0 -78.71153175830841,-1.651078783571468,0 -78.71164441108704,-1.6510519725996768,0 -78.71172487735748,-1.6510519725996768,0 -78.71175169944763,-1.6510948701545427,0 -78.71182143688202,-1.651078783571468,0 -78.71175169944763,-1.651148492098125,0 -78.71136009693146,-1.6511216811263338,0</coordinates>
        </LinearRing></outerBoundaryIs>
      </Polygon>
      </Placemark>
      <Placemark>
        <name>UPA-124 (0.04 ha)</name>
        <styleUrl>#upa_wireframe_style</styleUrl>
        <description><![CDATA[
          <div style="font-family: Arial, sans-serif; font-size: 12px; color: #1E293B;">
            <h3 style="color: #0F766E; margin-bottom: 4px;">FICHA PREDIAL: UPA-124</h3>
            <table border="1" cellpadding="4" cellspacing="0" style="border-collapse: collapse; width: 100%; border-color: #CBD5E1;">
              <tr bgcolor="#F8FAFC"><td><b>Escenario</b></td><td>2_Caserio_Rural_Lican</td></tr>
              <tr><td><b>Superficie Útil</b></td><td><b>0.0359 ha</b> (358.7 m²)</td></tr>
              <tr bgcolor="#F8FAFC"><td><b>Vértices LADM</b></td><td>7 vértices (Conforme 4-10)</td></tr>
              <tr><td><b>Clase de Uso</b></td><td>Pastizal_Mixto</td></tr>
              <tr bgcolor="#F8FAFC"><td><b>Solape Habitacional</b></td><td>0.00% (Segregado LADM)</td></tr>
              <tr><td><b>Lindero Vial</b></td><td>Infranqueable (Búfer LPIS 3.5m)</td></tr>
              <tr bgcolor="#F8FAFC"><td><b>Estándar Registral</b></td><td>✅ 100% Conforme ISO 19152</td></tr>
            </table>
          </div>
        ]]></description>
      <Polygon>
        <outerBoundaryIs><LinearRing>
          <coordinates>-78.7113493680954,-1.6496792508439677,0 -78.7112957239151,-1.6498615654521478,0 -78.71108651161194,-1.6498562032577895,0 -78.71110796928406,-1.64973287278755,0 -78.7111884355545,-1.6497811325367742,0 -78.71123135089874,-1.6497704081480578,0 -78.7112420797348,-1.6496792508439677,0 -78.7113493680954,-1.6496792508439677,0</coordinates>
        </LinearRing></outerBoundaryIs>
      </Polygon>
      </Placemark>
      <Placemark>
        <name>UPA-125 (0.04 ha)</name>
        <styleUrl>#upa_wireframe_style</styleUrl>
        <description><![CDATA[
          <div style="font-family: Arial, sans-serif; font-size: 12px; color: #1E293B;">
            <h3 style="color: #0F766E; margin-bottom: 4px;">FICHA PREDIAL: UPA-125</h3>
            <table border="1" cellpadding="4" cellspacing="0" style="border-collapse: collapse; width: 100%; border-color: #CBD5E1;">
              <tr bgcolor="#F8FAFC"><td><b>Escenario</b></td><td>2_Caserio_Rural_Lican</td></tr>
              <tr><td><b>Superficie Útil</b></td><td><b>0.0351 ha</b> (350.7 m²)</td></tr>
              <tr bgcolor="#F8FAFC"><td><b>Vértices LADM</b></td><td>7 vértices (Conforme 4-10)</td></tr>
              <tr><td><b>Clase de Uso</b></td><td>Cultivo_Verde_Intensivo</td></tr>
              <tr bgcolor="#F8FAFC"><td><b>Solape Habitacional</b></td><td>0.00% (Segregado LADM)</td></tr>
              <tr><td><b>Lindero Vial</b></td><td>Infranqueable (Búfer LPIS 3.5m)</td></tr>
              <tr bgcolor="#F8FAFC"><td><b>Estándar Registral</b></td><td>✅ 100% Conforme ISO 19152</td></tr>
            </table>
          </div>
        ]]></description>
      <Polygon>
        <outerBoundaryIs><LinearRing>
          <coordinates>-78.70884418487549,-1.6478507425678082,0 -78.70882272720337,-1.647893640122674,0 -78.7088280916214,-1.6480974035082872,0 -78.70876371860504,-1.6481456632575113,0 -78.7087208032608,-1.6481134900913619,0 -78.70871543884277,-1.6479740730380477,0 -78.70874226093292,-1.6478507425678082,0 -78.70884418487549,-1.6478507425678082,0</coordinates>
        </LinearRing></outerBoundaryIs>
      </Polygon>
      </Placemark>
      <Placemark>
        <name>UPA-126 (0.03 ha)</name>
        <styleUrl>#upa_wireframe_style</styleUrl>
        <description><![CDATA[
          <div style="font-family: Arial, sans-serif; font-size: 12px; color: #1E293B;">
            <h3 style="color: #0F766E; margin-bottom: 4px;">FICHA PREDIAL: UPA-126</h3>
            <table border="1" cellpadding="4" cellspacing="0" style="border-collapse: collapse; width: 100%; border-color: #CBD5E1;">
              <tr bgcolor="#F8FAFC"><td><b>Escenario</b></td><td>2_Caserio_Rural_Lican</td></tr>
              <tr><td><b>Superficie Útil</b></td><td><b>0.0343 ha</b> (342.5 m²)</td></tr>
              <tr bgcolor="#F8FAFC"><td><b>Vértices LADM</b></td><td>7 vértices (Conforme 4-10)</td></tr>
              <tr><td><b>Clase de Uso</b></td><td>Pastizal_Mixto</td></tr>
              <tr bgcolor="#F8FAFC"><td><b>Solape Habitacional</b></td><td>0.00% (Segregado LADM)</td></tr>
              <tr><td><b>Lindero Vial</b></td><td>Infranqueable (Búfer LPIS 3.5m)</td></tr>
              <tr bgcolor="#F8FAFC"><td><b>Estándar Registral</b></td><td>✅ 100% Conforme ISO 19152</td></tr>
            </table>
          </div>
        ]]></description>
      <Polygon>
        <outerBoundaryIs><LinearRing>
          <coordinates>-78.70994925498962,-1.651775868838039,0 -78.71012091636658,-1.6518294907816213,0 -78.71009409427643,-1.651909923696995,0 -78.70998680591583,-1.6519742700292939,0 -78.70995461940765,-1.6519581834462191,0 -78.70994925498962,-1.6519206480857114,0 -78.70987951755524,-1.6519045615026366,0 -78.70994925498962,-1.651775868838039,0</coordinates>
        </LinearRing></outerBoundaryIs>
      </Polygon>
      </Placemark>
      <Placemark>
        <name>UPA-127 (0.03 ha)</name>
        <styleUrl>#upa_wireframe_style</styleUrl>
        <description><![CDATA[
          <div style="font-family: Arial, sans-serif; font-size: 12px; color: #1E293B;">
            <h3 style="color: #0F766E; margin-bottom: 4px;">FICHA PREDIAL: UPA-127</h3>
            <table border="1" cellpadding="4" cellspacing="0" style="border-collapse: collapse; width: 100%; border-color: #CBD5E1;">
              <tr bgcolor="#F8FAFC"><td><b>Escenario</b></td><td>2_Caserio_Rural_Lican</td></tr>
              <tr><td><b>Superficie Útil</b></td><td><b>0.0318 ha</b> (318.1 m²)</td></tr>
              <tr bgcolor="#F8FAFC"><td><b>Vértices LADM</b></td><td>6 vértices (Conforme 4-10)</td></tr>
              <tr><td><b>Clase de Uso</b></td><td>Pastizal_Mixto</td></tr>
              <tr bgcolor="#F8FAFC"><td><b>Solape Habitacional</b></td><td>0.00% (Segregado LADM)</td></tr>
              <tr><td><b>Lindero Vial</b></td><td>Infranqueable (Búfer LPIS 3.5m)</td></tr>
              <tr bgcolor="#F8FAFC"><td><b>Estándar Registral</b></td><td>✅ 100% Conforme ISO 19152</td></tr>
            </table>
          </div>
        ]]></description>
      <Polygon>
        <outerBoundaryIs><LinearRing>
          <coordinates>-78.71164977550507,-1.6501243129757015,0 -78.71164441108704,-1.6501672105305674,0 -78.71158540248871,-1.6502101080854332,0 -78.71128499507904,-1.6502101080854332,0 -78.7114405632019,-1.6501243129757015,0 -78.71157467365265,-1.6500975020039101,0 -78.71164977550507,-1.6501243129757015,0</coordinates>
        </LinearRing></outerBoundaryIs>
      </Polygon>
      </Placemark>
      <Placemark>
        <name>UPA-128 (0.03 ha)</name>
        <styleUrl>#upa_wireframe_style</styleUrl>
        <description><![CDATA[
          <div style="font-family: Arial, sans-serif; font-size: 12px; color: #1E293B;">
            <h3 style="color: #0F766E; margin-bottom: 4px;">FICHA PREDIAL: UPA-128</h3>
            <table border="1" cellpadding="4" cellspacing="0" style="border-collapse: collapse; width: 100%; border-color: #CBD5E1;">
              <tr bgcolor="#F8FAFC"><td><b>Escenario</b></td><td>2_Caserio_Rural_Lican</td></tr>
              <tr><td><b>Superficie Útil</b></td><td><b>0.0310 ha</b> (309.9 m²)</td></tr>
              <tr bgcolor="#F8FAFC"><td><b>Vértices LADM</b></td><td>6 vértices (Conforme 4-10)</td></tr>
              <tr><td><b>Clase de Uso</b></td><td>Pastizal_Mixto</td></tr>
              <tr bgcolor="#F8FAFC"><td><b>Solape Habitacional</b></td><td>0.00% (Segregado LADM)</td></tr>
              <tr><td><b>Lindero Vial</b></td><td>Infranqueable (Búfer LPIS 3.5m)</td></tr>
              <tr bgcolor="#F8FAFC"><td><b>Estándar Registral</b></td><td>✅ 100% Conforme ISO 19152</td></tr>
            </table>
          </div>
        ]]></description>
      <Polygon>
        <outerBoundaryIs><LinearRing>
          <coordinates>-78.71112942695618,-1.6510090750448108,0 -78.71127963066101,-1.6510412482109602,0 -78.71133863925934,-1.650987626267378,0 -78.71133054326648,-1.6509673946751675,0 -78.71127785742283,-1.6509198938086416,0 -78.71110796928406,-1.6508589336027801,0 -78.71112942695618,-1.6510090750448108,0</coordinates>
        </LinearRing></outerBoundaryIs>
      </Polygon>
      </Placemark>
      <Placemark>
        <name>UPA-129 (0.03 ha)</name>
        <styleUrl>#upa_wireframe_style</styleUrl>
        <description><![CDATA[
          <div style="font-family: Arial, sans-serif; font-size: 12px; color: #1E293B;">
            <h3 style="color: #0F766E; margin-bottom: 4px;">FICHA PREDIAL: UPA-129</h3>
            <table border="1" cellpadding="4" cellspacing="0" style="border-collapse: collapse; width: 100%; border-color: #CBD5E1;">
              <tr bgcolor="#F8FAFC"><td><b>Escenario</b></td><td>2_Caserio_Rural_Lican</td></tr>
              <tr><td><b>Superficie Útil</b></td><td><b>0.0300 ha</b> (300.3 m²)</td></tr>
              <tr bgcolor="#F8FAFC"><td><b>Vértices LADM</b></td><td>9 vértices (Conforme 4-10)</td></tr>
              <tr><td><b>Clase de Uso</b></td><td>Pastizal_Mixto</td></tr>
              <tr bgcolor="#F8FAFC"><td><b>Solape Habitacional</b></td><td>0.00% (Segregado LADM)</td></tr>
              <tr><td><b>Lindero Vial</b></td><td>Infranqueable (Búfer LPIS 3.5m)</td></tr>
              <tr bgcolor="#F8FAFC"><td><b>Estándar Registral</b></td><td>✅ 100% Conforme ISO 19152</td></tr>
            </table>
          </div>
        ]]></description>
      <Polygon>
        <outerBoundaryIs><LinearRing>
          <coordinates>-78.7107002735138,-1.6506819811889584,0 -78.71060907840729,-1.65076777629869,0 -78.7107002735138,-1.650810673853556,0 -78.71078610420227,-1.650740965326899,0 -78.71085584163666,-1.6507570519099737,0 -78.71091014471419,-1.6506988941588832,0 -78.71090077245267,-1.6506838232923293,0 -78.71088418011244,-1.6506571423312015,0 -78.71086657047272,-1.650649808022809,0 -78.7107002735138,-1.6506819811889584,0</coordinates>
        </LinearRing></outerBoundaryIs>
      </Polygon>
      </Placemark>
      <Placemark>
        <name>UPA-130 (0.03 ha)</name>
        <styleUrl>#upa_wireframe_style</styleUrl>
        <description><![CDATA[
          <div style="font-family: Arial, sans-serif; font-size: 12px; color: #1E293B;">
            <h3 style="color: #0F766E; margin-bottom: 4px;">FICHA PREDIAL: UPA-130</h3>
            <table border="1" cellpadding="4" cellspacing="0" style="border-collapse: collapse; width: 100%; border-color: #CBD5E1;">
              <tr bgcolor="#F8FAFC"><td><b>Escenario</b></td><td>2_Caserio_Rural_Lican</td></tr>
              <tr><td><b>Superficie Útil</b></td><td><b>0.0309 ha</b> (308.9 m²)</td></tr>
              <tr bgcolor="#F8FAFC"><td><b>Vértices LADM</b></td><td>8 vértices (Conforme 4-10)</td></tr>
              <tr><td><b>Clase de Uso</b></td><td>Pastizal_Mixto</td></tr>
              <tr bgcolor="#F8FAFC"><td><b>Solape Habitacional</b></td><td>0.00% (Segregado LADM)</td></tr>
              <tr><td><b>Lindero Vial</b></td><td>Infranqueable (Búfer LPIS 3.5m)</td></tr>
              <tr bgcolor="#F8FAFC"><td><b>Estándar Registral</b></td><td>✅ 100% Conforme ISO 19152</td></tr>
            </table>
          </div>
        ]]></description>
      <Polygon>
        <outerBoundaryIs><LinearRing>
          <coordinates>-78.70840430259705,-1.6497757703424158,0 -78.7084311246872,-1.6498186678972817,0 -78.70835602283478,-1.6499741715336707,0 -78.70836138725281,-1.6500385178659696,0 -78.70833992958069,-1.6500653288377607,0 -78.70828092098236,-1.650070691032119,0 -78.7082701921463,-1.6499312739788048,0 -78.7083238363266,-1.6498293922859983,0 -78.70840430259705,-1.6497757703424158,0</coordinates>
        </LinearRing></outerBoundaryIs>
      </Polygon>
      </Placemark>
      <Placemark>
        <name>UPA-131 (0.03 ha)</name>
        <styleUrl>#upa_wireframe_style</styleUrl>
        <description><![CDATA[
          <div style="font-family: Arial, sans-serif; font-size: 12px; color: #1E293B;">
            <h3 style="color: #0F766E; margin-bottom: 4px;">FICHA PREDIAL: UPA-131</h3>
            <table border="1" cellpadding="4" cellspacing="0" style="border-collapse: collapse; width: 100%; border-color: #CBD5E1;">
              <tr bgcolor="#F8FAFC"><td><b>Escenario</b></td><td>2_Caserio_Rural_Lican</td></tr>
              <tr><td><b>Superficie Útil</b></td><td><b>0.0286 ha</b> (285.7 m²)</td></tr>
              <tr bgcolor="#F8FAFC"><td><b>Vértices LADM</b></td><td>8 vértices (Conforme 4-10)</td></tr>
              <tr><td><b>Clase de Uso</b></td><td>Cultivo_Verde_Intensivo</td></tr>
              <tr bgcolor="#F8FAFC"><td><b>Solape Habitacional</b></td><td>0.00% (Segregado LADM)</td></tr>
              <tr><td><b>Lindero Vial</b></td><td>Infranqueable (Búfer LPIS 3.5m)</td></tr>
              <tr bgcolor="#F8FAFC"><td><b>Estándar Registral</b></td><td>✅ 100% Conforme ISO 19152</td></tr>
            </table>
          </div>
        ]]></description>
      <Polygon>
        <outerBoundaryIs><LinearRing>
          <coordinates>-78.71001899242401,-1.6499259117844467,0 -78.71001362800598,-1.6499741715336707,0 -78.70998680591583,-1.6500331556716115,0 -78.7099277973175,-1.6500653288377607,0 -78.70985269546509,-1.6500546044490443,0 -78.70984733104706,-1.6499741715336707,0 -78.70991706848145,-1.6498830142295806,0 -78.70997071266174,-1.6498830142295806,0 -78.71001899242401,-1.6499259117844467,0</coordinates>
        </LinearRing></outerBoundaryIs>
      </Polygon>
      </Placemark>
      <Placemark>
        <name>UPA-132 (0.03 ha)</name>
        <styleUrl>#upa_wireframe_style</styleUrl>
        <description><![CDATA[
          <div style="font-family: Arial, sans-serif; font-size: 12px; color: #1E293B;">
            <h3 style="color: #0F766E; margin-bottom: 4px;">FICHA PREDIAL: UPA-132</h3>
            <table border="1" cellpadding="4" cellspacing="0" style="border-collapse: collapse; width: 100%; border-color: #CBD5E1;">
              <tr bgcolor="#F8FAFC"><td><b>Escenario</b></td><td>2_Caserio_Rural_Lican</td></tr>
              <tr><td><b>Superficie Útil</b></td><td><b>0.0257 ha</b> (257.3 m²)</td></tr>
              <tr bgcolor="#F8FAFC"><td><b>Vértices LADM</b></td><td>8 vértices (Conforme 4-10)</td></tr>
              <tr><td><b>Clase de Uso</b></td><td>Pastizal_Mixto</td></tr>
              <tr bgcolor="#F8FAFC"><td><b>Solape Habitacional</b></td><td>0.00% (Segregado LADM)</td></tr>
              <tr><td><b>Lindero Vial</b></td><td>Infranqueable (Búfer LPIS 3.5m)</td></tr>
              <tr bgcolor="#F8FAFC"><td><b>Estándar Registral</b></td><td>✅ 100% Conforme ISO 19152</td></tr>
            </table>
          </div>
        ]]></description>
      <Polygon>
        <outerBoundaryIs><LinearRing>
          <coordinates>-78.71119379997253,-1.6519260102800697,0 -78.71122598648071,-1.6519742700292939,0 -78.71116697788239,-1.6520493407503092,0 -78.71119379997253,-1.6521029626938915,0 -78.71118307113647,-1.652135135860041,0 -78.71108114719391,-1.652135135860041,0 -78.71107041835785,-1.6520386163615928,0 -78.711097240448,-1.6519742700292939,0 -78.71119379997253,-1.6519260102800697,0</coordinates>
        </LinearRing></outerBoundaryIs>
      </Polygon>
      </Placemark>
      <Placemark>
        <name>UPA-133 (0.02 ha)</name>
        <styleUrl>#upa_wireframe_style</styleUrl>
        <description><![CDATA[
          <div style="font-family: Arial, sans-serif; font-size: 12px; color: #1E293B;">
            <h3 style="color: #0F766E; margin-bottom: 4px;">FICHA PREDIAL: UPA-133</h3>
            <table border="1" cellpadding="4" cellspacing="0" style="border-collapse: collapse; width: 100%; border-color: #CBD5E1;">
              <tr bgcolor="#F8FAFC"><td><b>Escenario</b></td><td>2_Caserio_Rural_Lican</td></tr>
              <tr><td><b>Superficie Útil</b></td><td><b>0.0231 ha</b> (230.9 m²)</td></tr>
              <tr bgcolor="#F8FAFC"><td><b>Vértices LADM</b></td><td>8 vértices (Conforme 4-10)</td></tr>
              <tr><td><b>Clase de Uso</b></td><td>Pastizal_Mixto</td></tr>
              <tr bgcolor="#F8FAFC"><td><b>Solape Habitacional</b></td><td>0.00% (Segregado LADM)</td></tr>
              <tr><td><b>Lindero Vial</b></td><td>Infranqueable (Búfer LPIS 3.5m)</td></tr>
              <tr bgcolor="#F8FAFC"><td><b>Estándar Registral</b></td><td>✅ 100% Conforme ISO 19152</td></tr>
            </table>
          </div>
        ]]></description>
      <Polygon>
        <outerBoundaryIs><LinearRing>
          <coordinates>-78.70831847190857,-1.6496578020665347,0 -78.70831847190857,-1.6496899752326841,0 -78.70827555656433,-1.649711424010117,0 -78.70816826820374,-1.6498615654521478,0 -78.70811462402344,-1.6498293922859983,0 -78.70810925960541,-1.6497704081480578,0 -78.70814681053162,-1.6497275105931917,0 -78.70829701423645,-1.6496470776778183,0 -78.70831847190857,-1.6496578020665347,0</coordinates>
        </LinearRing></outerBoundaryIs>
      </Polygon>
      </Placemark>
      <Placemark>
        <name>UPA-134 (0.02 ha)</name>
        <styleUrl>#upa_wireframe_style</styleUrl>
        <description><![CDATA[
          <div style="font-family: Arial, sans-serif; font-size: 12px; color: #1E293B;">
            <h3 style="color: #0F766E; margin-bottom: 4px;">FICHA PREDIAL: UPA-134</h3>
            <table border="1" cellpadding="4" cellspacing="0" style="border-collapse: collapse; width: 100%; border-color: #CBD5E1;">
              <tr bgcolor="#F8FAFC"><td><b>Escenario</b></td><td>2_Caserio_Rural_Lican</td></tr>
              <tr><td><b>Superficie Útil</b></td><td><b>0.0219 ha</b> (218.9 m²)</td></tr>
              <tr bgcolor="#F8FAFC"><td><b>Vértices LADM</b></td><td>8 vértices (Conforme 4-10)</td></tr>
              <tr><td><b>Clase de Uso</b></td><td>Cultivo_Verde_Intensivo</td></tr>
              <tr bgcolor="#F8FAFC"><td><b>Solape Habitacional</b></td><td>0.00% (Segregado LADM)</td></tr>
              <tr><td><b>Lindero Vial</b></td><td>Infranqueable (Búfer LPIS 3.5m)</td></tr>
              <tr bgcolor="#F8FAFC"><td><b>Estándar Registral</b></td><td>✅ 100% Conforme ISO 19152</td></tr>
            </table>
          </div>
        ]]></description>
      <Polygon>
        <outerBoundaryIs><LinearRing>
          <coordinates>-78.70790541172028,-1.6480652303421377,0 -78.70794296264648,-1.6481456632575113,0 -78.70794832706451,-1.6482421827559597,0 -78.70793759822845,-1.6482797181164672,0 -78.70788931846619,-1.6483011668939003,0 -78.70787858963013,-1.6483333400600497,0 -78.70786249637604,-1.6483440644487661,0 -78.70786249637604,-1.648070592536496,0 -78.70790541172028,-1.6480652303421377,0</coordinates>
        </LinearRing></outerBoundaryIs>
      </Polygon>
      </Placemark>
      <Placemark>
        <name>UPA-135 (0.02 ha)</name>
        <styleUrl>#upa_wireframe_style</styleUrl>
        <description><![CDATA[
          <div style="font-family: Arial, sans-serif; font-size: 12px; color: #1E293B;">
            <h3 style="color: #0F766E; margin-bottom: 4px;">FICHA PREDIAL: UPA-135</h3>
            <table border="1" cellpadding="4" cellspacing="0" style="border-collapse: collapse; width: 100%; border-color: #CBD5E1;">
              <tr bgcolor="#F8FAFC"><td><b>Escenario</b></td><td>2_Caserio_Rural_Lican</td></tr>
              <tr><td><b>Superficie Útil</b></td><td><b>0.0207 ha</b> (206.6 m²)</td></tr>
              <tr bgcolor="#F8FAFC"><td><b>Vértices LADM</b></td><td>6 vértices (Conforme 4-10)</td></tr>
              <tr><td><b>Clase de Uso</b></td><td>Pastizal_Mixto</td></tr>
              <tr bgcolor="#F8FAFC"><td><b>Solape Habitacional</b></td><td>0.00% (Segregado LADM)</td></tr>
              <tr><td><b>Lindero Vial</b></td><td>Infranqueable (Búfer LPIS 3.5m)</td></tr>
              <tr bgcolor="#F8FAFC"><td><b>Estándar Registral</b></td><td>✅ 100% Conforme ISO 19152</td></tr>
            </table>
          </div>
        ]]></description>
      <Polygon>
        <outerBoundaryIs><LinearRing>
          <coordinates>-78.71132254600525,-1.6519635456405772,0 -78.71136009693146,-1.6520278919728761,0 -78.71132791042328,-1.652113687082608,0 -78.71131181716919,-1.652135135860041,0 -78.71123135089874,-1.652135135860041,0 -78.71124744415283,-1.6519742700292939,0 -78.71132254600525,-1.6519635456405772,0</coordinates>
        </LinearRing></outerBoundaryIs>
      </Polygon>
      </Placemark>
      <Placemark>
        <name>UPA-136 (0.02 ha)</name>
        <styleUrl>#upa_wireframe_style</styleUrl>
        <description><![CDATA[
          <div style="font-family: Arial, sans-serif; font-size: 12px; color: #1E293B;">
            <h3 style="color: #0F766E; margin-bottom: 4px;">FICHA PREDIAL: UPA-136</h3>
            <table border="1" cellpadding="4" cellspacing="0" style="border-collapse: collapse; width: 100%; border-color: #CBD5E1;">
              <tr bgcolor="#F8FAFC"><td><b>Escenario</b></td><td>2_Caserio_Rural_Lican</td></tr>
              <tr><td><b>Superficie Útil</b></td><td><b>0.0200 ha</b> (200.4 m²)</td></tr>
              <tr bgcolor="#F8FAFC"><td><b>Vértices LADM</b></td><td>8 vértices (Conforme 4-10)</td></tr>
              <tr><td><b>Clase de Uso</b></td><td>Pastizal_Mixto</td></tr>
              <tr bgcolor="#F8FAFC"><td><b>Solape Habitacional</b></td><td>0.00% (Segregado LADM)</td></tr>
              <tr><td><b>Lindero Vial</b></td><td>Infranqueable (Búfer LPIS 3.5m)</td></tr>
              <tr bgcolor="#F8FAFC"><td><b>Estándar Registral</b></td><td>✅ 100% Conforme ISO 19152</td></tr>
            </table>
          </div>
        ]]></description>
      <Polygon>
        <outerBoundaryIs><LinearRing>
          <coordinates>-78.70844721794128,-1.6512021140417075,0 -78.70847404003143,-1.6511967518473492,0 -78.70854377746582,-1.6512450115965733,0 -78.70855987071991,-1.6513576176780964,0 -78.70852768421173,-1.6513415310950217,0 -78.70847404003143,-1.6513468932893798,0 -78.70840966701508,-1.6512932713457975,0 -78.70840430259705,-1.651261098179648,0 -78.70844721794128,-1.6512021140417075,0</coordinates>
        </LinearRing></outerBoundaryIs>
      </Polygon>
      </Placemark>
    </Folder>
    <Folder>
      <name>🏠 Viviendas y Edificaciones (Relleno Translúcido)</name>
      <open>0</open>
      <Placemark>
        <name>Edif_005 (Vivienda_Campesina)</name>
        <styleUrl>#building_style</styleUrl>
        <description><![CDATA[
          <div style="font-family: Arial, sans-serif; font-size: 11px;">
            <b style="color: #9333EA;">Edificación Rural LADM: Edif_005</b><br/>
            <b>Escenario:</b> 2_Caserio_Rural_Lican<br/>
            <b>Tipología:</b> Vivienda_Campesina<br/>
            <b>Superficie de Cubierta:</b> 31.7 m²<br/>
            <b>Elevación 3D:</b> Confirmada por Firma Espectral<br/>
            <b>Geometría:</b> Ortogonal LADM (90°)<br/>
            <b>Estado en UPA:</b> 100% Segregada (Búfer 1.5m)
          </div>
        ]]></description>
      <Polygon>
        <outerBoundaryIs><LinearRing>
          <coordinates>-78.70831298828125,-1.6511790752410889,0 -78.7083511352539,-1.6511410474777222,0 -78.70829010009766,-1.6510891914367676,0 -78.708251953125,-1.6511272192001343,0 -78.70831298828125,-1.6511790752410889,0</coordinates>
        </LinearRing></outerBoundaryIs>
      </Polygon>
      </Placemark>
      <Placemark>
        <name>Edif_006 (Vivienda_Campesina)</name>
        <styleUrl>#building_style</styleUrl>
        <description><![CDATA[
          <div style="font-family: Arial, sans-serif; font-size: 11px;">
            <b style="color: #9333EA;">Edificación Rural LADM: Edif_006</b><br/>
            <b>Escenario:</b> 2_Caserio_Rural_Lican<br/>
            <b>Tipología:</b> Vivienda_Campesina<br/>
            <b>Superficie de Cubierta:</b> 73.7 m²<br/>
            <b>Elevación 3D:</b> ✅ Verificada (Sombra Suroeste 3D)<br/>
            <b>Geometría:</b> Ortogonal LADM (90°)<br/>
            <b>Estado en UPA:</b> 100% Segregada (Búfer 1.5m)
          </div>
        ]]></description>
      <Polygon>
        <outerBoundaryIs><LinearRing>
          <coordinates>-78.70880889892578,-1.651068091392517,0 -78.7088623046875,-1.651068091392517,0 -78.7088623046875,-1.6508910655975342,0 -78.70880889892578,-1.6508910655975342,0 -78.70880889892578,-1.651068091392517,0</coordinates>
        </LinearRing></outerBoundaryIs>
      </Polygon>
      </Placemark>
      <Placemark>
        <name>Edif_007 (Vivienda_Campesina)</name>
        <styleUrl>#building_style</styleUrl>
        <description><![CDATA[
          <div style="font-family: Arial, sans-serif; font-size: 11px;">
            <b style="color: #9333EA;">Edificación Rural LADM: Edif_007</b><br/>
            <b>Escenario:</b> 2_Caserio_Rural_Lican<br/>
            <b>Tipología:</b> Vivienda_Campesina<br/>
            <b>Superficie de Cubierta:</b> 181.1 m²<br/>
            <b>Elevación 3D:</b> Confirmada por Firma Espectral<br/>
            <b>Geometría:</b> Ortogonal LADM (90°)<br/>
            <b>Estado en UPA:</b> 100% Segregada (Búfer 1.5m)
          </div>
        ]]></description>
      <Polygon>
        <outerBoundaryIs><LinearRing>
          <coordinates>-78.71184539794922,-1.6498384475708008,0 -78.7119140625,-1.64971125125885,0 -78.71177673339844,-1.649633765220642,0 -78.71170806884766,-1.6497610807418823,0 -78.71184539794922,-1.6498384475708008,0</coordinates>
        </LinearRing></outerBoundaryIs>
      </Polygon>
      </Placemark>
    </Folder>
    <Folder>
      <name>🛣️ Red Vial Rural (Calles y Caminos de Terracería)</name>
      <open>0</open>
      <Placemark>
        <name>Eje_Vial_13</name>
        <styleUrl>#road_style</styleUrl>
        <description><![CDATA[
          <b>Eje Vial Rural Oficial (OSM / LPIS)</b><br/>
          Escenario: 2_Caserio_Rural_Lican<br/>
          Búfer de Infranqueabilidad: 3.5 metros<br/>
          Solape con UPAs: 0.00%
        ]]></description>
        <LineString>
          <coordinates>-78.71123671531677,-1.6519849944180103,0 -78.71122598648071,-1.6520976004995334,0 -78.71121525764465,-1.6521297736656828,0 -78.71122062206268,-1.652022529778518,0</coordinates>
        </LineString>
      </Placemark>
      <Placemark>
        <name>Eje_Vial_14</name>
        <styleUrl>#road_style</styleUrl>
        <description><![CDATA[
          <b>Eje Vial Rural Oficial (OSM / LPIS)</b><br/>
          Escenario: 2_Caserio_Rural_Lican<br/>
          Búfer de Infranqueabilidad: 3.5 metros<br/>
          Solape con UPAs: 0.00%
        ]]></description>
        <LineString>
          <coordinates>-78.70816826820374,-1.6515023969257687,0 -78.7081789970398,-1.6515828298411424,0 -78.70820045471191,-1.651663262756516,0 -78.7081789970398,-1.6516579005621577,0 -78.70816826820374,-1.6516096408129335,0 -78.7081629037857,-1.6515023969257687,0</coordinates>
        </LineString>
      </Placemark>
      <Placemark>
        <name>Eje_Vial_15</name>
        <styleUrl>#road_style</styleUrl>
        <description><![CDATA[
          <b>Eje Vial Rural Oficial (OSM / LPIS)</b><br/>
          Escenario: 2_Caserio_Rural_Lican<br/>
          Búfer de Infranqueabilidad: 3.5 metros<br/>
          Solape con UPAs: 0.00%
        ]]></description>
        <LineString>
          <coordinates>-78.70906412601471,-1.6514434127878281,0 -78.70907485485077,-1.6514594993709029,0 -78.70906949043274,-1.6515560188693512,0 -78.70906412601471,-1.6515881920355007,0 -78.70904803276062,-1.6514970347314106,0 -78.70906412601471,-1.6514916725370523,0 -78.70906412601471,-1.6514648615652612,0 -78.7089729309082,-1.6514594993709029,0</coordinates>
        </LineString>
      </Placemark>
      <Placemark>
        <name>Eje_Vial_16</name>
        <styleUrl>#road_style</styleUrl>
        <description><![CDATA[
          <b>Eje Vial Rural Oficial (OSM / LPIS)</b><br/>
          Escenario: 2_Caserio_Rural_Lican<br/>
          Búfer de Infranqueabilidad: 3.5 metros<br/>
          Solape con UPAs: 0.00%
        ]]></description>
        <LineString>
          <coordinates>-78.70883345603943,-1.6514058774273206,0 -78.7088280916214,-1.6514434127878281,0 -78.70879590511322,-1.6514487749821865,0 -78.70875835418701,-1.651480948148336,0 -78.70876371860504,-1.6514541371765445,0 -78.70874762535095,-1.6514487749821865,0 -78.70865643024445,-1.6514487749821865,0 -78.70865106582642,-1.65143805059347,0 -78.70879054069519,-1.6514434127878281,0</coordinates>
        </LineString>
      </Placemark>
      <Placemark>
        <name>Eje_Vial_17</name>
        <styleUrl>#road_style</styleUrl>
        <description><![CDATA[
          <b>Eje Vial Rural Oficial (OSM / LPIS)</b><br/>
          Escenario: 2_Caserio_Rural_Lican<br/>
          Búfer de Infranqueabilidad: 3.5 metros<br/>
          Solape con UPAs: 0.00%
        ]]></description>
        <LineString>
          <coordinates>-78.7084150314331,-1.6513200823175886,0 -78.70844721794128,-1.651352255483738,0 -78.70846331119537,-1.6513576176780964,0 -78.70848476886749,-1.6513629798724545,0 -78.70850086212158,-1.6513629798724545,0 -78.70851695537567,-1.6513629798724545,0 -78.70852768421173,-1.6513576176780964,0 -78.70853841304779,-1.6513683420668128,0 -78.70855450630188,-1.6513737042611711,0 -78.70856523513794,-1.6513844286498875,0 -78.70859205722809,-1.6514058774273206,0 -78.70860815048218,-1.6514112396216787,0 -78.70859742164612,-1.6514219640103953,0 -78.70858132839203,-1.6514326883991117,0 -78.70856523513794,-1.6514326883991117,0 -78.70854914188385,-1.6514273262047534,0 -78.70849013328552,-1.6514112396216787,0 -78.7084686756134,-1.6514058774273206,0 -78.70845794677734,-1.6513844286498875,0 -78.7084311246872,-1.6513790664555292,0 -78.7084150314331,-1.6513897908442459,0 -78.70840966701508,-1.6513629798724545,0 -78.70839893817902,-1.651325444511947,0</coordinates>
        </LineString>
      </Placemark>
      <Placemark>
        <name>Eje_Vial_18</name>
        <styleUrl>#road_style</styleUrl>
        <description><![CDATA[
          <b>Eje Vial Rural Oficial (OSM / LPIS)</b><br/>
          Escenario: 2_Caserio_Rural_Lican<br/>
          Búfer de Infranqueabilidad: 3.5 metros<br/>
          Solape con UPAs: 0.00%
        ]]></description>
        <LineString>
          <coordinates>-78.7081789970398,-1.6511967518473492,0 -78.70817363262177,-1.6513790664555292,0 -78.70815753936768,-1.6513629798724545,0 -78.70816826820374,-1.6511967518473492,0</coordinates>
        </LineString>
      </Placemark>
      <Placemark>
        <name>Eje_Vial_19</name>
        <styleUrl>#road_style</styleUrl>
        <description><![CDATA[
          <b>Eje Vial Rural Oficial (OSM / LPIS)</b><br/>
          Escenario: 2_Caserio_Rural_Lican<br/>
          Búfer de Infranqueabilidad: 3.5 metros<br/>
          Solape con UPAs: 0.00%
        ]]></description>
        <LineString>
          <coordinates>-78.70975613594055,-1.651078783571468,0 -78.70977759361267,-1.651148492098125,0 -78.70980441570282,-1.6511538542924833,0 -78.70980978012085,-1.6511860274586327,0 -78.70979905128479,-1.6511967518473492,0 -78.70979368686676,-1.6511753030699163,0 -78.70976686477661,-1.6511538542924833,0 -78.70974004268646,-1.651148492098125,0 -78.70975077152252,-1.6511324055150502,0 -78.70974004268646,-1.6511163189319755,0 -78.70975613594055,-1.6511055945432591,0</coordinates>
        </LineString>
      </Placemark>
      <Placemark>
        <name>Eje_Vial_20</name>
        <styleUrl>#road_style</styleUrl>
        <description><![CDATA[
          <b>Eje Vial Rural Oficial (OSM / LPIS)</b><br/>
          Escenario: 2_Caserio_Rural_Lican<br/>
          Búfer de Infranqueabilidad: 3.5 metros<br/>
          Solape con UPAs: 0.00%
        ]]></description>
        <LineString>
          <coordinates>-78.70960593223572,-1.6510358860166021,0 -78.70961129665375,-1.6510626969883933,0 -78.70962738990784,-1.6510734213771097,0 -78.7096381187439,-1.6510895079601844,0 -78.70961666107178,-1.6510948701545427,0 -78.70960593223572,-1.6511377677094086,0 -78.70960056781769,-1.6511645786811997,0 -78.70963275432587,-1.651191389652991,0 -78.70965421199799,-1.6511967518473492,0 -78.70965957641602,-1.6512235628191403,0 -78.70961129665375,-1.6512021140417075,0 -78.70959520339966,-1.6512021140417075,0 -78.70957911014557,-1.6511967518473492,0 -78.70956838130951,-1.651148492098125,0 -78.70955228805542,-1.651148492098125,0 -78.70956838130951,-1.6511324055150502,0 -78.70956838130951,-1.6510895079601844,0 -78.70957374572754,-1.651084145765826,0 -78.70959520339966,-1.6510412482109602,0</coordinates>
        </LineString>
      </Placemark>
      <Placemark>
        <name>Eje_Vial_21</name>
        <styleUrl>#road_style</styleUrl>
        <description><![CDATA[
          <b>Eje Vial Rural Oficial (OSM / LPIS)</b><br/>
          Escenario: 2_Caserio_Rural_Lican<br/>
          Búfer de Infranqueabilidad: 3.5 metros<br/>
          Solape con UPAs: 0.00%
        ]]></description>
        <LineString>
          <coordinates>-78.71076464653015,-1.6510358860166021,0 -78.71077537536621,-1.651057334794035,0 -78.71081829071045,-1.651078783571468,0 -78.71072709560394,-1.651084145765826,0 -78.7106841802597,-1.6511216811263338,0 -78.7107002735138,-1.6510895079601844,0 -78.7107002735138,-1.6510734213771097,0 -78.71070563793182,-1.651057334794035,0 -78.71073246002197,-1.6510626969883933,0</coordinates>
        </LineString>
      </Placemark>
      <Placemark>
        <name>Eje_Vial_22</name>
        <styleUrl>#road_style</styleUrl>
        <description><![CDATA[
          <b>Eje Vial Rural Oficial (OSM / LPIS)</b><br/>
          Escenario: 2_Caserio_Rural_Lican<br/>
          Búfer de Infranqueabilidad: 3.5 metros<br/>
          Solape con UPAs: 0.00%
        ]]></description>
        <LineString>
          <coordinates>-78.71156930923462,-1.6509393665181538,0 -78.71155321598053,-1.6509769018786613,0 -78.71156930923462,-1.6509769018786613,0 -78.71159613132477,-1.6509822640730196,0 -78.71162295341492,-1.6509715396843032,0 -78.71166050434113,-1.650966177489945,0 -78.71166050434113,-1.6509447287125119,0 -78.71169805526733,-1.6509715396843032,0 -78.71171414852142,-1.6509822640730196,0 -78.71173560619354,-1.650987626267378,0 -78.7117463350296,-1.6509983506560943,0 -78.71175169944763,-1.6510305238222438,0 -78.71171414852142,-1.6510037128504527,0 -78.7116551399231,-1.650992988461736,0 -78.71155858039856,-1.6510037128504527,0 -78.7115478515625,-1.6510305238222438,0 -78.71156394481659,-1.6510412482109602,0 -78.71158003807068,-1.6510519725996768,0 -78.71156930923462,-1.651057334794035,0 -78.71155321598053,-1.6510519725996768,0 -78.71153712272644,-1.6510626969883933,0 -78.71151566505432,-1.651057334794035,0 -78.71148884296417,-1.651057334794035,0 -78.71146202087402,-1.6510519725996768,0 -78.71144592761993,-1.6510251616278855,0 -78.71139764785767,-1.6510251616278855,0 -78.7113869190216,-1.6510358860166021,0 -78.71137082576752,-1.6510412482109602,0 -78.71133863925934,-1.6510948701545427,0 -78.71131718158722,-1.6511163189319755,0 -78.71129035949707,-1.6511270433206922,0 -78.71127426624298,-1.6511270433206922,0 -78.71125817298889,-1.6511324055150502,0 -78.7112420797348,-1.6511216811263338,0 -78.7111884355545,-1.6511163189319755,0 -78.71116697788239,-1.6511270433206922,0 -78.71114015579224,-1.6511324055150502,0 -78.71112406253815,-1.6511324055150502,0 -78.7110435962677,-1.6511270433206922,0 -78.71102750301361,-1.6511377677094086,0 -78.71100604534149,-1.6511324055150502,0 -78.7109899520874,-1.6511216811263338,0 -78.71097385883331,-1.6511163189319755,0 -78.71094703674316,-1.6511270433206922,0 -78.7109363079071,-1.6511431299037669,0 -78.71092021465302,-1.6511431299037669,0 -78.71090948581696,-1.6511270433206922,0 -78.71088802814484,-1.6511216811263338,0 -78.71086657047272,-1.6511055945432591,0 -78.71085047721863,-1.6510948701545427,0 -78.71086657047272,-1.6510895079601844,0 -78.71090948581696,-1.651084145765826,0 -78.71092557907104,-1.6510680591827516,0 -78.71094167232513,-1.6510734213771097,0 -78.71096312999725,-1.651078783571468,0 -78.7109899520874,-1.6510895079601844,0 -78.71100068092346,-1.6511002323489008,0 -78.71102750301361,-1.6511109567376174,0 -78.7110435962677,-1.6511002323489008,0 -78.71115624904633,-1.6510948701545427,0 -78.71117234230042,-1.651084145765826,0 -78.7111884355545,-1.651078783571468,0 -78.7112045288086,-1.6510680591827516,0 -78.71126890182495,-1.6510680591827516,0 -78.71127963066101,-1.651057334794035,0 -78.71129035949707,-1.6510734213771097,0 -78.71130645275116,-1.6510734213771097,0 -78.71130645275116,-1.6510466104053185,0 -78.71130108833313,-1.6510358860166021,0 -78.71131718158722,-1.6510305238222438,0 -78.71132791042328,-1.6510251616278855,0 -78.71134400367737,-1.651014437239169,0 -78.7113493680954,-1.6510090750448108,0 -78.71137082576752,-1.6510251616278855,0 -78.7113869190216,-1.651014437239169,0 -78.71142983436584,-1.651014437239169,0 -78.71144592761993,-1.6510090750448108,0 -78.71146738529205,-1.650992988461736,0 -78.71150493621826,-1.650992988461736,0 -78.71152102947235,-1.650987626267378,0 -78.71154248714447,-1.6509608152955866,0</coordinates>
        </LineString>
      </Placemark>
      <Placemark>
        <name>Eje_Vial_23</name>
        <styleUrl>#road_style</styleUrl>
        <description><![CDATA[
          <b>Eje Vial Rural Oficial (OSM / LPIS)</b><br/>
          Escenario: 2_Caserio_Rural_Lican<br/>
          Búfer de Infranqueabilidad: 3.5 metros<br/>
          Solape con UPAs: 0.00%
        ]]></description>
        <LineString>
          <coordinates>-78.70829701423645,-1.650901831157646,0 -78.70830774307251,-1.6509340043237954,0 -78.70831310749054,-1.6511055945432591,0 -78.70832920074463,-1.6511163189319755,0 -78.70833992958069,-1.6511377677094086,0 -78.70832920074463,-1.6511538542924833,0 -78.70831310749054,-1.6511645786811997,0 -78.70829164981842,-1.6511645786811997,0 -78.70828628540039,-1.651148492098125,0 -78.7082701921463,-1.6511377677094086,0 -78.70825946331024,-1.6511216811263338,0 -78.70824873447418,-1.6511109567376174,0 -78.70826482772827,-1.6510895079601844,0 -78.70825946331024,-1.6510626969883933,0 -78.70827555656433,-1.6510626969883933,0 -78.70828628540039,-1.6509393665181538,0 -78.70829701423645,-1.650923279935079,0</coordinates>
        </LineString>
      </Placemark>
      <Placemark>
        <name>Eje_Vial_24</name>
        <styleUrl>#road_style</styleUrl>
        <description><![CDATA[
          <b>Eje Vial Rural Oficial (OSM / LPIS)</b><br/>
          Escenario: 2_Caserio_Rural_Lican<br/>
          Búfer de Infranqueabilidad: 3.5 metros<br/>
          Solape con UPAs: 0.00%
        ]]></description>
        <LineString>
          <coordinates>-78.71065735816956,-1.650901831157646,0 -78.71066272258759,-1.6509608152955866,0 -78.71067881584167,-1.6509715396843032,0 -78.71067881584167,-1.6509769018786613,0 -78.71068954467773,-1.650992988461736,0 -78.71072173118591,-1.6510037128504527,0 -78.7107002735138,-1.6510090750448108,0 -78.7106841802597,-1.6510197994335274,0 -78.71069490909576,-1.6510466104053185,0 -78.71067345142365,-1.6510305238222438,0 -78.71065735816956,-1.6510412482109602,0 -78.7106466293335,-1.651014437239169,0 -78.7106305360794,-1.651014437239169,0 -78.71061980724335,-1.6510412482109602,0 -78.71060907840729,-1.6510090750448108,0 -78.71061980724335,-1.650992988461736,0 -78.71061444282532,-1.6509608152955866,0 -78.7106305360794,-1.6509340043237954,0 -78.7106466293335,-1.6509340043237954,0</coordinates>
        </LineString>
      </Placemark>
      <Placemark>
        <name>Eje_Vial_25</name>
        <styleUrl>#road_style</styleUrl>
        <description><![CDATA[
          <b>Eje Vial Rural Oficial (OSM / LPIS)</b><br/>
          Escenario: 2_Caserio_Rural_Lican<br/>
          Búfer de Infranqueabilidad: 3.5 metros<br/>
          Solape con UPAs: 0.00%
        ]]></description>
        <LineString>
          <coordinates>-78.71044278144836,-1.6508696579914965,0 -78.7104481458664,-1.6509071933520043,0 -78.71049642562866,-1.6509500909068702,0 -78.71052324771881,-1.650966177489945,0 -78.7105393409729,-1.6509715396843032,0 -78.71052861213684,-1.650987626267378,0 -78.71050715446472,-1.6509769018786613,0 -78.7104481458664,-1.650966177489945,0 -78.7104320526123,-1.650966177489945,0 -78.71037304401398,-1.6509769018786613,0 -78.71031939983368,-1.6509715396843032,0 -78.71030867099762,-1.6509447287125119,0 -78.71029257774353,-1.6509340043237954,0 -78.71023893356323,-1.650901831157646,0 -78.71025502681732,-1.6508803823802132,0 -78.71028184890747,-1.6508911067689296,0 -78.71029794216156,-1.650896468963288,0 -78.71031939983368,-1.650896468963288,0 -78.71033012866974,-1.650923279935079,0 -78.71041059494019,-1.6509286421294374,0 -78.7104320526123,-1.6509125555463626,0 -78.7104320526123,-1.6508911067689296,0</coordinates>
        </LineString>
      </Placemark>
      <Placemark>
        <name>Eje_Vial_26</name>
        <styleUrl>#road_style</styleUrl>
        <description><![CDATA[
          <b>Eje Vial Rural Oficial (OSM / LPIS)</b><br/>
          Escenario: 2_Caserio_Rural_Lican<br/>
          Búfer de Infranqueabilidad: 3.5 metros<br/>
          Solape con UPAs: 0.00%
        ]]></description>
        <LineString>
          <coordinates>-78.70790004730225,-1.6508160360479143,0 -78.7079107761383,-1.650832122630989,0 -78.70792150497437,-1.6508589336027801,0 -78.70793223381042,-1.6508696579914965,0 -78.70791614055634,-1.650901831157646,0 -78.70786249637604,-1.6509608152955866,0 -78.70787858963013,-1.6509822640730196,0 -78.70788395404816,-1.651014437239169,0 -78.70790004730225,-1.6510251616278855,0 -78.70791614055634,-1.6510197994335274,0 -78.7079268693924,-1.6509983506560943,0 -78.70793223381042,-1.650966177489945,0 -78.70794832706451,-1.6509554531012285,0 -78.7079644203186,-1.6509447287125119,0 -78.70796978473663,-1.6510305238222438,0 -78.70798051357269,-1.651057334794035,0 -78.70798587799072,-1.6510626969883933,0 -78.70798051357269,-1.6510895079601844,0 -78.70796978473663,-1.6511002323489008,0 -78.70795369148254,-1.6511002323489008,0 -78.70795369148254,-1.6511377677094086,0 -78.70793759822845,-1.651148492098125,0 -78.70792150497437,-1.6511431299037669,0 -78.70790541172028,-1.6511270433206922,0 -78.7078732252121,-1.6511163189319755,0 -78.70786249637604,-1.650901831157646,0 -78.70788395404816,-1.650896468963288,0</coordinates>
        </LineString>
      </Placemark>
      <Placemark>
        <name>Eje_Vial_27</name>
        <styleUrl>#road_style</styleUrl>
        <description><![CDATA[
          <b>Eje Vial Rural Oficial (OSM / LPIS)</b><br/>
          Escenario: 2_Caserio_Rural_Lican<br/>
          Búfer de Infranqueabilidad: 3.5 metros<br/>
          Solape con UPAs: 0.00%
        ]]></description>
        <LineString>
          <coordinates>-78.70885491371155,-1.650810673853556,0 -78.70884418487549,-1.651057334794035,0 -78.70886564254761,-1.6510734213771097,0 -78.7088817358017,-1.6510948701545427,0 -78.70887100696564,-1.6511163189319755,0 -78.70888710021973,-1.6511270433206922,0 -78.70889782905579,-1.6511270433206922,0 -78.70890855789185,-1.6512074762360656,0 -78.70889246463776,-1.651148492098125,0 -78.70887637138367,-1.6511431299037669,0 -78.70886564254761,-1.651078783571468,0 -78.70884954929352,-1.6510680591827516,0 -78.70883345603943,-1.651078783571468,0 -78.70881736278534,-1.6510734213771097,0 -78.70881199836731,-1.650987626267378,0 -78.7088280916214,-1.650896468963288,0 -78.70884418487549,-1.6508696579914965,0 -78.70885491371155,-1.6508535714084218,0</coordinates>
        </LineString>
      </Placemark>
      <Placemark>
        <name>Eje_Vial_28</name>
        <styleUrl>#road_style</styleUrl>
        <description><![CDATA[
          <b>Eje Vial Rural Oficial (OSM / LPIS)</b><br/>
          Escenario: 2_Caserio_Rural_Lican<br/>
          Búfer de Infranqueabilidad: 3.5 metros<br/>
          Solape con UPAs: 0.00%
        ]]></description>
        <LineString>
          <coordinates>-78.7105393409729,-1.650719516549466,0 -78.71060907840729,-1.6507302409381823,0 -78.71060907840729,-1.6507356031325406,0 -78.71059834957123,-1.6507516897156154,0 -78.71058225631714,-1.6507624141043318,0 -78.71056079864502,-1.6507624141043318,0 -78.71055006980896,-1.6507838628817648,0 -78.71056616306305,-1.6507945872704812,0 -78.71058225631714,-1.6507838628817648,0 -78.71059834957123,-1.6507945872704812,0 -78.71060907840729,-1.650810673853556,0 -78.71058225631714,-1.650832122630989,0 -78.71056079864502,-1.6508160360479143,0 -78.71054470539093,-1.6508267604366307,0 -78.71052861213684,-1.6508428470197054,0 -78.71052861213684,-1.650837484825347,0 -78.71051788330078,-1.6508213982422724,0 -78.71050179004669,-1.650810673853556,0 -78.71051788330078,-1.6508053116591979,0 -78.71052861213684,-1.6507892250761231,0 -78.71050715446472,-1.6507624141043318,0 -78.71049106121063,-1.6507516897156154,0 -78.71050715446472,-1.650746327521257,0 -78.71052324771881,-1.6507248787438242,0</coordinates>
        </LineString>
      </Placemark>
      <Placemark>
        <name>Eje_Vial_29</name>
        <styleUrl>#road_style</styleUrl>
        <description><![CDATA[
          <b>Eje Vial Rural Oficial (OSM / LPIS)</b><br/>
          Escenario: 2_Caserio_Rural_Lican<br/>
          Búfer de Infranqueabilidad: 3.5 metros<br/>
          Solape con UPAs: 0.00%
        ]]></description>
        <LineString>
          <coordinates>-78.70971322059631,-1.6505532885243606,0 -78.70970249176025,-1.6506337214397342,0 -78.70970249176025,-1.6508160360479143,0 -78.70971858501434,-1.6508911067689296,0 -78.70973467826843,-1.650896468963288,0 -78.70978832244873,-1.6509125555463626,0 -78.70975077152252,-1.6509179177407207,0 -78.70974004268646,-1.6509340043237954,0 -78.70972394943237,-1.6509715396843032,0 -78.70970785617828,-1.6510680591827516,0 -78.70970785617828,-1.6509822640730196,0 -78.70971858501434,-1.6509554531012285,0 -78.70970249176025,-1.6509447287125119,0 -78.70968639850616,-1.6509393665181538,0 -78.7096756696701,-1.6509340043237954,0 -78.7096917629242,-1.6509071933520043,0 -78.70969712734222,-1.6508428470197054,0 -78.70968103408813,-1.650832122630989,0 -78.70967030525208,-1.650810673853556,0 -78.70967030525208,-1.650719516549466,0 -78.70968639850616,-1.6507087921607495,0 -78.7096917629242,-1.6505961860792264,0 -78.70970249176025,-1.6505532885243606,0</coordinates>
        </LineString>
      </Placemark>
      <Placemark>
        <name>Eje_Vial_30</name>
        <styleUrl>#road_style</styleUrl>
        <description><![CDATA[
          <b>Eje Vial Rural Oficial (OSM / LPIS)</b><br/>
          Escenario: 2_Caserio_Rural_Lican<br/>
          Búfer de Infranqueabilidad: 3.5 metros<br/>
          Solape con UPAs: 0.00%
        ]]></description>
        <LineString>
          <coordinates>-78.71033549308777,-1.6504889421920617,0 -78.71035158634186,-1.650499666580778,0 -78.71038913726807,-1.6505050287751364,0 -78.71037304401398,-1.6505157531638528,0 -78.71030330657959,-1.650521115358211,0 -78.71026575565338,-1.6506283592453759,0 -78.71025502681732,-1.65058546169051,0 -78.71023893356323,-1.65058546169051,0 -78.71026575565338,-1.6505532885243606,0 -78.71031403541565,-1.650499666580778,0 -78.71033012866974,-1.6504889421920617,0</coordinates>
        </LineString>
      </Placemark>
      <Placemark>
        <name>Eje_Vial_31</name>
        <styleUrl>#road_style</styleUrl>
        <description><![CDATA[
          <b>Eje Vial Rural Oficial (OSM / LPIS)</b><br/>
          Escenario: 2_Caserio_Rural_Lican<br/>
          Búfer de Infranqueabilidad: 3.5 metros<br/>
          Solape con UPAs: 0.00%
        ]]></description>
        <LineString>
          <coordinates>-78.7090802192688,-1.6504674934146286,0 -78.70906949043274,-1.6505479263300022,0 -78.70905876159668,-1.650564012913077,0 -78.70905876159668,-1.6506069104679428,0 -78.70904266834259,-1.650590823884868,0 -78.70903193950653,-1.6505747373017934,0 -78.70899975299835,-1.6505747373017934,0 -78.70898365974426,-1.6506390836340923,0 -78.7089729309082,-1.6506176348566595,0 -78.70895683765411,-1.6506122726623011,0 -78.70897829532623,-1.65058546169051,0 -78.70898365974426,-1.6505532885243606,0 -78.70901584625244,-1.6505479263300022,0 -78.70905339717865,-1.6505103909694947,0 -78.70906949043274,-1.6505103909694947,0</coordinates>
        </LineString>
      </Placemark>
      <Placemark>
        <name>Eje_Vial_32</name>
        <styleUrl>#road_style</styleUrl>
        <description><![CDATA[
          <b>Eje Vial Rural Oficial (OSM / LPIS)</b><br/>
          Escenario: 2_Caserio_Rural_Lican<br/>
          Búfer de Infranqueabilidad: 3.5 metros<br/>
          Solape con UPAs: 0.00%
        ]]></description>
        <LineString>
          <coordinates>-78.7099277973175,-1.6504674934146286,0 -78.70993316173553,-1.6505747373017934,0 -78.70997607707977,-1.6506122726623011,0 -78.71001362800598,-1.6506337214397342,0 -78.71002972126007,-1.6506444458284506,0 -78.71004581451416,-1.6506444458284506,0 -78.71006727218628,-1.6506980677720329,0 -78.71005117893219,-1.6506980677720329,0 -78.71004581451416,-1.6507248787438242,0 -78.71002972126007,-1.6507141543551076,0 -78.71000826358795,-1.6506390836340923,0 -78.70999217033386,-1.6506390836340923,0 -78.7099438905716,-1.6505961860792264,0 -78.70993316173553,-1.6505800994961517,0 -78.70992243289948,-1.6505586507187189,0</coordinates>
        </LineString>
      </Placemark>
      <Placemark>
        <name>Eje_Vial_33</name>
        <styleUrl>#road_style</styleUrl>
        <description><![CDATA[
          <b>Eje Vial Rural Oficial (OSM / LPIS)</b><br/>
          Escenario: 2_Caserio_Rural_Lican<br/>
          Búfer de Infranqueabilidad: 3.5 metros<br/>
          Solape con UPAs: 0.00%
        ]]></description>
        <LineString>
          <coordinates>-78.71167659759521,-1.6504674934146286,0 -78.71166586875916,-1.6506390836340923,0 -78.71164977550507,-1.6506390836340923,0 -78.7116551399231,-1.6505264775525694,0 -78.71166586875916,-1.6505103909694947,0 -78.71167659759521,-1.6504889421920617,0</coordinates>
        </LineString>
      </Placemark>
      <Placemark>
        <name>Eje_Vial_34</name>
        <styleUrl>#road_style</styleUrl>
        <description><![CDATA[
          <b>Eje Vial Rural Oficial (OSM / LPIS)</b><br/>
          Escenario: 2_Caserio_Rural_Lican<br/>
          Búfer de Infranqueabilidad: 3.5 metros<br/>
          Solape con UPAs: 0.00%
        ]]></description>
        <LineString>
          <coordinates>-78.71043741703033,-1.6503495251387474,0 -78.71045351028442,-1.6503656117218222,0 -78.71046960353851,-1.6503763361105386,0 -78.71045887470245,-1.6503977848879716,0 -78.71044278144836,-1.65040314708233,0 -78.71042668819427,-1.6504245958597628,0 -78.71041595935822,-1.65040314708233,0 -78.71037304401398,-1.6503977848879716,0 -78.71038913726807,-1.6503924226936133,0 -78.71038913726807,-1.6503709739161805,0 -78.71040523052216,-1.6503656117218222,0 -78.71042132377625,-1.6503548873331058,0 -78.7104320526123,-1.6503548873331058,0</coordinates>
        </LineString>
      </Placemark>
      <Placemark>
        <name>Eje_Vial_35</name>
        <styleUrl>#road_style</styleUrl>
        <description><![CDATA[
          <b>Eje Vial Rural Oficial (OSM / LPIS)</b><br/>
          Escenario: 2_Caserio_Rural_Lican<br/>
          Búfer de Infranqueabilidad: 3.5 metros<br/>
          Solape con UPAs: 0.00%
        ]]></description>
        <LineString>
          <coordinates>-78.70985269546509,-1.6503280763613144,0 -78.70986342430115,-1.650338800750031,0 -78.7098741531372,-1.6503495251387474,0 -78.70988488197327,-1.6503602495274639,0 -78.7098902463913,-1.6504353202484794,0 -78.70988488197327,-1.6504460446371958,0 -78.70986342430115,-1.6504406824428375,0 -78.70985269546509,-1.6504245958597628,0 -78.70984196662903,-1.6504138714710463,0 -78.70983123779297,-1.650381698304897,0 -78.70980441570282,-1.650381698304897,0 -78.70976686477661,-1.650429958054121,0 -78.70975613594055,-1.6504835799977033,0 -78.70974004268646,-1.6504460446371958,0 -78.70974004268646,-1.6504245958597628,0 -78.7097293138504,-1.6504138714710463,0 -78.70974004268646,-1.650381698304897,0 -78.70970785617828,-1.6503763361105386,0 -78.70972394943237,-1.6503656117218222,0 -78.70974540710449,-1.6503602495274639,0 -78.70976686477661,-1.6503495251387474,0 -78.7097829580307,-1.650338800750031,0 -78.70979368686676,-1.6503280763613144,0 -78.70980978012085,-1.650338800750031,0 -78.709836602211,-1.6503334385556727,0</coordinates>
        </LineString>
      </Placemark>
      <Placemark>
        <name>Eje_Vial_36</name>
        <styleUrl>#road_style</styleUrl>
        <description><![CDATA[
          <b>Eje Vial Rural Oficial (OSM / LPIS)</b><br/>
          Escenario: 2_Caserio_Rural_Lican<br/>
          Búfer de Infranqueabilidad: 3.5 metros<br/>
          Solape con UPAs: 0.00%
        ]]></description>
        <LineString>
          <coordinates>-78.71071636676788,-1.6502798166120904,0 -78.71066272258759,-1.6503548873331058,0 -78.71071100234985,-1.6503602495274639,0 -78.71065199375153,-1.6503709739161805,0 -78.71063590049744,-1.650381698304897,0 -78.71062517166138,-1.6504245958597628,0 -78.71061444282532,-1.6503602495274639,0 -78.71062517166138,-1.6503495251387474,0 -78.71064126491547,-1.6503495251387474,0</coordinates>
        </LineString>
      </Placemark>
      <Placemark>
        <name>Eje_Vial_37</name>
        <styleUrl>#road_style</styleUrl>
        <description><![CDATA[
          <b>Eje Vial Rural Oficial (OSM / LPIS)</b><br/>
          Escenario: 2_Caserio_Rural_Lican<br/>
          Búfer de Infranqueabilidad: 3.5 metros<br/>
          Solape con UPAs: 0.00%
        ]]></description>
        <LineString>
          <coordinates>-78.7116551399231,-1.6501886593080002,0 -78.71166586875916,-1.6501993836967168,0 -78.71166586875916,-1.650247643445941,0 -78.71166586875916,-1.6502637300290157,0 -78.7116551399231,-1.6503763361105386,0 -78.71166586875916,-1.6503870604992552,0 -78.71170341968536,-1.6504192336654047,0 -78.71170341968536,-1.6504406824428375,0 -78.71168196201324,-1.6504353202484794,0 -78.71166050434113,-1.650429958054121,0 -78.71164441108704,-1.6504406824428375,0 -78.71163368225098,-1.6504138714710463,0 -78.71161758899689,-1.6504138714710463,0 -78.7116014957428,-1.650408509276688,0 -78.71158003807068,-1.6503924226936133,0 -78.71159076690674,-1.650381698304897,0 -78.71160686016083,-1.6503709739161805,0 -78.71162295341492,-1.6503012653895233,0 -78.71164441108704,-1.6502851788064485,0 -78.71163368225098,-1.6502690922233738,0 -78.71161222457886,-1.6502690922233738,0 -78.71159613132477,-1.6502905410008069,0 -78.71159613132477,-1.6502798166120904,0 -78.71158540248871,-1.6502637300290157,0 -78.71161758899689,-1.650253005640299,0 -78.71164441108704,-1.6502315568628663,0</coordinates>
        </LineString>
      </Placemark>
      <Placemark>
        <name>Eje_Vial_38</name>
        <styleUrl>#road_style</styleUrl>
        <description><![CDATA[
          <b>Eje Vial Rural Oficial (OSM / LPIS)</b><br/>
          Escenario: 2_Caserio_Rural_Lican<br/>
          Búfer de Infranqueabilidad: 3.5 metros<br/>
          Solape con UPAs: 0.00%
        ]]></description>
        <LineString>
          <coordinates>-78.71177315711975,-1.6496578020665347,0 -78.71178925037384,-1.649668526455251,0 -78.71181607246399,-1.6496738886496094,0 -78.71183753013611,-1.6497060618157589,0 -78.7118536233902,-1.6497060618157589,0 -78.71185898780823,-1.6497006996214005,0 -78.71187508106232,-1.649711424010117,0 -78.7118911743164,-1.649711424010117,0 -78.71188044548035,-1.6497489593706247,0 -78.71186435222626,-1.6497596837593411,0 -78.71187508106232,-1.6497757703424158,0 -78.71188580989838,-1.6498133057029236,0 -78.71186435222626,-1.6498186678972817,0 -78.71184825897217,-1.6498293922859983,0 -78.71183753013611,-1.649845478869073,0 -78.71182680130005,-1.6498562032577895,0 -78.71181607246399,-1.6498347544803564,0 -78.71180534362793,-1.6498186678972817,0 -78.71179461479187,-1.6498079435085653,0 -78.71178388595581,-1.649797219119849,0 -78.71176779270172,-1.6497864947311325,0 -78.7117463350296,-1.6497918569254906,0 -78.71173024177551,-1.649797219119849,0 -78.71170341968536,-1.649797219119849,0 -78.71173024177551,-1.649754321564983,0 -78.71173560619354,-1.6497006996214005,0 -78.71173024177551,-1.6496738886496094,0 -78.7117463350296,-1.649668526455251,0</coordinates>
        </LineString>
      </Placemark>
      <Placemark>
        <name>Eje_Vial_39</name>
        <styleUrl>#road_style</styleUrl>
        <description><![CDATA[
          <b>Eje Vial Rural Oficial (OSM / LPIS)</b><br/>
          Escenario: 2_Caserio_Rural_Lican<br/>
          Búfer de Infranqueabilidad: 3.5 metros<br/>
          Solape con UPAs: 0.00%
        ]]></description>
        <LineString>
          <coordinates>-78.70827555656433,-1.649352156988115,0 -78.70824873447418,-1.6493896923486226,0 -78.70822727680206,-1.6494325899034885,0 -78.70821118354797,-1.6494379520978468,0 -78.70816826820374,-1.6494379520978468,0 -78.70815753936768,-1.6494754874583546,0 -78.70816826820374,-1.6494969362357874,0 -78.70815217494965,-1.6494969362357874,0 -78.70815217494965,-1.6495183850132205,0 -78.70813608169556,-1.649555920373728,0 -78.7081253528595,-1.6495666447624446,0 -78.70810389518738,-1.6495130228188621,0 -78.70808780193329,-1.649507660624504,0 -78.70807707309723,-1.6494433142922051,0 -78.70805025100708,-1.649421865514772,0 -78.70804488658905,-1.649421865514772,0 -78.70803415775299,-1.6494004167373393,0 -78.70794832706451,-1.6493896923486226,0 -78.70802879333496,-1.6493896923486226,0 -78.70804488658905,-1.6494004167373393,0 -78.70806097984314,-1.649395054542981,0 -78.7080717086792,-1.6493789679599062,0 -78.70806097984314,-1.6493575191824732,0 -78.70807707309723,-1.6493682435711898,0 -78.70809316635132,-1.6493575191824732,0 -78.70811998844147,-1.6493575191824732,0 -78.70813608169556,-1.6493575191824732,0 -78.7081629037857,-1.6493575191824732,0 -78.70818436145782,-1.6493575191824732,0 -78.70819509029388,-1.6493789679599062,0 -78.70822191238403,-1.6493843301542646,0 -78.70823800563812,-1.649373605765548,0 -78.70824873447418,-1.6493628813768315,0 -78.70826482772827,-1.649352156988115,0</coordinates>
        </LineString>
      </Placemark>
      <Placemark>
        <name>Eje_Vial_40</name>
        <styleUrl>#road_style</styleUrl>
        <description><![CDATA[
          <b>Eje Vial Rural Oficial (OSM / LPIS)</b><br/>
          Escenario: 2_Caserio_Rural_Lican<br/>
          Búfer de Infranqueabilidad: 3.5 metros<br/>
          Solape con UPAs: 0.00%
        ]]></description>
        <LineString>
          <coordinates>-78.70822727680206,-1.6491215826307108,0 -78.70823800563812,-1.6491323070194273,0 -78.70823264122009,-1.6491537557968603,0 -78.70823264122009,-1.6491752045742931,0 -78.70824873447418,-1.6492020155460843,0 -78.70826482772827,-1.6492127399348009,0 -78.70831310749054,-1.6492234643235173,0 -78.70830237865448,-1.6492341887122337,0 -78.70828628540039,-1.6492449131009503,0 -78.7082701921463,-1.6492449131009503,0 -78.70825409889221,-1.6492341887122337,0 -78.70822191238403,-1.6492288265178756,0 -78.70820581912994,-1.6492234643235173,0 -78.70818972587585,-1.6492234643235173,0 -78.70815753936768,-1.6492502752953084,0 -78.70816826820374,-1.649218102129159,0 -78.70819509029388,-1.6491859289630095,0 -78.708216547966,-1.6491215826307108,0</coordinates>
        </LineString>
      </Placemark>
      <Placemark>
        <name>Eje_Vial_41</name>
        <styleUrl>#road_style</styleUrl>
        <description><![CDATA[
          <b>Eje Vial Rural Oficial (OSM / LPIS)</b><br/>
          Escenario: 2_Caserio_Rural_Lican<br/>
          Búfer de Infranqueabilidad: 3.5 metros<br/>
          Solape con UPAs: 0.00%
        ]]></description>
        <LineString>
          <coordinates>-78.70849013328552,-1.6486711583046187,0 -78.70850086212158,-1.6486872448876935,0 -78.70851159095764,-1.6486979692764099,0 -78.7085223197937,-1.6487086936651263,0 -78.70853841304779,-1.6487086936651263,0 -78.7086296081543,-1.6486979692764099,0 -78.70865106582642,-1.6487086936651263,0 -78.70866179466248,-1.6487301424425593,0 -78.70867252349854,-1.648746229025634,0 -78.70865643024445,-1.6487515912199924,0 -78.70864570140839,-1.6487891265805,0 -78.70863497257233,-1.6487515912199924,0 -78.70858669281006,-1.648746229025634,0 -78.70857059955597,-1.6487569534143505,0 -78.708575963974,-1.648810575357933,0 -78.70860278606415,-1.6488427485240824,0 -78.70858669281006,-1.6488427485240824,0 -78.708575963974,-1.6488588351071571,0 -78.70857059955597,-1.6488427485240824,0 -78.70855450630188,-1.6487998509692163,0 -78.70853841304779,-1.6487784021917835,0 -78.7085223197937,-1.6487784021917835,0 -78.70851159095764,-1.6487891265805,0 -78.70850086212158,-1.6487998509692163,0 -78.70849013328552,-1.648810575357933,0 -78.70847940444946,-1.6488212997466494,0 -78.70847940444946,-1.6488427485240824,0 -78.7084686756134,-1.6488695594958735,0 -78.70845794677734,-1.6489124570507394,0 -78.70844185352325,-1.6489124570507394,0 -78.70842576026917,-1.6489231814394558,0 -78.7084150314331,-1.6489392680225305,0 -78.70840430259705,-1.6489499924112472,0 -78.70839357376099,-1.6489607167999636,0 -78.7083774805069,-1.6489446302168889,0 -78.70838284492493,-1.648901732662023,0 -78.70838284492493,-1.6488427485240824,0 -78.70842039585114,-1.6488427485240824,0 -78.70844185352325,-1.6488266619410077,0 -78.7084311246872,-1.648810575357933,0 -78.70842039585114,-1.6487998509692163,0 -78.70840430259705,-1.6487569534143505,0 -78.70842039585114,-1.6487515912199924,0 -78.70846331119537,-1.6486979692764099,0 -78.7084686756134,-1.6486711583046187,0</coordinates>
        </LineString>
      </Placemark>
    </Folder>
  </Folder>
  <Folder>
    <name>📍 Escenario: 3_Valle_Agricola_Colta</name>
    <open>0</open>
    <Folder>
      <name>🌾 UPAs Agrícolas (Sin Relleno - Wireframe Puro)</name>
      <open>0</open>
      <Placemark>
        <name>UPA-137 (0.49 ha)</name>
        <styleUrl>#upa_wireframe_style</styleUrl>
        <description><![CDATA[
          <div style="font-family: Arial, sans-serif; font-size: 12px; color: #1E293B;">
            <h3 style="color: #0F766E; margin-bottom: 4px;">FICHA PREDIAL: UPA-137</h3>
            <table border="1" cellpadding="4" cellspacing="0" style="border-collapse: collapse; width: 100%; border-color: #CBD5E1;">
              <tr bgcolor="#F8FAFC"><td><b>Escenario</b></td><td>3_Valle_Agricola_Colta</td></tr>
              <tr><td><b>Superficie Útil</b></td><td><b>0.4854 ha</b> (4853.7 m²)</td></tr>
              <tr bgcolor="#F8FAFC"><td><b>Vértices LADM</b></td><td>7 vértices (Conforme 4-10)</td></tr>
              <tr><td><b>Clase de Uso</b></td><td>Cultivo_Verde_Intensivo</td></tr>
              <tr bgcolor="#F8FAFC"><td><b>Solape Habitacional</b></td><td>0.00% (Segregado LADM)</td></tr>
              <tr><td><b>Lindero Vial</b></td><td>Infranqueable (Búfer LPIS 3.5m)</td></tr>
              <tr bgcolor="#F8FAFC"><td><b>Estándar Registral</b></td><td>✅ 100% Conforme ISO 19152</td></tr>
            </table>
          </div>
        ]]></description>
      <Polygon>
        <outerBoundaryIs><LinearRing>
          <coordinates>-78.7596184015274,-1.722088991393117,0 -78.76006364822388,-1.7215313432216952,0 -78.76046597957611,-1.721810167307406,0 -78.76057863235474,-1.7217029272744404,0 -78.76062154769897,-1.7217458232876266,0 -78.7605357170105,-1.7218423393172957,0 -78.76095414161682,-1.7221372494079517,0 -78.7596184015274,-1.722088991393117,0</coordinates>
        </LinearRing></outerBoundaryIs>
      </Polygon>
      </Placemark>
      <Placemark>
        <name>UPA-138 (0.48 ha)</name>
        <styleUrl>#upa_wireframe_style</styleUrl>
        <description><![CDATA[
          <div style="font-family: Arial, sans-serif; font-size: 12px; color: #1E293B;">
            <h3 style="color: #0F766E; margin-bottom: 4px;">FICHA PREDIAL: UPA-138</h3>
            <table border="1" cellpadding="4" cellspacing="0" style="border-collapse: collapse; width: 100%; border-color: #CBD5E1;">
              <tr bgcolor="#F8FAFC"><td><b>Escenario</b></td><td>3_Valle_Agricola_Colta</td></tr>
              <tr><td><b>Superficie Útil</b></td><td><b>0.4821 ha</b> (4820.9 m²)</td></tr>
              <tr bgcolor="#F8FAFC"><td><b>Vértices LADM</b></td><td>7 vértices (Conforme 4-10)</td></tr>
              <tr><td><b>Clase de Uso</b></td><td>Suelo_Arado_Seco</td></tr>
              <tr bgcolor="#F8FAFC"><td><b>Solape Habitacional</b></td><td>0.00% (Segregado LADM)</td></tr>
              <tr><td><b>Lindero Vial</b></td><td>Infranqueable (Búfer LPIS 3.5m)</td></tr>
              <tr bgcolor="#F8FAFC"><td><b>Estándar Registral</b></td><td>✅ 100% Conforme ISO 19152</td></tr>
            </table>
          </div>
        ]]></description>
      <Polygon>
        <outerBoundaryIs><LinearRing>
          <coordinates>-78.76109898090363,-1.7179227161123976,0 -78.76114189624786,-1.7180674901569013,0 -78.76095414161682,-1.7182980562277779,0 -78.7603908777237,-1.7188557043991997,0 -78.76028895378113,-1.7188449803959032,0 -78.7602835893631,-1.7184428302722816,0 -78.76069128513336,-1.7179602501239357,0 -78.76109898090363,-1.7179227161123976,0</coordinates>
        </LinearRing></outerBoundaryIs>
      </Polygon>
      </Placemark>
      <Placemark>
        <name>UPA-139 (0.47 ha)</name>
        <styleUrl>#upa_wireframe_style</styleUrl>
        <description><![CDATA[
          <div style="font-family: Arial, sans-serif; font-size: 12px; color: #1E293B;">
            <h3 style="color: #0F766E; margin-bottom: 4px;">FICHA PREDIAL: UPA-139</h3>
            <table border="1" cellpadding="4" cellspacing="0" style="border-collapse: collapse; width: 100%; border-color: #CBD5E1;">
              <tr bgcolor="#F8FAFC"><td><b>Escenario</b></td><td>3_Valle_Agricola_Colta</td></tr>
              <tr><td><b>Superficie Útil</b></td><td><b>0.4677 ha</b> (4677.4 m²)</td></tr>
              <tr bgcolor="#F8FAFC"><td><b>Vértices LADM</b></td><td>8 vértices (Conforme 4-10)</td></tr>
              <tr><td><b>Clase de Uso</b></td><td>Suelo_Arado_Seco</td></tr>
              <tr bgcolor="#F8FAFC"><td><b>Solape Habitacional</b></td><td>0.00% (Segregado LADM)</td></tr>
              <tr><td><b>Lindero Vial</b></td><td>Infranqueable (Búfer LPIS 3.5m)</td></tr>
              <tr bgcolor="#F8FAFC"><td><b>Estándar Registral</b></td><td>✅ 100% Conforme ISO 19152</td></tr>
            </table>
          </div>
        ]]></description>
      <Polygon>
        <outerBoundaryIs><LinearRing>
          <coordinates>-78.7592750787735,-1.718244436211295,0 -78.75961303710938,-1.717928078114046,0 -78.75984907150269,-1.7179441641189908,0 -78.76016020774841,-1.7180889381634945,0 -78.76005291938782,-1.718394572257447,0 -78.76005828380585,-1.7185876043167854,0 -78.75999391078949,-1.7186465863349165,0 -78.7593126296997,-1.7183087802310744,0 -78.7592750787735,-1.718244436211295,0</coordinates>
        </LinearRing></outerBoundaryIs>
      </Polygon>
      </Placemark>
      <Placemark>
        <name>UPA-140 (0.46 ha)</name>
        <styleUrl>#upa_wireframe_style</styleUrl>
        <description><![CDATA[
          <div style="font-family: Arial, sans-serif; font-size: 12px; color: #1E293B;">
            <h3 style="color: #0F766E; margin-bottom: 4px;">FICHA PREDIAL: UPA-140</h3>
            <table border="1" cellpadding="4" cellspacing="0" style="border-collapse: collapse; width: 100%; border-color: #CBD5E1;">
              <tr bgcolor="#F8FAFC"><td><b>Escenario</b></td><td>3_Valle_Agricola_Colta</td></tr>
              <tr><td><b>Superficie Útil</b></td><td><b>0.4593 ha</b> (4592.9 m²)</td></tr>
              <tr bgcolor="#F8FAFC"><td><b>Vértices LADM</b></td><td>8 vértices (Conforme 4-10)</td></tr>
              <tr><td><b>Clase de Uso</b></td><td>Cultivo_Verde_Intensivo</td></tr>
              <tr bgcolor="#F8FAFC"><td><b>Solape Habitacional</b></td><td>0.00% (Segregado LADM)</td></tr>
              <tr><td><b>Lindero Vial</b></td><td>Infranqueable (Búfer LPIS 3.5m)</td></tr>
              <tr bgcolor="#F8FAFC"><td><b>Estándar Registral</b></td><td>✅ 100% Conforme ISO 19152</td></tr>
            </table>
          </div>
        ]]></description>
      <Polygon>
        <outerBoundaryIs><LinearRing>
          <coordinates>-78.75989735126495,-1.7194294385755664,0 -78.75999927520752,-1.7193597325541388,0 -78.7608414888382,-1.720206928814568,0 -78.7609326839447,-1.720373150865665,0 -78.76084685325623,-1.7204964769035755,0 -78.76079320907593,-1.7205179249101687,0 -78.7601226568222,-1.7199012947206158,0 -78.75984370708466,-1.7195420406101805,0 -78.75989735126495,-1.7194294385755664,0</coordinates>
        </LinearRing></outerBoundaryIs>
      </Polygon>
      </Placemark>
      <Placemark>
        <name>UPA-141 (0.41 ha)</name>
        <styleUrl>#upa_wireframe_style</styleUrl>
        <description><![CDATA[
          <div style="font-family: Arial, sans-serif; font-size: 12px; color: #1E293B;">
            <h3 style="color: #0F766E; margin-bottom: 4px;">FICHA PREDIAL: UPA-141</h3>
            <table border="1" cellpadding="4" cellspacing="0" style="border-collapse: collapse; width: 100%; border-color: #CBD5E1;">
              <tr bgcolor="#F8FAFC"><td><b>Escenario</b></td><td>3_Valle_Agricola_Colta</td></tr>
              <tr><td><b>Superficie Útil</b></td><td><b>0.4092 ha</b> (4092.3 m²)</td></tr>
              <tr bgcolor="#F8FAFC"><td><b>Vértices LADM</b></td><td>6 vértices (Conforme 4-10)</td></tr>
              <tr><td><b>Clase de Uso</b></td><td>Cultivo_Verde_Intensivo</td></tr>
              <tr bgcolor="#F8FAFC"><td><b>Solape Habitacional</b></td><td>0.00% (Segregado LADM)</td></tr>
              <tr><td><b>Lindero Vial</b></td><td>Infranqueable (Búfer LPIS 3.5m)</td></tr>
              <tr bgcolor="#F8FAFC"><td><b>Estándar Registral</b></td><td>✅ 100% Conforme ISO 19152</td></tr>
            </table>
          </div>
        ]]></description>
      <Polygon>
        <outerBoundaryIs><LinearRing>
          <coordinates>-78.76117408275604,-1.7180728521585498,0 -78.76162469387054,-1.7184589162772264,0 -78.76158714294434,-1.7186841203464545,0 -78.76137793064117,-1.7189414964255723,0 -78.76091659069061,-1.718432106268985,0 -78.76099169254303,-1.7182605222162397,0 -78.76117408275604,-1.7180728521585498,0</coordinates>
        </LinearRing></outerBoundaryIs>
      </Polygon>
      </Placemark>
      <Placemark>
        <name>UPA-142 (0.37 ha)</name>
        <styleUrl>#upa_wireframe_style</styleUrl>
        <description><![CDATA[
          <div style="font-family: Arial, sans-serif; font-size: 12px; color: #1E293B;">
            <h3 style="color: #0F766E; margin-bottom: 4px;">FICHA PREDIAL: UPA-142</h3>
            <table border="1" cellpadding="4" cellspacing="0" style="border-collapse: collapse; width: 100%; border-color: #CBD5E1;">
              <tr bgcolor="#F8FAFC"><td><b>Escenario</b></td><td>3_Valle_Agricola_Colta</td></tr>
              <tr><td><b>Superficie Útil</b></td><td><b>0.3733 ha</b> (3733.1 m²)</td></tr>
              <tr bgcolor="#F8FAFC"><td><b>Vértices LADM</b></td><td>6 vértices (Conforme 4-10)</td></tr>
              <tr><td><b>Clase de Uso</b></td><td>Cultivo_Verde_Intensivo</td></tr>
              <tr bgcolor="#F8FAFC"><td><b>Solape Habitacional</b></td><td>0.00% (Segregado LADM)</td></tr>
              <tr><td><b>Lindero Vial</b></td><td>Infranqueable (Búfer LPIS 3.5m)</td></tr>
              <tr bgcolor="#F8FAFC"><td><b>Estándar Registral</b></td><td>✅ 100% Conforme ISO 19152</td></tr>
            </table>
          </div>
        ]]></description>
      <Polygon>
        <outerBoundaryIs><LinearRing>
          <coordinates>-78.7604820728302,-1.7188288943909582,0 -78.76061618328094,-1.7189414964255723,0 -78.76095950603485,-1.7193543705524905,0 -78.76063764095306,-1.7196331946382013,0 -78.76019775867462,-1.719139890486559,0 -78.76022458076477,-1.7190755464667795,0 -78.7604820728302,-1.7188288943909582,0</coordinates>
        </LinearRing></outerBoundaryIs>
      </Polygon>
      </Placemark>
      <Placemark>
        <name>UPA-143 (0.37 ha)</name>
        <styleUrl>#upa_wireframe_style</styleUrl>
        <description><![CDATA[
          <div style="font-family: Arial, sans-serif; font-size: 12px; color: #1E293B;">
            <h3 style="color: #0F766E; margin-bottom: 4px;">FICHA PREDIAL: UPA-143</h3>
            <table border="1" cellpadding="4" cellspacing="0" style="border-collapse: collapse; width: 100%; border-color: #CBD5E1;">
              <tr bgcolor="#F8FAFC"><td><b>Escenario</b></td><td>3_Valle_Agricola_Colta</td></tr>
              <tr><td><b>Superficie Útil</b></td><td><b>0.3679 ha</b> (3678.9 m²)</td></tr>
              <tr bgcolor="#F8FAFC"><td><b>Vértices LADM</b></td><td>6 vértices (Conforme 4-10)</td></tr>
              <tr><td><b>Clase de Uso</b></td><td>Cultivo_Verde_Intensivo</td></tr>
              <tr bgcolor="#F8FAFC"><td><b>Solape Habitacional</b></td><td>0.00% (Segregado LADM)</td></tr>
              <tr><td><b>Lindero Vial</b></td><td>Infranqueable (Búfer LPIS 3.5m)</td></tr>
              <tr bgcolor="#F8FAFC"><td><b>Estándar Registral</b></td><td>✅ 100% Conforme ISO 19152</td></tr>
            </table>
          </div>
        ]]></description>
      <Polygon>
        <outerBoundaryIs><LinearRing>
          <coordinates>-78.7613832950592,-1.7178690960959149,0 -78.7617427110672,-1.7178637340942664,0 -78.76208066940308,-1.7181211101733842,0 -78.76193046569824,-1.7182926942261294,0 -78.76164078712463,-1.718432106268985,0 -78.76121163368225,-1.718062128155253,0 -78.7613832950592,-1.7178690960959149,0</coordinates>
        </LinearRing></outerBoundaryIs>
      </Polygon>
      </Placemark>
      <Placemark>
        <name>UPA-144 (0.36 ha)</name>
        <styleUrl>#upa_wireframe_style</styleUrl>
        <description><![CDATA[
          <div style="font-family: Arial, sans-serif; font-size: 12px; color: #1E293B;">
            <h3 style="color: #0F766E; margin-bottom: 4px;">FICHA PREDIAL: UPA-144</h3>
            <table border="1" cellpadding="4" cellspacing="0" style="border-collapse: collapse; width: 100%; border-color: #CBD5E1;">
              <tr bgcolor="#F8FAFC"><td><b>Escenario</b></td><td>3_Valle_Agricola_Colta</td></tr>
              <tr><td><b>Superficie Útil</b></td><td><b>0.3552 ha</b> (3552.0 m²)</td></tr>
              <tr bgcolor="#F8FAFC"><td><b>Vértices LADM</b></td><td>6 vértices (Conforme 4-10)</td></tr>
              <tr><td><b>Clase de Uso</b></td><td>Cultivo_Verde_Intensivo</td></tr>
              <tr bgcolor="#F8FAFC"><td><b>Solape Habitacional</b></td><td>0.00% (Segregado LADM)</td></tr>
              <tr><td><b>Lindero Vial</b></td><td>Infranqueable (Búfer LPIS 3.5m)</td></tr>
              <tr bgcolor="#F8FAFC"><td><b>Estándar Registral</b></td><td>✅ 100% Conforme ISO 19152</td></tr>
            </table>
          </div>
        ]]></description>
      <Polygon>
        <outerBoundaryIs><LinearRing>
          <coordinates>-78.758105635643,-1.7203248928508303,0 -78.75865280628204,-1.7207109569695072,0 -78.75838994979858,-1.7210702110799425,0 -78.75786423683167,-1.720802110997528,0 -78.75788569450378,-1.7205929929332449,0 -78.75809490680695,-1.720689508962914,0 -78.758105635643,-1.7203248928508303,0</coordinates>
        </LinearRing></outerBoundaryIs>
      </Polygon>
      </Placemark>
      <Placemark>
        <name>UPA-145 (0.31 ha)</name>
        <styleUrl>#upa_wireframe_style</styleUrl>
        <description><![CDATA[
          <div style="font-family: Arial, sans-serif; font-size: 12px; color: #1E293B;">
            <h3 style="color: #0F766E; margin-bottom: 4px;">FICHA PREDIAL: UPA-145</h3>
            <table border="1" cellpadding="4" cellspacing="0" style="border-collapse: collapse; width: 100%; border-color: #CBD5E1;">
              <tr bgcolor="#F8FAFC"><td><b>Escenario</b></td><td>3_Valle_Agricola_Colta</td></tr>
              <tr><td><b>Superficie Útil</b></td><td><b>0.3141 ha</b> (3140.7 m²)</td></tr>
              <tr bgcolor="#F8FAFC"><td><b>Vértices LADM</b></td><td>5 vértices (Conforme 4-10)</td></tr>
              <tr><td><b>Clase de Uso</b></td><td>Cultivo_Verde_Intensivo</td></tr>
              <tr bgcolor="#F8FAFC"><td><b>Solape Habitacional</b></td><td>0.00% (Segregado LADM)</td></tr>
              <tr><td><b>Lindero Vial</b></td><td>Infranqueable (Búfer LPIS 3.5m)</td></tr>
              <tr bgcolor="#F8FAFC"><td><b>Estándar Registral</b></td><td>✅ 100% Conforme ISO 19152</td></tr>
            </table>
          </div>
        ]]></description>
      <Polygon>
        <outerBoundaryIs><LinearRing>
          <coordinates>-78.75894784927368,-1.7185554323068957,0 -78.75908732414246,-1.7183892102557987,0 -78.75925362110138,-1.7182873322244812,0 -78.75982224941254,-1.7186090523233784,0 -78.7595272064209,-1.7188717904041446,0 -78.75894784927368,-1.7185554323068957,0</coordinates>
        </LinearRing></outerBoundaryIs>
      </Polygon>
      </Placemark>
      <Placemark>
        <name>UPA-146 (0.28 ha)</name>
        <styleUrl>#upa_wireframe_style</styleUrl>
        <description><![CDATA[
          <div style="font-family: Arial, sans-serif; font-size: 12px; color: #1E293B;">
            <h3 style="color: #0F766E; margin-bottom: 4px;">FICHA PREDIAL: UPA-146</h3>
            <table border="1" cellpadding="4" cellspacing="0" style="border-collapse: collapse; width: 100%; border-color: #CBD5E1;">
              <tr bgcolor="#F8FAFC"><td><b>Escenario</b></td><td>3_Valle_Agricola_Colta</td></tr>
              <tr><td><b>Superficie Útil</b></td><td><b>0.2842 ha</b> (2842.5 m²)</td></tr>
              <tr bgcolor="#F8FAFC"><td><b>Vértices LADM</b></td><td>8 vértices (Conforme 4-10)</td></tr>
              <tr><td><b>Clase de Uso</b></td><td>Cultivo_Verde_Intensivo</td></tr>
              <tr bgcolor="#F8FAFC"><td><b>Solape Habitacional</b></td><td>0.00% (Segregado LADM)</td></tr>
              <tr><td><b>Lindero Vial</b></td><td>Infranqueable (Búfer LPIS 3.5m)</td></tr>
              <tr bgcolor="#F8FAFC"><td><b>Estándar Registral</b></td><td>✅ 100% Conforme ISO 19152</td></tr>
            </table>
          </div>
        ]]></description>
      <Polygon>
        <outerBoundaryIs><LinearRing>
          <coordinates>-78.76133501529694,-1.720651974951376,0 -78.76132428646088,-1.7207109569695072,0 -78.76117408275604,-1.7208986270271973,0 -78.76098096370697,-1.7208074729991762,0 -78.76076638698578,-1.7210862970848873,0 -78.76055717468262,-1.7209415230403835,0 -78.76093804836273,-1.720448218888741,0 -78.76100242137909,-1.7204535808903894,0 -78.76133501529694,-1.720651974951376,0</coordinates>
        </LinearRing></outerBoundaryIs>
      </Polygon>
      </Placemark>
      <Placemark>
        <name>UPA-147 (0.27 ha)</name>
        <styleUrl>#upa_wireframe_style</styleUrl>
        <description><![CDATA[
          <div style="font-family: Arial, sans-serif; font-size: 12px; color: #1E293B;">
            <h3 style="color: #0F766E; margin-bottom: 4px;">FICHA PREDIAL: UPA-147</h3>
            <table border="1" cellpadding="4" cellspacing="0" style="border-collapse: collapse; width: 100%; border-color: #CBD5E1;">
              <tr bgcolor="#F8FAFC"><td><b>Escenario</b></td><td>3_Valle_Agricola_Colta</td></tr>
              <tr><td><b>Superficie Útil</b></td><td><b>0.2719 ha</b> (2718.6 m²)</td></tr>
              <tr bgcolor="#F8FAFC"><td><b>Vértices LADM</b></td><td>7 vértices (Conforme 4-10)</td></tr>
              <tr><td><b>Clase de Uso</b></td><td>Suelo_Arado_Seco</td></tr>
              <tr bgcolor="#F8FAFC"><td><b>Solape Habitacional</b></td><td>0.00% (Segregado LADM)</td></tr>
              <tr><td><b>Lindero Vial</b></td><td>Infranqueable (Búfer LPIS 3.5m)</td></tr>
              <tr bgcolor="#F8FAFC"><td><b>Estándar Registral</b></td><td>✅ 100% Conforme ISO 19152</td></tr>
            </table>
          </div>
        ]]></description>
      <Polygon>
        <outerBoundaryIs><LinearRing>
          <coordinates>-78.75813782215118,-1.7180567661536048,0 -78.75819683074951,-1.7180728521585498,0 -78.75872254371643,-1.7187377403629374,0 -78.75854551792145,-1.718898600412386,0 -78.75849187374115,-1.7188771524057929,0 -78.7580680847168,-1.7183677622492055,0 -78.75814855098724,-1.7181211101733842,0 -78.75813782215118,-1.7180567661536048,0</coordinates>
        </LinearRing></outerBoundaryIs>
      </Polygon>
      </Placemark>
      <Placemark>
        <name>UPA-148 (0.27 ha)</name>
        <styleUrl>#upa_wireframe_style</styleUrl>
        <description><![CDATA[
          <div style="font-family: Arial, sans-serif; font-size: 12px; color: #1E293B;">
            <h3 style="color: #0F766E; margin-bottom: 4px;">FICHA PREDIAL: UPA-148</h3>
            <table border="1" cellpadding="4" cellspacing="0" style="border-collapse: collapse; width: 100%; border-color: #CBD5E1;">
              <tr bgcolor="#F8FAFC"><td><b>Escenario</b></td><td>3_Valle_Agricola_Colta</td></tr>
              <tr><td><b>Superficie Útil</b></td><td><b>0.2690 ha</b> (2690.3 m²)</td></tr>
              <tr bgcolor="#F8FAFC"><td><b>Vértices LADM</b></td><td>6 vértices (Conforme 4-10)</td></tr>
              <tr><td><b>Clase de Uso</b></td><td>Cultivo_Verde_Intensivo</td></tr>
              <tr bgcolor="#F8FAFC"><td><b>Solape Habitacional</b></td><td>0.00% (Segregado LADM)</td></tr>
              <tr><td><b>Lindero Vial</b></td><td>Infranqueable (Búfer LPIS 3.5m)</td></tr>
              <tr bgcolor="#F8FAFC"><td><b>Estándar Registral</b></td><td>✅ 100% Conforme ISO 19152</td></tr>
            </table>
          </div>
        ]]></description>
      <Polygon>
        <outerBoundaryIs><LinearRing>
          <coordinates>-78.75855624675751,-1.7189414964255723,0 -78.75893712043762,-1.7185876043167854,0 -78.75954329967499,-1.7189254104206273,0 -78.75944137573242,-1.7190165644486484,0 -78.75909268856049,-1.7189575824305172,0 -78.75858306884766,-1.7190004784437034,0 -78.75855624675751,-1.7189414964255723,0</coordinates>
        </LinearRing></outerBoundaryIs>
      </Polygon>
      </Placemark>
      <Placemark>
        <name>UPA-149 (0.25 ha)</name>
        <styleUrl>#upa_wireframe_style</styleUrl>
        <description><![CDATA[
          <div style="font-family: Arial, sans-serif; font-size: 12px; color: #1E293B;">
            <h3 style="color: #0F766E; margin-bottom: 4px;">FICHA PREDIAL: UPA-149</h3>
            <table border="1" cellpadding="4" cellspacing="0" style="border-collapse: collapse; width: 100%; border-color: #CBD5E1;">
              <tr bgcolor="#F8FAFC"><td><b>Escenario</b></td><td>3_Valle_Agricola_Colta</td></tr>
              <tr><td><b>Superficie Útil</b></td><td><b>0.2475 ha</b> (2475.0 m²)</td></tr>
              <tr bgcolor="#F8FAFC"><td><b>Vértices LADM</b></td><td>7 vértices (Conforme 4-10)</td></tr>
              <tr><td><b>Clase de Uso</b></td><td>Cultivo_Verde_Intensivo</td></tr>
              <tr bgcolor="#F8FAFC"><td><b>Solape Habitacional</b></td><td>0.00% (Segregado LADM)</td></tr>
              <tr><td><b>Lindero Vial</b></td><td>Infranqueable (Búfer LPIS 3.5m)</td></tr>
              <tr bgcolor="#F8FAFC"><td><b>Estándar Registral</b></td><td>✅ 100% Conforme ISO 19152</td></tr>
            </table>
          </div>
        ]]></description>
      <Polygon>
        <outerBoundaryIs><LinearRing>
          <coordinates>-78.75786423683167,-1.71785301009097,0 -78.75786423683167,-1.7189522204288687,0 -78.75792324542999,-1.718882514407441,0 -78.75813804021696,-1.718058073958897,0 -78.75813782215118,-1.7180567661536048,0 -78.75813834388946,-1.7180569083817652,0 -78.75819146633148,-1.71785301009097,0 -78.75786423683167,-1.71785301009097,0</coordinates>
        </LinearRing></outerBoundaryIs>
      </Polygon>
      </Placemark>
      <Placemark>
        <name>UPA-150 (0.24 ha)</name>
        <styleUrl>#upa_wireframe_style</styleUrl>
        <description><![CDATA[
          <div style="font-family: Arial, sans-serif; font-size: 12px; color: #1E293B;">
            <h3 style="color: #0F766E; margin-bottom: 4px;">FICHA PREDIAL: UPA-150</h3>
            <table border="1" cellpadding="4" cellspacing="0" style="border-collapse: collapse; width: 100%; border-color: #CBD5E1;">
              <tr bgcolor="#F8FAFC"><td><b>Escenario</b></td><td>3_Valle_Agricola_Colta</td></tr>
              <tr><td><b>Superficie Útil</b></td><td><b>0.2411 ha</b> (2411.0 m²)</td></tr>
              <tr bgcolor="#F8FAFC"><td><b>Vértices LADM</b></td><td>6 vértices (Conforme 4-10)</td></tr>
              <tr><td><b>Clase de Uso</b></td><td>Cultivo_Verde_Intensivo</td></tr>
              <tr bgcolor="#F8FAFC"><td><b>Solape Habitacional</b></td><td>0.00% (Segregado LADM)</td></tr>
              <tr><td><b>Lindero Vial</b></td><td>Infranqueable (Búfer LPIS 3.5m)</td></tr>
              <tr bgcolor="#F8FAFC"><td><b>Estándar Registral</b></td><td>✅ 100% Conforme ISO 19152</td></tr>
            </table>
          </div>
        ]]></description>
      <Polygon>
        <outerBoundaryIs><LinearRing>
          <coordinates>-78.75909268856049,-1.7213329491607086,0 -78.75923216342926,-1.7214241031887294,0 -78.75968813896179,-1.721885235330482,0 -78.7595272064209,-1.7220943533947652,0 -78.75903367996216,-1.721606411244771,0 -78.75909268856049,-1.7214777232052123,0 -78.75909268856049,-1.7213329491607086,0</coordinates>
        </LinearRing></outerBoundaryIs>
      </Polygon>
      </Placemark>
      <Placemark>
        <name>UPA-151 (0.24 ha)</name>
        <styleUrl>#upa_wireframe_style</styleUrl>
        <description><![CDATA[
          <div style="font-family: Arial, sans-serif; font-size: 12px; color: #1E293B;">
            <h3 style="color: #0F766E; margin-bottom: 4px;">FICHA PREDIAL: UPA-151</h3>
            <table border="1" cellpadding="4" cellspacing="0" style="border-collapse: collapse; width: 100%; border-color: #CBD5E1;">
              <tr bgcolor="#F8FAFC"><td><b>Escenario</b></td><td>3_Valle_Agricola_Colta</td></tr>
              <tr><td><b>Superficie Útil</b></td><td><b>0.2373 ha</b> (2373.4 m²)</td></tr>
              <tr bgcolor="#F8FAFC"><td><b>Vértices LADM</b></td><td>6 vértices (Conforme 4-10)</td></tr>
              <tr><td><b>Clase de Uso</b></td><td>Pastizal_Mixto</td></tr>
              <tr bgcolor="#F8FAFC"><td><b>Solape Habitacional</b></td><td>0.00% (Segregado LADM)</td></tr>
              <tr><td><b>Lindero Vial</b></td><td>Infranqueable (Búfer LPIS 3.5m)</td></tr>
              <tr bgcolor="#F8FAFC"><td><b>Estándar Registral</b></td><td>✅ 100% Conforme ISO 19152</td></tr>
            </table>
          </div>
        ]]></description>
      <Polygon>
        <outerBoundaryIs><LinearRing>
          <coordinates>-78.76176953315735,-1.7204589428920376,0 -78.76195192337036,-1.7205500969200584,0 -78.76215040683746,-1.7206948709645622,0 -78.76215040683746,-1.7209576090453285,0 -78.7620860338211,-1.7210702110799425,0 -78.76160860061646,-1.7207860249925833,0 -78.76176953315735,-1.7204589428920376,0</coordinates>
        </LinearRing></outerBoundaryIs>
      </Polygon>
      </Placemark>
      <Placemark>
        <name>UPA-152 (0.24 ha)</name>
        <styleUrl>#upa_wireframe_style</styleUrl>
        <description><![CDATA[
          <div style="font-family: Arial, sans-serif; font-size: 12px; color: #1E293B;">
            <h3 style="color: #0F766E; margin-bottom: 4px;">FICHA PREDIAL: UPA-152</h3>
            <table border="1" cellpadding="4" cellspacing="0" style="border-collapse: collapse; width: 100%; border-color: #CBD5E1;">
              <tr bgcolor="#F8FAFC"><td><b>Escenario</b></td><td>3_Valle_Agricola_Colta</td></tr>
              <tr><td><b>Superficie Útil</b></td><td><b>0.2363 ha</b> (2362.6 m²)</td></tr>
              <tr bgcolor="#F8FAFC"><td><b>Vértices LADM</b></td><td>7 vértices (Conforme 4-10)</td></tr>
              <tr><td><b>Clase de Uso</b></td><td>Suelo_Arado_Seco</td></tr>
              <tr bgcolor="#F8FAFC"><td><b>Solape Habitacional</b></td><td>0.00% (Segregado LADM)</td></tr>
              <tr><td><b>Lindero Vial</b></td><td>Infranqueable (Búfer LPIS 3.5m)</td></tr>
              <tr bgcolor="#F8FAFC"><td><b>Estándar Registral</b></td><td>✅ 100% Conforme ISO 19152</td></tr>
            </table>
          </div>
        ]]></description>
      <Polygon>
        <outerBoundaryIs><LinearRing>
          <coordinates>-78.75860452651978,-1.71785301009097,0 -78.75907123088837,-1.71785301009097,0 -78.75928044319153,-1.7180674901569013,0 -78.75932335853577,-1.718078214160198,0 -78.75933408737183,-1.718115748171736,0 -78.75912487506866,-1.7183463142426123,0 -78.75907123088837,-1.7183677622492055,0 -78.75860452651978,-1.71785301009097,0</coordinates>
        </LinearRing></outerBoundaryIs>
      </Polygon>
      </Placemark>
      <Placemark>
        <name>UPA-153 (0.23 ha)</name>
        <styleUrl>#upa_wireframe_style</styleUrl>
        <description><![CDATA[
          <div style="font-family: Arial, sans-serif; font-size: 12px; color: #1E293B;">
            <h3 style="color: #0F766E; margin-bottom: 4px;">FICHA PREDIAL: UPA-153</h3>
            <table border="1" cellpadding="4" cellspacing="0" style="border-collapse: collapse; width: 100%; border-color: #CBD5E1;">
              <tr bgcolor="#F8FAFC"><td><b>Escenario</b></td><td>3_Valle_Agricola_Colta</td></tr>
              <tr><td><b>Superficie Útil</b></td><td><b>0.2274 ha</b> (2273.7 m²)</td></tr>
              <tr bgcolor="#F8FAFC"><td><b>Vértices LADM</b></td><td>7 vértices (Conforme 4-10)</td></tr>
              <tr><td><b>Clase de Uso</b></td><td>Pastizal_Mixto</td></tr>
              <tr bgcolor="#F8FAFC"><td><b>Solape Habitacional</b></td><td>0.00% (Segregado LADM)</td></tr>
              <tr><td><b>Lindero Vial</b></td><td>Infranqueable (Búfer LPIS 3.5m)</td></tr>
              <tr bgcolor="#F8FAFC"><td><b>Estándar Registral</b></td><td>✅ 100% Conforme ISO 19152</td></tr>
            </table>
          </div>
        ]]></description>
      <Polygon>
        <outerBoundaryIs><LinearRing>
          <coordinates>-78.75923216342926,-1.719627832636553,0 -78.75943064689636,-1.719718986664574,0 -78.75948429107666,-1.7198101406925947,0 -78.75910341739655,-1.7202712728343477,0 -78.75899612903595,-1.720185480807975,0 -78.75895857810974,-1.7200996887816025,0 -78.75886738300323,-1.7200782407750093,0 -78.75923216342926,-1.719627832636553,0</coordinates>
        </LinearRing></outerBoundaryIs>
      </Polygon>
      </Placemark>
      <Placemark>
        <name>UPA-154 (0.22 ha)</name>
        <styleUrl>#upa_wireframe_style</styleUrl>
        <description><![CDATA[
          <div style="font-family: Arial, sans-serif; font-size: 12px; color: #1E293B;">
            <h3 style="color: #0F766E; margin-bottom: 4px;">FICHA PREDIAL: UPA-154</h3>
            <table border="1" cellpadding="4" cellspacing="0" style="border-collapse: collapse; width: 100%; border-color: #CBD5E1;">
              <tr bgcolor="#F8FAFC"><td><b>Escenario</b></td><td>3_Valle_Agricola_Colta</td></tr>
              <tr><td><b>Superficie Útil</b></td><td><b>0.2240 ha</b> (2240.2 m²)</td></tr>
              <tr bgcolor="#F8FAFC"><td><b>Vértices LADM</b></td><td>8 vértices (Conforme 4-10)</td></tr>
              <tr><td><b>Clase de Uso</b></td><td>Pastizal_Mixto</td></tr>
              <tr bgcolor="#F8FAFC"><td><b>Solape Habitacional</b></td><td>0.00% (Segregado LADM)</td></tr>
              <tr><td><b>Lindero Vial</b></td><td>Infranqueable (Búfer LPIS 3.5m)</td></tr>
              <tr bgcolor="#F8FAFC"><td><b>Estándar Registral</b></td><td>✅ 100% Conforme ISO 19152</td></tr>
            </table>
          </div>
        ]]></description>
      <Polygon>
        <outerBoundaryIs><LinearRing>
          <coordinates>-78.76122772693634,-1.720094326779954,0 -78.76139402389526,-1.7199549147370985,0 -78.76171052455902,-1.7201372227931404,0 -78.76215040683746,-1.720448218888741,0 -78.7621396780014,-1.7206626989546725,0 -78.76193046569824,-1.720485752900279,0 -78.76184463500977,-1.7204643048936858,0 -78.76152276992798,-1.7202391008244577,0 -78.76122772693634,-1.720094326779954,0</coordinates>
        </LinearRing></outerBoundaryIs>
      </Polygon>
      </Placemark>
      <Placemark>
        <name>UPA-155 (0.22 ha)</name>
        <styleUrl>#upa_wireframe_style</styleUrl>
        <description><![CDATA[
          <div style="font-family: Arial, sans-serif; font-size: 12px; color: #1E293B;">
            <h3 style="color: #0F766E; margin-bottom: 4px;">FICHA PREDIAL: UPA-155</h3>
            <table border="1" cellpadding="4" cellspacing="0" style="border-collapse: collapse; width: 100%; border-color: #CBD5E1;">
              <tr bgcolor="#F8FAFC"><td><b>Escenario</b></td><td>3_Valle_Agricola_Colta</td></tr>
              <tr><td><b>Superficie Útil</b></td><td><b>0.2153 ha</b> (2152.8 m²)</td></tr>
              <tr bgcolor="#F8FAFC"><td><b>Vértices LADM</b></td><td>7 vértices (Conforme 4-10)</td></tr>
              <tr><td><b>Clase de Uso</b></td><td>Pastizal_Mixto</td></tr>
              <tr bgcolor="#F8FAFC"><td><b>Solape Habitacional</b></td><td>0.00% (Segregado LADM)</td></tr>
              <tr><td><b>Lindero Vial</b></td><td>Infranqueable (Búfer LPIS 3.5m)</td></tr>
              <tr bgcolor="#F8FAFC"><td><b>Estándar Registral</b></td><td>✅ 100% Conforme ISO 19152</td></tr>
            </table>
          </div>
        ]]></description>
      <Polygon>
        <outerBoundaryIs><LinearRing>
          <coordinates>-78.75807881355286,-1.7209736950502732,0 -78.7582665681839,-1.7211023830898322,0 -78.7583202123642,-1.7211023830898322,0 -78.7583202123642,-1.7211720891112599,0 -78.75786423683167,-1.721713651277737,0 -78.75786423683167,-1.7210916590865355,0 -78.75793397426605,-1.7211238310964252,0 -78.75807881355286,-1.7209736950502732,0</coordinates>
        </LinearRing></outerBoundaryIs>
      </Polygon>
      </Placemark>
      <Placemark>
        <name>UPA-156 (0.20 ha)</name>
        <styleUrl>#upa_wireframe_style</styleUrl>
        <description><![CDATA[
          <div style="font-family: Arial, sans-serif; font-size: 12px; color: #1E293B;">
            <h3 style="color: #0F766E; margin-bottom: 4px;">FICHA PREDIAL: UPA-156</h3>
            <table border="1" cellpadding="4" cellspacing="0" style="border-collapse: collapse; width: 100%; border-color: #CBD5E1;">
              <tr bgcolor="#F8FAFC"><td><b>Escenario</b></td><td>3_Valle_Agricola_Colta</td></tr>
              <tr><td><b>Superficie Útil</b></td><td><b>0.2010 ha</b> (2010.3 m²)</td></tr>
              <tr bgcolor="#F8FAFC"><td><b>Vértices LADM</b></td><td>7 vértices (Conforme 4-10)</td></tr>
              <tr><td><b>Clase de Uso</b></td><td>Cultivo_Verde_Intensivo</td></tr>
              <tr bgcolor="#F8FAFC"><td><b>Solape Habitacional</b></td><td>0.00% (Segregado LADM)</td></tr>
              <tr><td><b>Lindero Vial</b></td><td>Infranqueable (Búfer LPIS 3.5m)</td></tr>
              <tr bgcolor="#F8FAFC"><td><b>Estándar Registral</b></td><td>✅ 100% Conforme ISO 19152</td></tr>
            </table>
          </div>
        ]]></description>
      <Polygon>
        <outerBoundaryIs><LinearRing>
          <coordinates>-78.75947892665863,-1.7198959327189673,0 -78.75957012176514,-1.7199549147370985,0 -78.75962376594543,-1.7201640328013819,0 -78.75963985919952,-1.7204589428920376,0 -78.75955939292908,-1.7205072009068723,0 -78.75942528247833,-1.720469666895334,0 -78.75920534133911,-1.7202122908162165,0 -78.75947892665863,-1.7198959327189673,0</coordinates>
        </LinearRing></outerBoundaryIs>
      </Polygon>
      </Placemark>
      <Placemark>
        <name>UPA-157 (0.19 ha)</name>
        <styleUrl>#upa_wireframe_style</styleUrl>
        <description><![CDATA[
          <div style="font-family: Arial, sans-serif; font-size: 12px; color: #1E293B;">
            <h3 style="color: #0F766E; margin-bottom: 4px;">FICHA PREDIAL: UPA-157</h3>
            <table border="1" cellpadding="4" cellspacing="0" style="border-collapse: collapse; width: 100%; border-color: #CBD5E1;">
              <tr bgcolor="#F8FAFC"><td><b>Escenario</b></td><td>3_Valle_Agricola_Colta</td></tr>
              <tr><td><b>Superficie Útil</b></td><td><b>0.1907 ha</b> (1906.9 m²)</td></tr>
              <tr bgcolor="#F8FAFC"><td><b>Vértices LADM</b></td><td>8 vértices (Conforme 4-10)</td></tr>
              <tr><td><b>Clase de Uso</b></td><td>Cultivo_Verde_Intensivo</td></tr>
              <tr bgcolor="#F8FAFC"><td><b>Solape Habitacional</b></td><td>0.00% (Segregado LADM)</td></tr>
              <tr><td><b>Lindero Vial</b></td><td>Infranqueable (Búfer LPIS 3.5m)</td></tr>
              <tr bgcolor="#F8FAFC"><td><b>Estándar Registral</b></td><td>✅ 100% Conforme ISO 19152</td></tr>
            </table>
          </div>
        ]]></description>
      <Polygon>
        <outerBoundaryIs><LinearRing>
          <coordinates>-78.75955939292908,-1.720705594967859,0 -78.75969886779785,-1.720802110997528,0 -78.75966131687164,-1.720614440939838,0 -78.75980079174042,-1.720614440939838,0 -78.76019239425659,-1.7209361610387353,0 -78.76017093658447,-1.7211452791030184,0 -78.76029968261719,-1.7211720891112599,0 -78.76011729240417,-1.7212042611211495,0 -78.75955939292908,-1.720705594967859,0</coordinates>
        </LinearRing></outerBoundaryIs>
      </Polygon>
      </Placemark>
      <Placemark>
        <name>UPA-158 (0.19 ha)</name>
        <styleUrl>#upa_wireframe_style</styleUrl>
        <description><![CDATA[
          <div style="font-family: Arial, sans-serif; font-size: 12px; color: #1E293B;">
            <h3 style="color: #0F766E; margin-bottom: 4px;">FICHA PREDIAL: UPA-158</h3>
            <table border="1" cellpadding="4" cellspacing="0" style="border-collapse: collapse; width: 100%; border-color: #CBD5E1;">
              <tr bgcolor="#F8FAFC"><td><b>Escenario</b></td><td>3_Valle_Agricola_Colta</td></tr>
              <tr><td><b>Superficie Útil</b></td><td><b>0.1889 ha</b> (1889.0 m²)</td></tr>
              <tr bgcolor="#F8FAFC"><td><b>Vértices LADM</b></td><td>8 vértices (Conforme 4-10)</td></tr>
              <tr><td><b>Clase de Uso</b></td><td>Cultivo_Verde_Intensivo</td></tr>
              <tr bgcolor="#F8FAFC"><td><b>Solape Habitacional</b></td><td>0.00% (Segregado LADM)</td></tr>
              <tr><td><b>Lindero Vial</b></td><td>Infranqueable (Búfer LPIS 3.5m)</td></tr>
              <tr bgcolor="#F8FAFC"><td><b>Estándar Registral</b></td><td>✅ 100% Conforme ISO 19152</td></tr>
            </table>
          </div>
        ]]></description>
      <Polygon>
        <outerBoundaryIs><LinearRing>
          <coordinates>-78.76134037971497,-1.7207216809728036,0 -78.76142621040344,-1.720705594967859,0 -78.76176416873932,-1.720914713032142,0 -78.76176416873932,-1.7209415230403835,0 -78.7615817785263,-1.7211720891112599,0 -78.76134037971497,-1.7210487630733493,0 -78.76119017601013,-1.7209361610387353,0 -78.7611848115921,-1.7209039890288456,0 -78.76134037971497,-1.7207216809728036,0</coordinates>
        </LinearRing></outerBoundaryIs>
      </Polygon>
      </Placemark>
      <Placemark>
        <name>UPA-159 (0.19 ha)</name>
        <styleUrl>#upa_wireframe_style</styleUrl>
        <description><![CDATA[
          <div style="font-family: Arial, sans-serif; font-size: 12px; color: #1E293B;">
            <h3 style="color: #0F766E; margin-bottom: 4px;">FICHA PREDIAL: UPA-159</h3>
            <table border="1" cellpadding="4" cellspacing="0" style="border-collapse: collapse; width: 100%; border-color: #CBD5E1;">
              <tr bgcolor="#F8FAFC"><td><b>Escenario</b></td><td>3_Valle_Agricola_Colta</td></tr>
              <tr><td><b>Superficie Útil</b></td><td><b>0.1874 ha</b> (1873.5 m²)</td></tr>
              <tr bgcolor="#F8FAFC"><td><b>Vértices LADM</b></td><td>6 vértices (Conforme 4-10)</td></tr>
              <tr><td><b>Clase de Uso</b></td><td>Pastizal_Mixto</td></tr>
              <tr bgcolor="#F8FAFC"><td><b>Solape Habitacional</b></td><td>0.00% (Segregado LADM)</td></tr>
              <tr><td><b>Lindero Vial</b></td><td>Infranqueable (Búfer LPIS 3.5m)</td></tr>
              <tr bgcolor="#F8FAFC"><td><b>Estándar Registral</b></td><td>✅ 100% Conforme ISO 19152</td></tr>
            </table>
          </div>
        ]]></description>
      <Polygon>
        <outerBoundaryIs><LinearRing>
          <coordinates>-78.76034796237946,-1.7189093244156826,0 -78.7598329782486,-1.7194562485838079,0 -78.7595808506012,-1.719311474539304,0 -78.75975251197815,-1.7190916324717243,0 -78.75996708869934,-1.7191184424799657,0 -78.7602299451828,-1.7188503423975514,0 -78.76034796237946,-1.7189093244156826,0</coordinates>
        </LinearRing></outerBoundaryIs>
      </Polygon>
      </Placemark>
      <Placemark>
        <name>UPA-160 (0.18 ha)</name>
        <styleUrl>#upa_wireframe_style</styleUrl>
        <description><![CDATA[
          <div style="font-family: Arial, sans-serif; font-size: 12px; color: #1E293B;">
            <h3 style="color: #0F766E; margin-bottom: 4px;">FICHA PREDIAL: UPA-160</h3>
            <table border="1" cellpadding="4" cellspacing="0" style="border-collapse: collapse; width: 100%; border-color: #CBD5E1;">
              <tr bgcolor="#F8FAFC"><td><b>Escenario</b></td><td>3_Valle_Agricola_Colta</td></tr>
              <tr><td><b>Superficie Útil</b></td><td><b>0.1840 ha</b> (1840.1 m²)</td></tr>
              <tr bgcolor="#F8FAFC"><td><b>Vértices LADM</b></td><td>8 vértices (Conforme 4-10)</td></tr>
              <tr><td><b>Clase de Uso</b></td><td>Cultivo_Verde_Intensivo</td></tr>
              <tr bgcolor="#F8FAFC"><td><b>Solape Habitacional</b></td><td>0.00% (Segregado LADM)</td></tr>
              <tr><td><b>Lindero Vial</b></td><td>Infranqueable (Búfer LPIS 3.5m)</td></tr>
              <tr bgcolor="#F8FAFC"><td><b>Estándar Registral</b></td><td>✅ 100% Conforme ISO 19152</td></tr>
            </table>
          </div>
        ]]></description>
      <Polygon>
        <outerBoundaryIs><LinearRing>
          <coordinates>-78.75816464424133,-1.7198637607090776,0 -78.75822901725769,-1.7197833306843533,0 -78.7583202123642,-1.7197618826777603,0 -78.75874936580658,-1.7200138967552299,0 -78.75889956951141,-1.7201586707997336,0 -78.75878691673279,-1.720276634835996,0 -78.75875473022461,-1.7202712728343477,0 -78.75824511051178,-1.7199495527354502,0 -78.75816464424133,-1.7198637607090776,0</coordinates>
        </LinearRing></outerBoundaryIs>
      </Polygon>
      </Placemark>
      <Placemark>
        <name>UPA-161 (0.18 ha)</name>
        <styleUrl>#upa_wireframe_style</styleUrl>
        <description><![CDATA[
          <div style="font-family: Arial, sans-serif; font-size: 12px; color: #1E293B;">
            <h3 style="color: #0F766E; margin-bottom: 4px;">FICHA PREDIAL: UPA-161</h3>
            <table border="1" cellpadding="4" cellspacing="0" style="border-collapse: collapse; width: 100%; border-color: #CBD5E1;">
              <tr bgcolor="#F8FAFC"><td><b>Escenario</b></td><td>3_Valle_Agricola_Colta</td></tr>
              <tr><td><b>Superficie Útil</b></td><td><b>0.1824 ha</b> (1823.9 m²)</td></tr>
              <tr bgcolor="#F8FAFC"><td><b>Vértices LADM</b></td><td>7 vértices (Conforme 4-10)</td></tr>
              <tr><td><b>Clase de Uso</b></td><td>Cultivo_Verde_Intensivo</td></tr>
              <tr bgcolor="#F8FAFC"><td><b>Solape Habitacional</b></td><td>0.00% (Segregado LADM)</td></tr>
              <tr><td><b>Lindero Vial</b></td><td>Infranqueable (Búfer LPIS 3.5m)</td></tr>
              <tr bgcolor="#F8FAFC"><td><b>Estándar Registral</b></td><td>✅ 100% Conforme ISO 19152</td></tr>
            </table>
          </div>
        ]]></description>
      <Polygon>
        <outerBoundaryIs><LinearRing>
          <coordinates>-78.75813245773315,-1.7203034448442374,0 -78.75825583934784,-1.72016939480303,0 -78.75870645046234,-1.7204535808903894,0 -78.75878155231476,-1.7204803908986308,0 -78.75881910324097,-1.7204160468788514,0 -78.75888347625732,-1.720501838905224,0 -78.75870108604431,-1.7207109569695072,0 -78.75813245773315,-1.7203034448442374,0</coordinates>
        </LinearRing></outerBoundaryIs>
      </Polygon>
      </Placemark>
      <Placemark>
        <name>UPA-162 (0.17 ha)</name>
        <styleUrl>#upa_wireframe_style</styleUrl>
        <description><![CDATA[
          <div style="font-family: Arial, sans-serif; font-size: 12px; color: #1E293B;">
            <h3 style="color: #0F766E; margin-bottom: 4px;">FICHA PREDIAL: UPA-162</h3>
            <table border="1" cellpadding="4" cellspacing="0" style="border-collapse: collapse; width: 100%; border-color: #CBD5E1;">
              <tr bgcolor="#F8FAFC"><td><b>Escenario</b></td><td>3_Valle_Agricola_Colta</td></tr>
              <tr><td><b>Superficie Útil</b></td><td><b>0.1706 ha</b> (1705.9 m²)</td></tr>
              <tr bgcolor="#F8FAFC"><td><b>Vértices LADM</b></td><td>8 vértices (Conforme 4-10)</td></tr>
              <tr><td><b>Clase de Uso</b></td><td>Cultivo_Verde_Intensivo</td></tr>
              <tr bgcolor="#F8FAFC"><td><b>Solape Habitacional</b></td><td>0.00% (Segregado LADM)</td></tr>
              <tr><td><b>Lindero Vial</b></td><td>Infranqueable (Búfer LPIS 3.5m)</td></tr>
              <tr bgcolor="#F8FAFC"><td><b>Estándar Registral</b></td><td>✅ 100% Conforme ISO 19152</td></tr>
            </table>
          </div>
        ]]></description>
      <Polygon>
        <outerBoundaryIs><LinearRing>
          <coordinates>-78.76212894916534,-1.719552764613477,0 -78.76215040683746,-1.7195634886167737,0 -78.76215040683746,-1.720185480807975,0 -78.76190900802612,-1.7200299827601746,0 -78.76175343990326,-1.7198959327189673,0 -78.76179099082947,-1.719831588699188,0 -78.76209676265717,-1.7195795746217184,0 -78.76211822032928,-1.7195849366233669,0 -78.76212894916534,-1.719552764613477,0</coordinates>
        </LinearRing></outerBoundaryIs>
      </Polygon>
      </Placemark>
      <Placemark>
        <name>UPA-163 (0.15 ha)</name>
        <styleUrl>#upa_wireframe_style</styleUrl>
        <description><![CDATA[
          <div style="font-family: Arial, sans-serif; font-size: 12px; color: #1E293B;">
            <h3 style="color: #0F766E; margin-bottom: 4px;">FICHA PREDIAL: UPA-163</h3>
            <table border="1" cellpadding="4" cellspacing="0" style="border-collapse: collapse; width: 100%; border-color: #CBD5E1;">
              <tr bgcolor="#F8FAFC"><td><b>Escenario</b></td><td>3_Valle_Agricola_Colta</td></tr>
              <tr><td><b>Superficie Útil</b></td><td><b>0.1459 ha</b> (1459.4 m²)</td></tr>
              <tr bgcolor="#F8FAFC"><td><b>Vértices LADM</b></td><td>7 vértices (Conforme 4-10)</td></tr>
              <tr><td><b>Clase de Uso</b></td><td>Suelo_Arado_Seco</td></tr>
              <tr bgcolor="#F8FAFC"><td><b>Solape Habitacional</b></td><td>0.00% (Segregado LADM)</td></tr>
              <tr><td><b>Lindero Vial</b></td><td>Infranqueable (Búfer LPIS 3.5m)</td></tr>
              <tr bgcolor="#F8FAFC"><td><b>Estándar Registral</b></td><td>✅ 100% Conforme ISO 19152</td></tr>
            </table>
          </div>
        ]]></description>
      <Polygon>
        <outerBoundaryIs><LinearRing>
          <coordinates>-78.76120626926422,-1.7201318607914922,0 -78.76151204109192,-1.7202712728343477,0 -78.76131355762482,-1.720539372916762,0 -78.76131355762482,-1.7205876309315966,0 -78.76099705696106,-1.7203999608739065,0 -78.76111507415771,-1.7202819968376442,0 -78.7611311674118,-1.7202015668129198,0 -78.76120626926422,-1.7201318607914922,0</coordinates>
        </LinearRing></outerBoundaryIs>
      </Polygon>
      </Placemark>
      <Placemark>
        <name>UPA-164 (0.14 ha)</name>
        <styleUrl>#upa_wireframe_style</styleUrl>
        <description><![CDATA[
          <div style="font-family: Arial, sans-serif; font-size: 12px; color: #1E293B;">
            <h3 style="color: #0F766E; margin-bottom: 4px;">FICHA PREDIAL: UPA-164</h3>
            <table border="1" cellpadding="4" cellspacing="0" style="border-collapse: collapse; width: 100%; border-color: #CBD5E1;">
              <tr bgcolor="#F8FAFC"><td><b>Escenario</b></td><td>3_Valle_Agricola_Colta</td></tr>
              <tr><td><b>Superficie Útil</b></td><td><b>0.1436 ha</b> (1435.7 m²)</td></tr>
              <tr bgcolor="#F8FAFC"><td><b>Vértices LADM</b></td><td>7 vértices (Conforme 4-10)</td></tr>
              <tr><td><b>Clase de Uso</b></td><td>Cultivo_Verde_Intensivo</td></tr>
              <tr bgcolor="#F8FAFC"><td><b>Solape Habitacional</b></td><td>0.00% (Segregado LADM)</td></tr>
              <tr><td><b>Lindero Vial</b></td><td>Infranqueable (Búfer LPIS 3.5m)</td></tr>
              <tr bgcolor="#F8FAFC"><td><b>Estándar Registral</b></td><td>✅ 100% Conforme ISO 19152</td></tr>
            </table>
          </div>
        ]]></description>
      <Polygon>
        <outerBoundaryIs><LinearRing>
          <coordinates>-78.76172661781311,-1.721306139152467,0 -78.76186609268188,-1.7214026551821362,0 -78.7618499994278,-1.7216010492431228,0 -78.76175343990326,-1.7217404612859784,0 -78.76156568527222,-1.721863787323889,0 -78.76150131225586,-1.721810167307406,0 -78.76152813434601,-1.721622497249716,0 -78.76172661781311,-1.721306139152467,0</coordinates>
        </LinearRing></outerBoundaryIs>
      </Polygon>
      </Placemark>
      <Placemark>
        <name>UPA-165 (0.14 ha)</name>
        <styleUrl>#upa_wireframe_style</styleUrl>
        <description><![CDATA[
          <div style="font-family: Arial, sans-serif; font-size: 12px; color: #1E293B;">
            <h3 style="color: #0F766E; margin-bottom: 4px;">FICHA PREDIAL: UPA-165</h3>
            <table border="1" cellpadding="4" cellspacing="0" style="border-collapse: collapse; width: 100%; border-color: #CBD5E1;">
              <tr bgcolor="#F8FAFC"><td><b>Escenario</b></td><td>3_Valle_Agricola_Colta</td></tr>
              <tr><td><b>Superficie Útil</b></td><td><b>0.1431 ha</b> (1431.4 m²)</td></tr>
              <tr bgcolor="#F8FAFC"><td><b>Vértices LADM</b></td><td>7 vértices (Conforme 4-10)</td></tr>
              <tr><td><b>Clase de Uso</b></td><td>Pastizal_Mixto</td></tr>
              <tr bgcolor="#F8FAFC"><td><b>Solape Habitacional</b></td><td>0.00% (Segregado LADM)</td></tr>
              <tr><td><b>Lindero Vial</b></td><td>Infranqueable (Búfer LPIS 3.5m)</td></tr>
              <tr bgcolor="#F8FAFC"><td><b>Estándar Registral</b></td><td>✅ 100% Conforme ISO 19152</td></tr>
            </table>
          </div>
        ]]></description>
      <Polygon>
        <outerBoundaryIs><LinearRing>
          <coordinates>-78.76092195510864,-1.7192471305195247,0 -78.7610775232315,-1.7191935105030418,0 -78.76156568527222,-1.7195956606266634,0 -78.76156568527222,-1.719643918641498,0 -78.76147449016571,-1.7197029006596292,0 -78.7613993883133,-1.7196760906513877,0 -78.76099705696106,-1.7193543705524905,0 -78.76092195510864,-1.7192471305195247,0</coordinates>
        </LinearRing></outerBoundaryIs>
      </Polygon>
      </Placemark>
      <Placemark>
        <name>UPA-166 (0.14 ha)</name>
        <styleUrl>#upa_wireframe_style</styleUrl>
        <description><![CDATA[
          <div style="font-family: Arial, sans-serif; font-size: 12px; color: #1E293B;">
            <h3 style="color: #0F766E; margin-bottom: 4px;">FICHA PREDIAL: UPA-166</h3>
            <table border="1" cellpadding="4" cellspacing="0" style="border-collapse: collapse; width: 100%; border-color: #CBD5E1;">
              <tr bgcolor="#F8FAFC"><td><b>Escenario</b></td><td>3_Valle_Agricola_Colta</td></tr>
              <tr><td><b>Superficie Útil</b></td><td><b>0.1383 ha</b> (1382.7 m²)</td></tr>
              <tr bgcolor="#F8FAFC"><td><b>Vértices LADM</b></td><td>6 vértices (Conforme 4-10)</td></tr>
              <tr><td><b>Clase de Uso</b></td><td>Cultivo_Verde_Intensivo</td></tr>
              <tr bgcolor="#F8FAFC"><td><b>Solape Habitacional</b></td><td>0.00% (Segregado LADM)</td></tr>
              <tr><td><b>Lindero Vial</b></td><td>Infranqueable (Búfer LPIS 3.5m)</td></tr>
              <tr bgcolor="#F8FAFC"><td><b>Estándar Registral</b></td><td>✅ 100% Conforme ISO 19152</td></tr>
            </table>
          </div>
        ]]></description>
      <Polygon>
        <outerBoundaryIs><LinearRing>
          <coordinates>-78.76178026199341,-1.7209415230403835,0 -78.7620484828949,-1.7210970210881837,0 -78.76206994056702,-1.7211988991195013,0 -78.76197338104248,-1.7212793291442257,0 -78.76192510128021,-1.7213865691771915,0 -78.76160323619843,-1.721193537117853,0 -78.76178026199341,-1.7209415230403835,0</coordinates>
        </LinearRing></outerBoundaryIs>
      </Polygon>
      </Placemark>
      <Placemark>
        <name>UPA-167 (0.14 ha)</name>
        <styleUrl>#upa_wireframe_style</styleUrl>
        <description><![CDATA[
          <div style="font-family: Arial, sans-serif; font-size: 12px; color: #1E293B;">
            <h3 style="color: #0F766E; margin-bottom: 4px;">FICHA PREDIAL: UPA-167</h3>
            <table border="1" cellpadding="4" cellspacing="0" style="border-collapse: collapse; width: 100%; border-color: #CBD5E1;">
              <tr bgcolor="#F8FAFC"><td><b>Escenario</b></td><td>3_Valle_Agricola_Colta</td></tr>
              <tr><td><b>Superficie Útil</b></td><td><b>0.1379 ha</b> (1379.0 m²)</td></tr>
              <tr bgcolor="#F8FAFC"><td><b>Vértices LADM</b></td><td>7 vértices (Conforme 4-10)</td></tr>
              <tr><td><b>Clase de Uso</b></td><td>Cultivo_Verde_Intensivo</td></tr>
              <tr bgcolor="#F8FAFC"><td><b>Solape Habitacional</b></td><td>0.00% (Segregado LADM)</td></tr>
              <tr><td><b>Lindero Vial</b></td><td>Infranqueable (Búfer LPIS 3.5m)</td></tr>
              <tr bgcolor="#F8FAFC"><td><b>Estándar Registral</b></td><td>✅ 100% Conforme ISO 19152</td></tr>
            </table>
          </div>
        ]]></description>
      <Polygon>
        <outerBoundaryIs><LinearRing>
          <coordinates>-78.75838458538055,-1.71785301009097,0 -78.75859379768372,-1.7178637340942664,0 -78.75884592533112,-1.7181264721750327,0 -78.75905513763428,-1.7183892102557987,0 -78.75897467136383,-1.7184750022821713,0 -78.75893712043762,-1.718469640280523,0 -78.75886738300323,-1.7183677622492055,0 -78.75838458538055,-1.71785301009097,0</coordinates>
        </LinearRing></outerBoundaryIs>
      </Polygon>
      </Placemark>
      <Placemark>
        <name>UPA-168 (0.13 ha)</name>
        <styleUrl>#upa_wireframe_style</styleUrl>
        <description><![CDATA[
          <div style="font-family: Arial, sans-serif; font-size: 12px; color: #1E293B;">
            <h3 style="color: #0F766E; margin-bottom: 4px;">FICHA PREDIAL: UPA-168</h3>
            <table border="1" cellpadding="4" cellspacing="0" style="border-collapse: collapse; width: 100%; border-color: #CBD5E1;">
              <tr bgcolor="#F8FAFC"><td><b>Escenario</b></td><td>3_Valle_Agricola_Colta</td></tr>
              <tr><td><b>Superficie Útil</b></td><td><b>0.1319 ha</b> (1319.1 m²)</td></tr>
              <tr bgcolor="#F8FAFC"><td><b>Vértices LADM</b></td><td>6 vértices (Conforme 4-10)</td></tr>
              <tr><td><b>Clase de Uso</b></td><td>Pastizal_Mixto</td></tr>
              <tr bgcolor="#F8FAFC"><td><b>Solape Habitacional</b></td><td>0.00% (Segregado LADM)</td></tr>
              <tr><td><b>Lindero Vial</b></td><td>Infranqueable (Búfer LPIS 3.5m)</td></tr>
              <tr bgcolor="#F8FAFC"><td><b>Estándar Registral</b></td><td>✅ 100% Conforme ISO 19152</td></tr>
            </table>
          </div>
        ]]></description>
      <Polygon>
        <outerBoundaryIs><LinearRing>
          <coordinates>-78.76098096370697,-1.7208235590041212,0 -78.76102924346924,-1.720839645009066,0 -78.76122236251831,-1.7209951430568664,0 -78.76101851463318,-1.7212739671425774,0 -78.76098096370697,-1.721268605140929,0 -78.76077711582184,-1.7211238310964252,0 -78.76098096370697,-1.7208235590041212,0</coordinates>
        </LinearRing></outerBoundaryIs>
      </Polygon>
      </Placemark>
      <Placemark>
        <name>UPA-169 (0.13 ha)</name>
        <styleUrl>#upa_wireframe_style</styleUrl>
        <description><![CDATA[
          <div style="font-family: Arial, sans-serif; font-size: 12px; color: #1E293B;">
            <h3 style="color: #0F766E; margin-bottom: 4px;">FICHA PREDIAL: UPA-169</h3>
            <table border="1" cellpadding="4" cellspacing="0" style="border-collapse: collapse; width: 100%; border-color: #CBD5E1;">
              <tr bgcolor="#F8FAFC"><td><b>Escenario</b></td><td>3_Valle_Agricola_Colta</td></tr>
              <tr><td><b>Superficie Útil</b></td><td><b>0.1296 ha</b> (1296.4 m²)</td></tr>
              <tr bgcolor="#F8FAFC"><td><b>Vértices LADM</b></td><td>8 vértices (Conforme 4-10)</td></tr>
              <tr><td><b>Clase de Uso</b></td><td>Pastizal_Mixto</td></tr>
              <tr bgcolor="#F8FAFC"><td><b>Solape Habitacional</b></td><td>0.00% (Segregado LADM)</td></tr>
              <tr><td><b>Lindero Vial</b></td><td>Infranqueable (Búfer LPIS 3.5m)</td></tr>
              <tr bgcolor="#F8FAFC"><td><b>Estándar Registral</b></td><td>✅ 100% Conforme ISO 19152</td></tr>
            </table>
          </div>
        ]]></description>
      <Polygon>
        <outerBoundaryIs><LinearRing>
          <coordinates>-78.76208066940308,-1.719139890486559,0 -78.76215040683746,-1.7191827864997453,0 -78.76215040683746,-1.719477696590401,0 -78.7621021270752,-1.7195420406101805,0 -78.76201629638672,-1.7196010226283116,0 -78.76180171966553,-1.719477696590401,0 -78.76179099082947,-1.7194294385755664,0 -78.76204311847687,-1.7191452524882072,0 -78.76208066940308,-1.719139890486559,0</coordinates>
        </LinearRing></outerBoundaryIs>
      </Polygon>
      </Placemark>
      <Placemark>
        <name>UPA-170 (0.12 ha)</name>
        <styleUrl>#upa_wireframe_style</styleUrl>
        <description><![CDATA[
          <div style="font-family: Arial, sans-serif; font-size: 12px; color: #1E293B;">
            <h3 style="color: #0F766E; margin-bottom: 4px;">FICHA PREDIAL: UPA-170</h3>
            <table border="1" cellpadding="4" cellspacing="0" style="border-collapse: collapse; width: 100%; border-color: #CBD5E1;">
              <tr bgcolor="#F8FAFC"><td><b>Escenario</b></td><td>3_Valle_Agricola_Colta</td></tr>
              <tr><td><b>Superficie Útil</b></td><td><b>0.1218 ha</b> (1218.1 m²)</td></tr>
              <tr bgcolor="#F8FAFC"><td><b>Vértices LADM</b></td><td>7 vértices (Conforme 4-10)</td></tr>
              <tr><td><b>Clase de Uso</b></td><td>Cultivo_Verde_Intensivo</td></tr>
              <tr bgcolor="#F8FAFC"><td><b>Solape Habitacional</b></td><td>0.00% (Segregado LADM)</td></tr>
              <tr><td><b>Lindero Vial</b></td><td>Infranqueable (Búfer LPIS 3.5m)</td></tr>
              <tr bgcolor="#F8FAFC"><td><b>Estándar Registral</b></td><td>✅ 100% Conforme ISO 19152</td></tr>
            </table>
          </div>
        ]]></description>
      <Polygon>
        <outerBoundaryIs><LinearRing>
          <coordinates>-78.76121163368225,-1.7221372494079517,0 -78.76120090484619,-1.722088991393117,0 -78.76069664955139,-1.7217672712942198,0 -78.76061618328094,-1.7217404612859784,0 -78.76062154769897,-1.7217458232876266,0 -78.76054231379483,-1.7218349212778543,0 -78.76095950603485,-1.7221372494079517,0 -78.76121163368225,-1.7221372494079517,0</coordinates>
        </LinearRing></outerBoundaryIs>
      </Polygon>
      </Placemark>
      <Placemark>
        <name>UPA-171 (0.12 ha)</name>
        <styleUrl>#upa_wireframe_style</styleUrl>
        <description><![CDATA[
          <div style="font-family: Arial, sans-serif; font-size: 12px; color: #1E293B;">
            <h3 style="color: #0F766E; margin-bottom: 4px;">FICHA PREDIAL: UPA-171</h3>
            <table border="1" cellpadding="4" cellspacing="0" style="border-collapse: collapse; width: 100%; border-color: #CBD5E1;">
              <tr bgcolor="#F8FAFC"><td><b>Escenario</b></td><td>3_Valle_Agricola_Colta</td></tr>
              <tr><td><b>Superficie Útil</b></td><td><b>0.1220 ha</b> (1220.0 m²)</td></tr>
              <tr bgcolor="#F8FAFC"><td><b>Vértices LADM</b></td><td>8 vértices (Conforme 4-10)</td></tr>
              <tr><td><b>Clase de Uso</b></td><td>Cultivo_Verde_Intensivo</td></tr>
              <tr bgcolor="#F8FAFC"><td><b>Solape Habitacional</b></td><td>0.00% (Segregado LADM)</td></tr>
              <tr><td><b>Lindero Vial</b></td><td>Infranqueable (Búfer LPIS 3.5m)</td></tr>
              <tr bgcolor="#F8FAFC"><td><b>Estándar Registral</b></td><td>✅ 100% Conforme ISO 19152</td></tr>
            </table>
          </div>
        ]]></description>
      <Polygon>
        <outerBoundaryIs><LinearRing>
          <coordinates>-78.7608790397644,-1.7194455245805114,0 -78.76092195510864,-1.719440162578863,0 -78.76135647296906,-1.7198047786909465,0 -78.76135110855103,-1.7198691227107261,0 -78.76129746437073,-1.7199227427272088,0 -78.76125991344452,-1.7199334667305055,0 -78.76081466674805,-1.7195581266151254,0 -78.76080930233002,-1.7195259546052357,0 -78.7608790397644,-1.7194455245805114,0</coordinates>
        </LinearRing></outerBoundaryIs>
      </Polygon>
      </Placemark>
      <Placemark>
        <name>UPA-172 (0.12 ha)</name>
        <styleUrl>#upa_wireframe_style</styleUrl>
        <description><![CDATA[
          <div style="font-family: Arial, sans-serif; font-size: 12px; color: #1E293B;">
            <h3 style="color: #0F766E; margin-bottom: 4px;">FICHA PREDIAL: UPA-172</h3>
            <table border="1" cellpadding="4" cellspacing="0" style="border-collapse: collapse; width: 100%; border-color: #CBD5E1;">
              <tr bgcolor="#F8FAFC"><td><b>Escenario</b></td><td>3_Valle_Agricola_Colta</td></tr>
              <tr><td><b>Superficie Útil</b></td><td><b>0.1210 ha</b> (1209.9 m²)</td></tr>
              <tr bgcolor="#F8FAFC"><td><b>Vértices LADM</b></td><td>6 vértices (Conforme 4-10)</td></tr>
              <tr><td><b>Clase de Uso</b></td><td>Cultivo_Verde_Intensivo</td></tr>
              <tr bgcolor="#F8FAFC"><td><b>Solape Habitacional</b></td><td>0.00% (Segregado LADM)</td></tr>
              <tr><td><b>Lindero Vial</b></td><td>Infranqueable (Búfer LPIS 3.5m)</td></tr>
              <tr bgcolor="#F8FAFC"><td><b>Estándar Registral</b></td><td>✅ 100% Conforme ISO 19152</td></tr>
            </table>
          </div>
        ]]></description>
      <Polygon>
        <outerBoundaryIs><LinearRing>
          <coordinates>-78.75999927520752,-1.71785301009097,0 -78.75987589359283,-1.7179334401156943,0 -78.75961303710938,-1.7179173541107493,0 -78.75937700271606,-1.7180996621667912,0 -78.75925898551941,-1.7180353181470116,0 -78.75910341739655,-1.7178583720926182,0 -78.75999927520752,-1.71785301009097,0</coordinates>
        </LinearRing></outerBoundaryIs>
      </Polygon>
      </Placemark>
      <Placemark>
        <name>UPA-173 (0.12 ha)</name>
        <styleUrl>#upa_wireframe_style</styleUrl>
        <description><![CDATA[
          <div style="font-family: Arial, sans-serif; font-size: 12px; color: #1E293B;">
            <h3 style="color: #0F766E; margin-bottom: 4px;">FICHA PREDIAL: UPA-173</h3>
            <table border="1" cellpadding="4" cellspacing="0" style="border-collapse: collapse; width: 100%; border-color: #CBD5E1;">
              <tr bgcolor="#F8FAFC"><td><b>Escenario</b></td><td>3_Valle_Agricola_Colta</td></tr>
              <tr><td><b>Superficie Útil</b></td><td><b>0.1194 ha</b> (1193.6 m²)</td></tr>
              <tr bgcolor="#F8FAFC"><td><b>Vértices LADM</b></td><td>8 vértices (Conforme 4-10)</td></tr>
              <tr><td><b>Clase de Uso</b></td><td>Pastizal_Mixto</td></tr>
              <tr bgcolor="#F8FAFC"><td><b>Solape Habitacional</b></td><td>0.00% (Segregado LADM)</td></tr>
              <tr><td><b>Lindero Vial</b></td><td>Infranqueable (Búfer LPIS 3.5m)</td></tr>
              <tr bgcolor="#F8FAFC"><td><b>Estándar Registral</b></td><td>✅ 100% Conforme ISO 19152</td></tr>
            </table>
          </div>
        ]]></description>
      <Polygon>
        <outerBoundaryIs><LinearRing>
          <coordinates>-78.760085105896,-1.7189468584272205,0 -78.76016020774841,-1.718920048418979,0 -78.76025676727295,-1.7187162923563442,0 -78.7601763010025,-1.7186787583448062,0 -78.76005291938782,-1.7187216543579924,0 -78.75975787639618,-1.7190272884519449,0 -78.75987795683054,-1.719107306015004,0 -78.75998318195343,-1.7190969944733725,0 -78.760085105896,-1.7189468584272205,0</coordinates>
        </LinearRing></outerBoundaryIs>
      </Polygon>
      </Placemark>
      <Placemark>
        <name>UPA-174 (0.12 ha)</name>
        <styleUrl>#upa_wireframe_style</styleUrl>
        <description><![CDATA[
          <div style="font-family: Arial, sans-serif; font-size: 12px; color: #1E293B;">
            <h3 style="color: #0F766E; margin-bottom: 4px;">FICHA PREDIAL: UPA-174</h3>
            <table border="1" cellpadding="4" cellspacing="0" style="border-collapse: collapse; width: 100%; border-color: #CBD5E1;">
              <tr bgcolor="#F8FAFC"><td><b>Escenario</b></td><td>3_Valle_Agricola_Colta</td></tr>
              <tr><td><b>Superficie Útil</b></td><td><b>0.1177 ha</b> (1176.6 m²)</td></tr>
              <tr bgcolor="#F8FAFC"><td><b>Vértices LADM</b></td><td>5 vértices (Conforme 4-10)</td></tr>
              <tr><td><b>Clase de Uso</b></td><td>Cultivo_Verde_Intensivo</td></tr>
              <tr bgcolor="#F8FAFC"><td><b>Solape Habitacional</b></td><td>0.00% (Segregado LADM)</td></tr>
              <tr><td><b>Lindero Vial</b></td><td>Infranqueable (Búfer LPIS 3.5m)</td></tr>
              <tr bgcolor="#F8FAFC"><td><b>Estándar Registral</b></td><td>✅ 100% Conforme ISO 19152</td></tr>
            </table>
          </div>
        ]]></description>
      <Polygon>
        <outerBoundaryIs><LinearRing>
          <coordinates>-78.76196801662445,-1.7184428302722816,0 -78.76160323619843,-1.7191291664832624,0 -78.76150131225586,-1.7191881485013936,0 -78.76167833805084,-1.7186519483365648,0 -78.76184463500977,-1.7184481922739299,0 -78.76196801662445,-1.7184428302722816,0</coordinates>
        </LinearRing></outerBoundaryIs>
      </Polygon>
      </Placemark>
      <Placemark>
        <name>UPA-175 (0.12 ha)</name>
        <styleUrl>#upa_wireframe_style</styleUrl>
        <description><![CDATA[
          <div style="font-family: Arial, sans-serif; font-size: 12px; color: #1E293B;">
            <h3 style="color: #0F766E; margin-bottom: 4px;">FICHA PREDIAL: UPA-175</h3>
            <table border="1" cellpadding="4" cellspacing="0" style="border-collapse: collapse; width: 100%; border-color: #CBD5E1;">
              <tr bgcolor="#F8FAFC"><td><b>Escenario</b></td><td>3_Valle_Agricola_Colta</td></tr>
              <tr><td><b>Superficie Útil</b></td><td><b>0.1176 ha</b> (1175.9 m²)</td></tr>
              <tr bgcolor="#F8FAFC"><td><b>Vértices LADM</b></td><td>7 vértices (Conforme 4-10)</td></tr>
              <tr><td><b>Clase de Uso</b></td><td>Pastizal_Mixto</td></tr>
              <tr bgcolor="#F8FAFC"><td><b>Solape Habitacional</b></td><td>0.00% (Segregado LADM)</td></tr>
              <tr><td><b>Lindero Vial</b></td><td>Infranqueable (Búfer LPIS 3.5m)</td></tr>
              <tr bgcolor="#F8FAFC"><td><b>Estándar Registral</b></td><td>✅ 100% Conforme ISO 19152</td></tr>
            </table>
          </div>
        ]]></description>
      <Polygon>
        <outerBoundaryIs><LinearRing>
          <coordinates>-78.76062154769897,-1.718673396343158,0 -78.76070201396942,-1.7187162923563442,0 -78.76099705696106,-1.7191559764915039,0 -78.76085221767426,-1.7191935105030418,0 -78.76054108142853,-1.7188503423975514,0 -78.76052498817444,-1.7187967223810685,0 -78.76056253910065,-1.718807446384365,0 -78.76062154769897,-1.718673396343158,0</coordinates>
        </LinearRing></outerBoundaryIs>
      </Polygon>
      </Placemark>
      <Placemark>
        <name>UPA-176 (0.11 ha)</name>
        <styleUrl>#upa_wireframe_style</styleUrl>
        <description><![CDATA[
          <div style="font-family: Arial, sans-serif; font-size: 12px; color: #1E293B;">
            <h3 style="color: #0F766E; margin-bottom: 4px;">FICHA PREDIAL: UPA-176</h3>
            <table border="1" cellpadding="4" cellspacing="0" style="border-collapse: collapse; width: 100%; border-color: #CBD5E1;">
              <tr bgcolor="#F8FAFC"><td><b>Escenario</b></td><td>3_Valle_Agricola_Colta</td></tr>
              <tr><td><b>Superficie Útil</b></td><td><b>0.1134 ha</b> (1133.7 m²)</td></tr>
              <tr bgcolor="#F8FAFC"><td><b>Vértices LADM</b></td><td>8 vértices (Conforme 4-10)</td></tr>
              <tr><td><b>Clase de Uso</b></td><td>Pastizal_Mixto</td></tr>
              <tr bgcolor="#F8FAFC"><td><b>Solape Habitacional</b></td><td>0.00% (Segregado LADM)</td></tr>
              <tr><td><b>Lindero Vial</b></td><td>Infranqueable (Búfer LPIS 3.5m)</td></tr>
              <tr bgcolor="#F8FAFC"><td><b>Estándar Registral</b></td><td>✅ 100% Conforme ISO 19152</td></tr>
            </table>
          </div>
        ]]></description>
      <Polygon>
        <outerBoundaryIs><LinearRing>
          <coordinates>-78.76177489757538,-1.7194830585920493,0 -78.7619948387146,-1.719627832636553,0 -78.76173734664917,-1.7198798467140226,0 -78.76157641410828,-1.7197726066810568,0 -78.76157641410828,-1.7197082626612774,0 -78.76161396503448,-1.7196224706349048,0 -78.76167833805084,-1.7195742126200702,0 -78.76171588897705,-1.7195045065986425,0 -78.76177489757538,-1.7194830585920493,0</coordinates>
        </LinearRing></outerBoundaryIs>
      </Polygon>
      </Placemark>
      <Placemark>
        <name>UPA-177 (0.11 ha)</name>
        <styleUrl>#upa_wireframe_style</styleUrl>
        <description><![CDATA[
          <div style="font-family: Arial, sans-serif; font-size: 12px; color: #1E293B;">
            <h3 style="color: #0F766E; margin-bottom: 4px;">FICHA PREDIAL: UPA-177</h3>
            <table border="1" cellpadding="4" cellspacing="0" style="border-collapse: collapse; width: 100%; border-color: #CBD5E1;">
              <tr bgcolor="#F8FAFC"><td><b>Escenario</b></td><td>3_Valle_Agricola_Colta</td></tr>
              <tr><td><b>Superficie Útil</b></td><td><b>0.1126 ha</b> (1125.6 m²)</td></tr>
              <tr bgcolor="#F8FAFC"><td><b>Vértices LADM</b></td><td>8 vértices (Conforme 4-10)</td></tr>
              <tr><td><b>Clase de Uso</b></td><td>Pastizal_Mixto</td></tr>
              <tr bgcolor="#F8FAFC"><td><b>Solape Habitacional</b></td><td>0.00% (Segregado LADM)</td></tr>
              <tr><td><b>Lindero Vial</b></td><td>Infranqueable (Búfer LPIS 3.5m)</td></tr>
              <tr bgcolor="#F8FAFC"><td><b>Estándar Registral</b></td><td>✅ 100% Conforme ISO 19152</td></tr>
            </table>
          </div>
        ]]></description>
      <Polygon>
        <outerBoundaryIs><LinearRing>
          <coordinates>-78.76071810722351,-1.7216922032711437,0 -78.76077711582184,-1.721622497249716,0 -78.76081466674805,-1.7216278592513643,0 -78.76126527786255,-1.7219174073403718,0 -78.76120090484619,-1.7219603033535582,0 -78.76115262508392,-1.7220407333782823,0 -78.7607342004776,-1.7217779952975163,0 -78.76071274280548,-1.7217511852892748,0 -78.76071810722351,-1.7216922032711437,0</coordinates>
        </LinearRing></outerBoundaryIs>
      </Polygon>
      </Placemark>
      <Placemark>
        <name>UPA-178 (0.11 ha)</name>
        <styleUrl>#upa_wireframe_style</styleUrl>
        <description><![CDATA[
          <div style="font-family: Arial, sans-serif; font-size: 12px; color: #1E293B;">
            <h3 style="color: #0F766E; margin-bottom: 4px;">FICHA PREDIAL: UPA-178</h3>
            <table border="1" cellpadding="4" cellspacing="0" style="border-collapse: collapse; width: 100%; border-color: #CBD5E1;">
              <tr bgcolor="#F8FAFC"><td><b>Escenario</b></td><td>3_Valle_Agricola_Colta</td></tr>
              <tr><td><b>Superficie Útil</b></td><td><b>0.1102 ha</b> (1101.7 m²)</td></tr>
              <tr bgcolor="#F8FAFC"><td><b>Vértices LADM</b></td><td>7 vértices (Conforme 4-10)</td></tr>
              <tr><td><b>Clase de Uso</b></td><td>Cultivo_Verde_Intensivo</td></tr>
              <tr bgcolor="#F8FAFC"><td><b>Solape Habitacional</b></td><td>0.00% (Segregado LADM)</td></tr>
              <tr><td><b>Lindero Vial</b></td><td>Infranqueable (Búfer LPIS 3.5m)</td></tr>
              <tr bgcolor="#F8FAFC"><td><b>Estándar Registral</b></td><td>✅ 100% Conforme ISO 19152</td></tr>
            </table>
          </div>
        ]]></description>
      <Polygon>
        <outerBoundaryIs><LinearRing>
          <coordinates>-78.761345744133,-1.7211828131145563,0 -78.76145303249359,-1.7212096231227978,0 -78.76150667667389,-1.7212525191359842,0 -78.7615817785263,-1.721456275198619,0 -78.7615817785263,-1.7214991712118053,0 -78.76151204109192,-1.721606411244771,0 -78.76122236251831,-1.721413379185433,0 -78.761345744133,-1.7211828131145563,0</coordinates>
        </LinearRing></outerBoundaryIs>
      </Polygon>
      </Placemark>
      <Placemark>
        <name>UPA-179 (0.10 ha)</name>
        <styleUrl>#upa_wireframe_style</styleUrl>
        <description><![CDATA[
          <div style="font-family: Arial, sans-serif; font-size: 12px; color: #1E293B;">
            <h3 style="color: #0F766E; margin-bottom: 4px;">FICHA PREDIAL: UPA-179</h3>
            <table border="1" cellpadding="4" cellspacing="0" style="border-collapse: collapse; width: 100%; border-color: #CBD5E1;">
              <tr bgcolor="#F8FAFC"><td><b>Escenario</b></td><td>3_Valle_Agricola_Colta</td></tr>
              <tr><td><b>Superficie Útil</b></td><td><b>0.1036 ha</b> (1036.5 m²)</td></tr>
              <tr bgcolor="#F8FAFC"><td><b>Vértices LADM</b></td><td>7 vértices (Conforme 4-10)</td></tr>
              <tr><td><b>Clase de Uso</b></td><td>Suelo_Labrado_Humedo</td></tr>
              <tr bgcolor="#F8FAFC"><td><b>Solape Habitacional</b></td><td>0.00% (Segregado LADM)</td></tr>
              <tr><td><b>Lindero Vial</b></td><td>Infranqueable (Búfer LPIS 3.5m)</td></tr>
              <tr bgcolor="#F8FAFC"><td><b>Estándar Registral</b></td><td>✅ 100% Conforme ISO 19152</td></tr>
            </table>
          </div>
        ]]></description>
      <Polygon>
        <outerBoundaryIs><LinearRing>
          <coordinates>-78.7603211402893,-1.7183034182294261,0 -78.76035869121552,-1.7182337122079983,0 -78.76038014888763,-1.718131834176681,0 -78.76019775867462,-1.7180674901569013,0 -78.76016557216644,-1.7180835761618463,0 -78.76005828380585,-1.718394572257447,0 -78.76005813037133,-1.7185820831623628,0 -78.7603211402893,-1.7183034182294261,0</coordinates>
        </LinearRing></outerBoundaryIs>
      </Polygon>
      </Placemark>
      <Placemark>
        <name>UPA-180 (0.11 ha)</name>
        <styleUrl>#upa_wireframe_style</styleUrl>
        <description><![CDATA[
          <div style="font-family: Arial, sans-serif; font-size: 12px; color: #1E293B;">
            <h3 style="color: #0F766E; margin-bottom: 4px;">FICHA PREDIAL: UPA-180</h3>
            <table border="1" cellpadding="4" cellspacing="0" style="border-collapse: collapse; width: 100%; border-color: #CBD5E1;">
              <tr bgcolor="#F8FAFC"><td><b>Escenario</b></td><td>3_Valle_Agricola_Colta</td></tr>
              <tr><td><b>Superficie Útil</b></td><td><b>0.1055 ha</b> (1055.4 m²)</td></tr>
              <tr bgcolor="#F8FAFC"><td><b>Vértices LADM</b></td><td>9 vértices (Conforme 4-10)</td></tr>
              <tr><td><b>Clase de Uso</b></td><td>Cultivo_Verde_Intensivo</td></tr>
              <tr bgcolor="#F8FAFC"><td><b>Solape Habitacional</b></td><td>0.00% (Segregado LADM)</td></tr>
              <tr><td><b>Lindero Vial</b></td><td>Infranqueable (Búfer LPIS 3.5m)</td></tr>
              <tr bgcolor="#F8FAFC"><td><b>Estándar Registral</b></td><td>✅ 100% Conforme ISO 19152</td></tr>
            </table>
          </div>
        ]]></description>
      <Polygon>
        <outerBoundaryIs><LinearRing>
          <coordinates>-78.75959694385529,-1.7189146864173308,0 -78.75968813896179,-1.7190058404453517,0 -78.759725689888,-1.7190004784437034,0 -78.76003682613373,-1.7187162923563442,0 -78.7598866224289,-1.718619776326675,0 -78.75979931861008,-1.718629472381469,0 -78.7597980565514,-1.7186305962545423,0 -78.7597723025941,-1.718653530353998,0 -78.75959157943726,-1.7188878764090894,0 -78.75959694385529,-1.7189146864173308,0</coordinates>
        </LinearRing></outerBoundaryIs>
      </Polygon>
      </Placemark>
      <Placemark>
        <name>UPA-181 (0.10 ha)</name>
        <styleUrl>#upa_wireframe_style</styleUrl>
        <description><![CDATA[
          <div style="font-family: Arial, sans-serif; font-size: 12px; color: #1E293B;">
            <h3 style="color: #0F766E; margin-bottom: 4px;">FICHA PREDIAL: UPA-181</h3>
            <table border="1" cellpadding="4" cellspacing="0" style="border-collapse: collapse; width: 100%; border-color: #CBD5E1;">
              <tr bgcolor="#F8FAFC"><td><b>Escenario</b></td><td>3_Valle_Agricola_Colta</td></tr>
              <tr><td><b>Superficie Útil</b></td><td><b>0.0960 ha</b> (960.0 m²)</td></tr>
              <tr bgcolor="#F8FAFC"><td><b>Vértices LADM</b></td><td>8 vértices (Conforme 4-10)</td></tr>
              <tr><td><b>Clase de Uso</b></td><td>Cultivo_Verde_Intensivo</td></tr>
              <tr bgcolor="#F8FAFC"><td><b>Solape Habitacional</b></td><td>0.00% (Segregado LADM)</td></tr>
              <tr><td><b>Lindero Vial</b></td><td>Infranqueable (Búfer LPIS 3.5m)</td></tr>
              <tr bgcolor="#F8FAFC"><td><b>Estándar Registral</b></td><td>✅ 100% Conforme ISO 19152</td></tr>
            </table>
          </div>
        ]]></description>
      <Polygon>
        <outerBoundaryIs><LinearRing>
          <coordinates>-78.76057863235474,-1.721697565272792,0 -78.76019775867462,-1.7214241031887294,0 -78.76016557216644,-1.7214241031887294,0 -78.76006799636946,-1.7215343565779935,0 -78.76036333152418,-1.721739030049342,0 -78.76037657260895,-1.7217482063994705,0 -78.76037657260895,-1.7217482063994725,0 -78.76046597957611,-1.7218048053057577,0 -78.76057863235474,-1.721697565272792,0</coordinates>
        </LinearRing></outerBoundaryIs>
      </Polygon>
      </Placemark>
      <Placemark>
        <name>UPA-182 (0.10 ha)</name>
        <styleUrl>#upa_wireframe_style</styleUrl>
        <description><![CDATA[
          <div style="font-family: Arial, sans-serif; font-size: 12px; color: #1E293B;">
            <h3 style="color: #0F766E; margin-bottom: 4px;">FICHA PREDIAL: UPA-182</h3>
            <table border="1" cellpadding="4" cellspacing="0" style="border-collapse: collapse; width: 100%; border-color: #CBD5E1;">
              <tr bgcolor="#F8FAFC"><td><b>Escenario</b></td><td>3_Valle_Agricola_Colta</td></tr>
              <tr><td><b>Superficie Útil</b></td><td><b>0.1003 ha</b> (1002.6 m²)</td></tr>
              <tr bgcolor="#F8FAFC"><td><b>Vértices LADM</b></td><td>8 vértices (Conforme 4-10)</td></tr>
              <tr><td><b>Clase de Uso</b></td><td>Suelo_Arado_Seco</td></tr>
              <tr bgcolor="#F8FAFC"><td><b>Solape Habitacional</b></td><td>0.00% (Segregado LADM)</td></tr>
              <tr><td><b>Lindero Vial</b></td><td>Infranqueable (Búfer LPIS 3.5m)</td></tr>
              <tr bgcolor="#F8FAFC"><td><b>Estándar Registral</b></td><td>✅ 100% Conforme ISO 19152</td></tr>
            </table>
          </div>
        ]]></description>
      <Polygon>
        <outerBoundaryIs><LinearRing>
          <coordinates>-78.75807881355286,-1.7184267442673367,0 -78.75811636447906,-1.7184374682706332,0 -78.75809490680695,-1.718491088287116,0 -78.75818610191345,-1.7186305003299716,0 -78.75843286514282,-1.7189307724222758,0 -78.75845968723297,-1.7189951164420552,0 -78.75841677188873,-1.7190380124552413,0 -78.75799298286438,-1.7186626723398613,0 -78.75807881355286,-1.7184267442673367,0</coordinates>
        </LinearRing></outerBoundaryIs>
      </Polygon>
      </Placemark>
      <Placemark>
        <name>UPA-183 (0.10 ha)</name>
        <styleUrl>#upa_wireframe_style</styleUrl>
        <description><![CDATA[
          <div style="font-family: Arial, sans-serif; font-size: 12px; color: #1E293B;">
            <h3 style="color: #0F766E; margin-bottom: 4px;">FICHA PREDIAL: UPA-183</h3>
            <table border="1" cellpadding="4" cellspacing="0" style="border-collapse: collapse; width: 100%; border-color: #CBD5E1;">
              <tr bgcolor="#F8FAFC"><td><b>Escenario</b></td><td>3_Valle_Agricola_Colta</td></tr>
              <tr><td><b>Superficie Útil</b></td><td><b>0.0981 ha</b> (981.2 m²)</td></tr>
              <tr bgcolor="#F8FAFC"><td><b>Vértices LADM</b></td><td>7 vértices (Conforme 4-10)</td></tr>
              <tr><td><b>Clase de Uso</b></td><td>Cultivo_Verde_Intensivo</td></tr>
              <tr bgcolor="#F8FAFC"><td><b>Solape Habitacional</b></td><td>0.00% (Segregado LADM)</td></tr>
              <tr><td><b>Lindero Vial</b></td><td>Infranqueable (Búfer LPIS 3.5m)</td></tr>
              <tr bgcolor="#F8FAFC"><td><b>Estándar Registral</b></td><td>✅ 100% Conforme ISO 19152</td></tr>
            </table>
          </div>
        ]]></description>
      <Polygon>
        <outerBoundaryIs><LinearRing>
          <coordinates>-78.75795006752014,-1.7188878764090894,0 -78.75803589820862,-1.7187967223810685,0 -78.75809490680695,-1.7187806363761235,0 -78.75838994979858,-1.7190594604618346,0 -78.75832557678223,-1.7191291664832624,0 -78.75797688961029,-1.7190058404453517,0 -78.75793933868408,-1.7189790304371102,0 -78.75795006752014,-1.7188878764090894,0</coordinates>
        </LinearRing></outerBoundaryIs>
      </Polygon>
      </Placemark>
      <Placemark>
        <name>UPA-184 (0.09 ha)</name>
        <styleUrl>#upa_wireframe_style</styleUrl>
        <description><![CDATA[
          <div style="font-family: Arial, sans-serif; font-size: 12px; color: #1E293B;">
            <h3 style="color: #0F766E; margin-bottom: 4px;">FICHA PREDIAL: UPA-184</h3>
            <table border="1" cellpadding="4" cellspacing="0" style="border-collapse: collapse; width: 100%; border-color: #CBD5E1;">
              <tr bgcolor="#F8FAFC"><td><b>Escenario</b></td><td>3_Valle_Agricola_Colta</td></tr>
              <tr><td><b>Superficie Útil</b></td><td><b>0.0914 ha</b> (914.2 m²)</td></tr>
              <tr bgcolor="#F8FAFC"><td><b>Vértices LADM</b></td><td>8 vértices (Conforme 4-10)</td></tr>
              <tr><td><b>Clase de Uso</b></td><td>Cultivo_Verde_Intensivo</td></tr>
              <tr bgcolor="#F8FAFC"><td><b>Solape Habitacional</b></td><td>0.00% (Segregado LADM)</td></tr>
              <tr><td><b>Lindero Vial</b></td><td>Infranqueable (Búfer LPIS 3.5m)</td></tr>
              <tr bgcolor="#F8FAFC"><td><b>Estándar Registral</b></td><td>✅ 100% Conforme ISO 19152</td></tr>
            </table>
          </div>
        ]]></description>
      <Polygon>
        <outerBoundaryIs><LinearRing>
          <coordinates>-78.76169443130493,-1.7199120187239123,0 -78.76202166080475,-1.7201157747865472,0 -78.76202702522278,-1.72016939480303,0 -78.76195728778839,-1.720298082842589,0 -78.7617963552475,-1.7201962048112716,0 -78.76173734664917,-1.7201264987898437,0 -78.76161932945251,-1.720072878773361,0 -78.76162469387054,-1.7200192587568781,0 -78.76169443130493,-1.7199120187239123,0</coordinates>
        </LinearRing></outerBoundaryIs>
      </Polygon>
      </Placemark>
      <Placemark>
        <name>UPA-185 (0.09 ha)</name>
        <styleUrl>#upa_wireframe_style</styleUrl>
        <description><![CDATA[
          <div style="font-family: Arial, sans-serif; font-size: 12px; color: #1E293B;">
            <h3 style="color: #0F766E; margin-bottom: 4px;">FICHA PREDIAL: UPA-185</h3>
            <table border="1" cellpadding="4" cellspacing="0" style="border-collapse: collapse; width: 100%; border-color: #CBD5E1;">
              <tr bgcolor="#F8FAFC"><td><b>Escenario</b></td><td>3_Valle_Agricola_Colta</td></tr>
              <tr><td><b>Superficie Útil</b></td><td><b>0.0897 ha</b> (896.6 m²)</td></tr>
              <tr bgcolor="#F8FAFC"><td><b>Vértices LADM</b></td><td>5 vértices (Conforme 4-10)</td></tr>
              <tr><td><b>Clase de Uso</b></td><td>Pastizal_Mixto</td></tr>
              <tr bgcolor="#F8FAFC"><td><b>Solape Habitacional</b></td><td>0.00% (Segregado LADM)</td></tr>
              <tr><td><b>Lindero Vial</b></td><td>Infranqueable (Búfer LPIS 3.5m)</td></tr>
              <tr bgcolor="#F8FAFC"><td><b>Estándar Registral</b></td><td>✅ 100% Conforme ISO 19152</td></tr>
            </table>
          </div>
        ]]></description>
      <Polygon>
        <outerBoundaryIs><LinearRing>
          <coordinates>-78.75806272029877,-1.7217404612859784,0 -78.75808417797089,-1.7217404612859784,0 -78.75849187374115,-1.7221372494079517,0 -78.75824511051178,-1.7221372494079517,0 -78.75806272029877,-1.7219549413519097,0 -78.75806272029877,-1.7217404612859784,0</coordinates>
        </LinearRing></outerBoundaryIs>
      </Polygon>
      </Placemark>
      <Placemark>
        <name>UPA-186 (0.09 ha)</name>
        <styleUrl>#upa_wireframe_style</styleUrl>
        <description><![CDATA[
          <div style="font-family: Arial, sans-serif; font-size: 12px; color: #1E293B;">
            <h3 style="color: #0F766E; margin-bottom: 4px;">FICHA PREDIAL: UPA-186</h3>
            <table border="1" cellpadding="4" cellspacing="0" style="border-collapse: collapse; width: 100%; border-color: #CBD5E1;">
              <tr bgcolor="#F8FAFC"><td><b>Escenario</b></td><td>3_Valle_Agricola_Colta</td></tr>
              <tr><td><b>Superficie Útil</b></td><td><b>0.0878 ha</b> (878.0 m²)</td></tr>
              <tr bgcolor="#F8FAFC"><td><b>Vértices LADM</b></td><td>5 vértices (Conforme 4-10)</td></tr>
              <tr><td><b>Clase de Uso</b></td><td>Pastizal_Mixto</td></tr>
              <tr bgcolor="#F8FAFC"><td><b>Solape Habitacional</b></td><td>0.00% (Segregado LADM)</td></tr>
              <tr><td><b>Lindero Vial</b></td><td>Infranqueable (Búfer LPIS 3.5m)</td></tr>
              <tr bgcolor="#F8FAFC"><td><b>Estándar Registral</b></td><td>✅ 100% Conforme ISO 19152</td></tr>
            </table>
          </div>
        ]]></description>
      <Polygon>
        <outerBoundaryIs><LinearRing>
          <coordinates>-78.76107215881348,-1.7217672712942198,0 -78.76116335391998,-1.7216278592513643,0 -78.76150131225586,-1.7218369773156474,0 -78.76151740550995,-1.7219281313436685,0 -78.76144230365753,-1.7219871133617997,0 -78.76107215881348,-1.7217672712942198,0</coordinates>
        </LinearRing></outerBoundaryIs>
      </Polygon>
      </Placemark>
      <Placemark>
        <name>UPA-187 (0.09 ha)</name>
        <styleUrl>#upa_wireframe_style</styleUrl>
        <description><![CDATA[
          <div style="font-family: Arial, sans-serif; font-size: 12px; color: #1E293B;">
            <h3 style="color: #0F766E; margin-bottom: 4px;">FICHA PREDIAL: UPA-187</h3>
            <table border="1" cellpadding="4" cellspacing="0" style="border-collapse: collapse; width: 100%; border-color: #CBD5E1;">
              <tr bgcolor="#F8FAFC"><td><b>Escenario</b></td><td>3_Valle_Agricola_Colta</td></tr>
              <tr><td><b>Superficie Útil</b></td><td><b>0.0861 ha</b> (860.8 m²)</td></tr>
              <tr bgcolor="#F8FAFC"><td><b>Vértices LADM</b></td><td>6 vértices (Conforme 4-10)</td></tr>
              <tr><td><b>Clase de Uso</b></td><td>Pastizal_Mixto</td></tr>
              <tr bgcolor="#F8FAFC"><td><b>Solape Habitacional</b></td><td>0.00% (Segregado LADM)</td></tr>
              <tr><td><b>Lindero Vial</b></td><td>Infranqueable (Búfer LPIS 3.5m)</td></tr>
              <tr bgcolor="#F8FAFC"><td><b>Estándar Registral</b></td><td>✅ 100% Conforme ISO 19152</td></tr>
            </table>
          </div>
        ]]></description>
      <Polygon>
        <outerBoundaryIs><LinearRing>
          <coordinates>-78.75793933868408,-1.7195098686002908,0 -78.75798225402832,-1.7195098686002908,0 -78.75823438167572,-1.719718986664574,0 -78.75814855098724,-1.7198583987074294,0 -78.75786423683167,-1.7197029006596292,0 -78.75788569450378,-1.7195795746217184,0 -78.75793933868408,-1.7195098686002908,0</coordinates>
        </LinearRing></outerBoundaryIs>
      </Polygon>
      </Placemark>
      <Placemark>
        <name>UPA-188 (0.08 ha)</name>
        <styleUrl>#upa_wireframe_style</styleUrl>
        <description><![CDATA[
          <div style="font-family: Arial, sans-serif; font-size: 12px; color: #1E293B;">
            <h3 style="color: #0F766E; margin-bottom: 4px;">FICHA PREDIAL: UPA-188</h3>
            <table border="1" cellpadding="4" cellspacing="0" style="border-collapse: collapse; width: 100%; border-color: #CBD5E1;">
              <tr bgcolor="#F8FAFC"><td><b>Escenario</b></td><td>3_Valle_Agricola_Colta</td></tr>
              <tr><td><b>Superficie Útil</b></td><td><b>0.0818 ha</b> (818.3 m²)</td></tr>
              <tr bgcolor="#F8FAFC"><td><b>Vértices LADM</b></td><td>6 vértices (Conforme 4-10)</td></tr>
              <tr><td><b>Clase de Uso</b></td><td>Pastizal_Mixto</td></tr>
              <tr bgcolor="#F8FAFC"><td><b>Solape Habitacional</b></td><td>0.00% (Segregado LADM)</td></tr>
              <tr><td><b>Lindero Vial</b></td><td>Infranqueable (Búfer LPIS 3.5m)</td></tr>
              <tr bgcolor="#F8FAFC"><td><b>Estándar Registral</b></td><td>✅ 100% Conforme ISO 19152</td></tr>
            </table>
          </div>
        ]]></description>
      <Polygon>
        <outerBoundaryIs><LinearRing>
          <coordinates>-78.75884592533112,-1.719627832636553,0 -78.75909268856049,-1.7197726066810568,0 -78.7589156627655,-1.7199227427272088,0 -78.7587708234787,-1.719890570717319,0 -78.75867426395416,-1.719756520676112,0 -78.75881910324097,-1.719681452653036,0 -78.75884592533112,-1.719627832636553,0</coordinates>
        </LinearRing></outerBoundaryIs>
      </Polygon>
      </Placemark>
      <Placemark>
        <name>UPA-189 (0.08 ha)</name>
        <styleUrl>#upa_wireframe_style</styleUrl>
        <description><![CDATA[
          <div style="font-family: Arial, sans-serif; font-size: 12px; color: #1E293B;">
            <h3 style="color: #0F766E; margin-bottom: 4px;">FICHA PREDIAL: UPA-189</h3>
            <table border="1" cellpadding="4" cellspacing="0" style="border-collapse: collapse; width: 100%; border-color: #CBD5E1;">
              <tr bgcolor="#F8FAFC"><td><b>Escenario</b></td><td>3_Valle_Agricola_Colta</td></tr>
              <tr><td><b>Superficie Útil</b></td><td><b>0.0781 ha</b> (781.5 m²)</td></tr>
              <tr bgcolor="#F8FAFC"><td><b>Vértices LADM</b></td><td>6 vértices (Conforme 4-10)</td></tr>
              <tr><td><b>Clase de Uso</b></td><td>Cultivo_Verde_Intensivo</td></tr>
              <tr bgcolor="#F8FAFC"><td><b>Solape Habitacional</b></td><td>0.00% (Segregado LADM)</td></tr>
              <tr><td><b>Lindero Vial</b></td><td>Infranqueable (Búfer LPIS 3.5m)</td></tr>
              <tr bgcolor="#F8FAFC"><td><b>Estándar Registral</b></td><td>✅ 100% Conforme ISO 19152</td></tr>
            </table>
          </div>
        ]]></description>
      <Polygon>
        <outerBoundaryIs><LinearRing>
          <coordinates>-78.76124918460846,-1.7210112290618111,0 -78.76138865947723,-1.7211077450914805,0 -78.76132428646088,-1.7211667271096116,0 -78.76119554042816,-1.721397293180488,0 -78.76103460788727,-1.7212793291442257,0 -78.76116871833801,-1.721080935083239,0 -78.76124918460846,-1.7210112290618111,0</coordinates>
        </LinearRing></outerBoundaryIs>
      </Polygon>
      </Placemark>
      <Placemark>
        <name>UPA-190 (0.08 ha)</name>
        <styleUrl>#upa_wireframe_style</styleUrl>
        <description><![CDATA[
          <div style="font-family: Arial, sans-serif; font-size: 12px; color: #1E293B;">
            <h3 style="color: #0F766E; margin-bottom: 4px;">FICHA PREDIAL: UPA-190</h3>
            <table border="1" cellpadding="4" cellspacing="0" style="border-collapse: collapse; width: 100%; border-color: #CBD5E1;">
              <tr bgcolor="#F8FAFC"><td><b>Escenario</b></td><td>3_Valle_Agricola_Colta</td></tr>
              <tr><td><b>Superficie Útil</b></td><td><b>0.0773 ha</b> (773.3 m²)</td></tr>
              <tr bgcolor="#F8FAFC"><td><b>Vértices LADM</b></td><td>7 vértices (Conforme 4-10)</td></tr>
              <tr><td><b>Clase de Uso</b></td><td>Cultivo_Verde_Intensivo</td></tr>
              <tr bgcolor="#F8FAFC"><td><b>Solape Habitacional</b></td><td>0.00% (Segregado LADM)</td></tr>
              <tr><td><b>Lindero Vial</b></td><td>Infranqueable (Búfer LPIS 3.5m)</td></tr>
              <tr bgcolor="#F8FAFC"><td><b>Estándar Registral</b></td><td>✅ 100% Conforme ISO 19152</td></tr>
            </table>
          </div>
        ]]></description>
      <Polygon>
        <outerBoundaryIs><LinearRing>
          <coordinates>-78.7586259841919,-1.7208610930156591,0 -78.75869572162628,-1.7208879030239006,0 -78.75877618789673,-1.7209736950502732,0 -78.75870645046234,-1.7210970210881837,0 -78.75869572162628,-1.7212578811376325,0 -78.75847578048706,-1.7210755730815908,0 -78.7585186958313,-1.7209790570519214,0 -78.7586259841919,-1.7208610930156591,0</coordinates>
        </LinearRing></outerBoundaryIs>
      </Polygon>
      </Placemark>
      <Placemark>
        <name>UPA-191 (0.07 ha)</name>
        <styleUrl>#upa_wireframe_style</styleUrl>
        <description><![CDATA[
          <div style="font-family: Arial, sans-serif; font-size: 12px; color: #1E293B;">
            <h3 style="color: #0F766E; margin-bottom: 4px;">FICHA PREDIAL: UPA-191</h3>
            <table border="1" cellpadding="4" cellspacing="0" style="border-collapse: collapse; width: 100%; border-color: #CBD5E1;">
              <tr bgcolor="#F8FAFC"><td><b>Escenario</b></td><td>3_Valle_Agricola_Colta</td></tr>
              <tr><td><b>Superficie Útil</b></td><td><b>0.0743 ha</b> (743.0 m²)</td></tr>
              <tr bgcolor="#F8FAFC"><td><b>Vértices LADM</b></td><td>8 vértices (Conforme 4-10)</td></tr>
              <tr><td><b>Clase de Uso</b></td><td>Cultivo_Verde_Intensivo</td></tr>
              <tr bgcolor="#F8FAFC"><td><b>Solape Habitacional</b></td><td>0.00% (Segregado LADM)</td></tr>
              <tr><td><b>Lindero Vial</b></td><td>Infranqueable (Búfer LPIS 3.5m)</td></tr>
              <tr bgcolor="#F8FAFC"><td><b>Estándar Registral</b></td><td>✅ 100% Conforme ISO 19152</td></tr>
            </table>
          </div>
        ]]></description>
      <Polygon>
        <outerBoundaryIs><LinearRing>
          <coordinates>-78.7605357170105,-1.720968333048625,0 -78.76071810722351,-1.7210970210881837,0 -78.76076102256775,-1.7211506411046666,0 -78.76076638698578,-1.7212042611211495,0 -78.76075029373169,-1.7212364331310392,0 -78.76070201396942,-1.7212793291442257,0 -78.7605732679367,-1.721231071129391,0 -78.76040697097778,-1.7211291930980737,0 -78.7605357170105,-1.720968333048625,0</coordinates>
        </LinearRing></outerBoundaryIs>
      </Polygon>
      </Placemark>
      <Placemark>
        <name>UPA-192 (0.07 ha)</name>
        <styleUrl>#upa_wireframe_style</styleUrl>
        <description><![CDATA[
          <div style="font-family: Arial, sans-serif; font-size: 12px; color: #1E293B;">
            <h3 style="color: #0F766E; margin-bottom: 4px;">FICHA PREDIAL: UPA-192</h3>
            <table border="1" cellpadding="4" cellspacing="0" style="border-collapse: collapse; width: 100%; border-color: #CBD5E1;">
              <tr bgcolor="#F8FAFC"><td><b>Escenario</b></td><td>3_Valle_Agricola_Colta</td></tr>
              <tr><td><b>Superficie Útil</b></td><td><b>0.0729 ha</b> (729.0 m²)</td></tr>
              <tr bgcolor="#F8FAFC"><td><b>Vértices LADM</b></td><td>6 vértices (Conforme 4-10)</td></tr>
              <tr><td><b>Clase de Uso</b></td><td>Cultivo_Verde_Intensivo</td></tr>
              <tr bgcolor="#F8FAFC"><td><b>Solape Habitacional</b></td><td>0.00% (Segregado LADM)</td></tr>
              <tr><td><b>Lindero Vial</b></td><td>Infranqueable (Búfer LPIS 3.5m)</td></tr>
              <tr bgcolor="#F8FAFC"><td><b>Estándar Registral</b></td><td>✅ 100% Conforme ISO 19152</td></tr>
            </table>
          </div>
        ]]></description>
      <Polygon>
        <outerBoundaryIs><LinearRing>
          <coordinates>-78.75957548618317,-1.7189254104206273,0 -78.75968277454376,-1.7190165644486484,0 -78.75970423221588,-1.7191506144898554,0 -78.75955939292908,-1.7193168365409524,0 -78.75945746898651,-1.7192685785261177,0 -78.75944137573242,-1.7192203205112833,0 -78.75957548618317,-1.7189254104206273,0</coordinates>
        </LinearRing></outerBoundaryIs>
      </Polygon>
      </Placemark>
      <Placemark>
        <name>UPA-193 (0.07 ha)</name>
        <styleUrl>#upa_wireframe_style</styleUrl>
        <description><![CDATA[
          <div style="font-family: Arial, sans-serif; font-size: 12px; color: #1E293B;">
            <h3 style="color: #0F766E; margin-bottom: 4px;">FICHA PREDIAL: UPA-193</h3>
            <table border="1" cellpadding="4" cellspacing="0" style="border-collapse: collapse; width: 100%; border-color: #CBD5E1;">
              <tr bgcolor="#F8FAFC"><td><b>Escenario</b></td><td>3_Valle_Agricola_Colta</td></tr>
              <tr><td><b>Superficie Útil</b></td><td><b>0.0726 ha</b> (726.3 m²)</td></tr>
              <tr bgcolor="#F8FAFC"><td><b>Vértices LADM</b></td><td>8 vértices (Conforme 4-10)</td></tr>
              <tr><td><b>Clase de Uso</b></td><td>Suelo_Labrado_Humedo</td></tr>
              <tr bgcolor="#F8FAFC"><td><b>Solape Habitacional</b></td><td>0.00% (Segregado LADM)</td></tr>
              <tr><td><b>Lindero Vial</b></td><td>Infranqueable (Búfer LPIS 3.5m)</td></tr>
              <tr bgcolor="#F8FAFC"><td><b>Estándar Registral</b></td><td>✅ 100% Conforme ISO 19152</td></tr>
            </table>
          </div>
        ]]></description>
      <Polygon>
        <outerBoundaryIs><LinearRing>
          <coordinates>-78.76167297363281,-1.7203677888640168,0 -78.76173734664917,-1.7204160468788514,0 -78.76176416873932,-1.7204589428920376,0 -78.76160323619843,-1.7207699389876383,0 -78.76158714294434,-1.7207753009892865,0 -78.76144230365753,-1.7206787849596175,0 -78.76157641410828,-1.7205072009068723,0 -78.7616354227066,-1.7203999608739065,0 -78.76167297363281,-1.7203677888640168,0</coordinates>
        </LinearRing></outerBoundaryIs>
      </Polygon>
      </Placemark>
      <Placemark>
        <name>UPA-194 (0.07 ha)</name>
        <styleUrl>#upa_wireframe_style</styleUrl>
        <description><![CDATA[
          <div style="font-family: Arial, sans-serif; font-size: 12px; color: #1E293B;">
            <h3 style="color: #0F766E; margin-bottom: 4px;">FICHA PREDIAL: UPA-194</h3>
            <table border="1" cellpadding="4" cellspacing="0" style="border-collapse: collapse; width: 100%; border-color: #CBD5E1;">
              <tr bgcolor="#F8FAFC"><td><b>Escenario</b></td><td>3_Valle_Agricola_Colta</td></tr>
              <tr><td><b>Superficie Útil</b></td><td><b>0.0720 ha</b> (720.2 m²)</td></tr>
              <tr bgcolor="#F8FAFC"><td><b>Vértices LADM</b></td><td>9 vértices (Conforme 4-10)</td></tr>
              <tr><td><b>Clase de Uso</b></td><td>Cultivo_Verde_Intensivo</td></tr>
              <tr bgcolor="#F8FAFC"><td><b>Solape Habitacional</b></td><td>0.00% (Segregado LADM)</td></tr>
              <tr><td><b>Lindero Vial</b></td><td>Infranqueable (Búfer LPIS 3.5m)</td></tr>
              <tr bgcolor="#F8FAFC"><td><b>Estándar Registral</b></td><td>✅ 100% Conforme ISO 19152</td></tr>
            </table>
          </div>
        ]]></description>
      <Polygon>
        <outerBoundaryIs><LinearRing>
          <coordinates>-78.76087472206208,-1.7194344082356308,0 -78.76091659069061,-1.71941871457227,0 -78.76133501529694,-1.719777968682705,0 -78.76139402389526,-1.7197994166892983,0 -78.76144230365753,-1.719740434671167,0 -78.76090912030661,-1.7192937775293895,0 -78.76095950603485,-1.7193543705524905,0 -78.76095770612925,-1.7193559297680276,0 -78.76096487045288,-1.719365094555787,0 -78.76087472206208,-1.7194344082356308,0</coordinates>
        </LinearRing></outerBoundaryIs>
      </Polygon>
      </Placemark>
      <Placemark>
        <name>UPA-195 (0.07 ha)</name>
        <styleUrl>#upa_wireframe_style</styleUrl>
        <description><![CDATA[
          <div style="font-family: Arial, sans-serif; font-size: 12px; color: #1E293B;">
            <h3 style="color: #0F766E; margin-bottom: 4px;">FICHA PREDIAL: UPA-195</h3>
            <table border="1" cellpadding="4" cellspacing="0" style="border-collapse: collapse; width: 100%; border-color: #CBD5E1;">
              <tr bgcolor="#F8FAFC"><td><b>Escenario</b></td><td>3_Valle_Agricola_Colta</td></tr>
              <tr><td><b>Superficie Útil</b></td><td><b>0.0694 ha</b> (693.8 m²)</td></tr>
              <tr bgcolor="#F8FAFC"><td><b>Vértices LADM</b></td><td>8 vértices (Conforme 4-10)</td></tr>
              <tr><td><b>Clase de Uso</b></td><td>Cultivo_Verde_Intensivo</td></tr>
              <tr bgcolor="#F8FAFC"><td><b>Solape Habitacional</b></td><td>0.00% (Segregado LADM)</td></tr>
              <tr><td><b>Lindero Vial</b></td><td>Infranqueable (Búfer LPIS 3.5m)</td></tr>
              <tr bgcolor="#F8FAFC"><td><b>Estándar Registral</b></td><td>✅ 100% Conforme ISO 19152</td></tr>
            </table>
          </div>
        ]]></description>
      <Polygon>
        <outerBoundaryIs><LinearRing>
          <coordinates>-78.76160323619843,-1.7218584253222406,0 -78.76169443130493,-1.721992475363448,0 -78.76178026199341,-1.7219334933453168,0 -78.76188218593597,-1.7220460953799308,0 -78.76201629638672,-1.7220031993667444,0 -78.76197874546051,-1.721901321335427,0 -78.76178026199341,-1.721810167307406,0 -78.76167833805084,-1.7217897917011427,0 -78.76160323619843,-1.7218584253222406,0</coordinates>
        </LinearRing></outerBoundaryIs>
      </Polygon>
      </Placemark>
      <Placemark>
        <name>UPA-196 (0.07 ha)</name>
        <styleUrl>#upa_wireframe_style</styleUrl>
        <description><![CDATA[
          <div style="font-family: Arial, sans-serif; font-size: 12px; color: #1E293B;">
            <h3 style="color: #0F766E; margin-bottom: 4px;">FICHA PREDIAL: UPA-196</h3>
            <table border="1" cellpadding="4" cellspacing="0" style="border-collapse: collapse; width: 100%; border-color: #CBD5E1;">
              <tr bgcolor="#F8FAFC"><td><b>Escenario</b></td><td>3_Valle_Agricola_Colta</td></tr>
              <tr><td><b>Superficie Útil</b></td><td><b>0.0672 ha</b> (672.3 m²)</td></tr>
              <tr bgcolor="#F8FAFC"><td><b>Vértices LADM</b></td><td>10 vértices (Conforme 4-10)</td></tr>
              <tr><td><b>Clase de Uso</b></td><td>Cultivo_Verde_Intensivo</td></tr>
              <tr bgcolor="#F8FAFC"><td><b>Solape Habitacional</b></td><td>0.00% (Segregado LADM)</td></tr>
              <tr><td><b>Lindero Vial</b></td><td>Infranqueable (Búfer LPIS 3.5m)</td></tr>
              <tr bgcolor="#F8FAFC"><td><b>Estándar Registral</b></td><td>✅ 100% Conforme ISO 19152</td></tr>
            </table>
          </div>
        ]]></description>
      <Polygon>
        <outerBoundaryIs><LinearRing>
          <coordinates>-78.7589156627655,-1.719477696590401,0 -78.75881373882294,-1.7196760906513877,0 -78.75884592533112,-1.719627832636553,0 -78.75886154325703,-1.7196369955507622,0 -78.75887274742126,-1.719627832636553,0 -78.7591226035151,-1.7197631103912412,0 -78.75912260351517,-1.719763110391154,0 -78.75923216342926,-1.719627832636553,0 -78.75923602229263,-1.7196296048291895,0 -78.75923752784729,-1.719627832636553,0 -78.7589156627655,-1.719477696590401,0</coordinates>
        </LinearRing></outerBoundaryIs>
      </Polygon>
      </Placemark>
      <Placemark>
        <name>UPA-197 (0.07 ha)</name>
        <styleUrl>#upa_wireframe_style</styleUrl>
        <description><![CDATA[
          <div style="font-family: Arial, sans-serif; font-size: 12px; color: #1E293B;">
            <h3 style="color: #0F766E; margin-bottom: 4px;">FICHA PREDIAL: UPA-197</h3>
            <table border="1" cellpadding="4" cellspacing="0" style="border-collapse: collapse; width: 100%; border-color: #CBD5E1;">
              <tr bgcolor="#F8FAFC"><td><b>Escenario</b></td><td>3_Valle_Agricola_Colta</td></tr>
              <tr><td><b>Superficie Útil</b></td><td><b>0.0675 ha</b> (675.5 m²)</td></tr>
              <tr bgcolor="#F8FAFC"><td><b>Vértices LADM</b></td><td>4 vértices (Conforme 4-10)</td></tr>
              <tr><td><b>Clase de Uso</b></td><td>Cultivo_Verde_Intensivo</td></tr>
              <tr bgcolor="#F8FAFC"><td><b>Solape Habitacional</b></td><td>0.00% (Segregado LADM)</td></tr>
              <tr><td><b>Lindero Vial</b></td><td>Infranqueable (Búfer LPIS 3.5m)</td></tr>
              <tr bgcolor="#F8FAFC"><td><b>Estándar Registral</b></td><td>✅ 100% Conforme ISO 19152</td></tr>
            </table>
          </div>
        ]]></description>
      <Polygon>
        <outerBoundaryIs><LinearRing>
          <coordinates>-78.76085758209229,-1.7214294651903777,0 -78.76113653182983,-1.7216171352480678,0 -78.76105606555939,-1.7217458232876266,0 -78.76076638698578,-1.7215796012365296,0 -78.76085758209229,-1.7214294651903777,0</coordinates>
        </LinearRing></outerBoundaryIs>
      </Polygon>
      </Placemark>
      <Placemark>
        <name>UPA-198 (0.07 ha)</name>
        <styleUrl>#upa_wireframe_style</styleUrl>
        <description><![CDATA[
          <div style="font-family: Arial, sans-serif; font-size: 12px; color: #1E293B;">
            <h3 style="color: #0F766E; margin-bottom: 4px;">FICHA PREDIAL: UPA-198</h3>
            <table border="1" cellpadding="4" cellspacing="0" style="border-collapse: collapse; width: 100%; border-color: #CBD5E1;">
              <tr bgcolor="#F8FAFC"><td><b>Escenario</b></td><td>3_Valle_Agricola_Colta</td></tr>
              <tr><td><b>Superficie Útil</b></td><td><b>0.0669 ha</b> (669.1 m²)</td></tr>
              <tr bgcolor="#F8FAFC"><td><b>Vértices LADM</b></td><td>6 vértices (Conforme 4-10)</td></tr>
              <tr><td><b>Clase de Uso</b></td><td>Cultivo_Verde_Intensivo</td></tr>
              <tr bgcolor="#F8FAFC"><td><b>Solape Habitacional</b></td><td>0.00% (Segregado LADM)</td></tr>
              <tr><td><b>Lindero Vial</b></td><td>Infranqueable (Búfer LPIS 3.5m)</td></tr>
              <tr bgcolor="#F8FAFC"><td><b>Estándar Registral</b></td><td>✅ 100% Conforme ISO 19152</td></tr>
            </table>
          </div>
        ]]></description>
      <Polygon>
        <outerBoundaryIs><LinearRing>
          <coordinates>-78.75914633274078,-1.7193168365409524,0 -78.75930726528168,-1.719349008550842,0 -78.75943064689636,-1.7192685785261177,0 -78.75962376594543,-1.7193758185590835,0 -78.75962913036346,-1.7194240765739182,0 -78.75950038433075,-1.7195259546052357,0 -78.75914633274078,-1.7193168365409524,0</coordinates>
        </LinearRing></outerBoundaryIs>
      </Polygon>
      </Placemark>
      <Placemark>
        <name>UPA-199 (0.07 ha)</name>
        <styleUrl>#upa_wireframe_style</styleUrl>
        <description><![CDATA[
          <div style="font-family: Arial, sans-serif; font-size: 12px; color: #1E293B;">
            <h3 style="color: #0F766E; margin-bottom: 4px;">FICHA PREDIAL: UPA-199</h3>
            <table border="1" cellpadding="4" cellspacing="0" style="border-collapse: collapse; width: 100%; border-color: #CBD5E1;">
              <tr bgcolor="#F8FAFC"><td><b>Escenario</b></td><td>3_Valle_Agricola_Colta</td></tr>
              <tr><td><b>Superficie Útil</b></td><td><b>0.0663 ha</b> (662.9 m²)</td></tr>
              <tr bgcolor="#F8FAFC"><td><b>Vértices LADM</b></td><td>8 vértices (Conforme 4-10)</td></tr>
              <tr><td><b>Clase de Uso</b></td><td>Cultivo_Verde_Intensivo</td></tr>
              <tr bgcolor="#F8FAFC"><td><b>Solape Habitacional</b></td><td>0.00% (Segregado LADM)</td></tr>
              <tr><td><b>Lindero Vial</b></td><td>Infranqueable (Búfer LPIS 3.5m)</td></tr>
              <tr bgcolor="#F8FAFC"><td><b>Estándar Registral</b></td><td>✅ 100% Conforme ISO 19152</td></tr>
            </table>
          </div>
        ]]></description>
      <Polygon>
        <outerBoundaryIs><LinearRing>
          <coordinates>-78.76215040683746,-1.7188128083860135,0 -78.76215040683746,-1.7189575824305172,0 -78.76194655895233,-1.7192471305195247,0 -78.7617963552475,-1.7193972665656767,0 -78.76175880432129,-1.7193811805607317,0 -78.7619036436081,-1.7191130804783175,0 -78.76202702522278,-1.7190112024470001,0 -78.76211822032928,-1.71882353238931,0 -78.76215040683746,-1.7188128083860135,0</coordinates>
        </LinearRing></outerBoundaryIs>
      </Polygon>
      </Placemark>
      <Placemark>
        <name>UPA-200 (0.07 ha)</name>
        <styleUrl>#upa_wireframe_style</styleUrl>
        <description><![CDATA[
          <div style="font-family: Arial, sans-serif; font-size: 12px; color: #1E293B;">
            <h3 style="color: #0F766E; margin-bottom: 4px;">FICHA PREDIAL: UPA-200</h3>
            <table border="1" cellpadding="4" cellspacing="0" style="border-collapse: collapse; width: 100%; border-color: #CBD5E1;">
              <tr bgcolor="#F8FAFC"><td><b>Escenario</b></td><td>3_Valle_Agricola_Colta</td></tr>
              <tr><td><b>Superficie Útil</b></td><td><b>0.0658 ha</b> (658.5 m²)</td></tr>
              <tr bgcolor="#F8FAFC"><td><b>Vértices LADM</b></td><td>8 vértices (Conforme 4-10)</td></tr>
              <tr><td><b>Clase de Uso</b></td><td>Cultivo_Verde_Intensivo</td></tr>
              <tr bgcolor="#F8FAFC"><td><b>Solape Habitacional</b></td><td>0.00% (Segregado LADM)</td></tr>
              <tr><td><b>Lindero Vial</b></td><td>Infranqueable (Búfer LPIS 3.5m)</td></tr>
              <tr bgcolor="#F8FAFC"><td><b>Estándar Registral</b></td><td>✅ 100% Conforme ISO 19152</td></tr>
            </table>
          </div>
        ]]></description>
      <Polygon>
        <outerBoundaryIs><LinearRing>
          <coordinates>-78.76010656356812,-1.7206573369530243,0 -78.76013338565826,-1.7206466129497278,0 -78.76024603843689,-1.7206573369530243,0 -78.76051962375641,-1.7208825410222524,0 -78.76051425933838,-1.7209200750337903,0 -78.76045525074005,-1.720968333048625,0 -78.76038014888763,-1.7209361610387353,0 -78.76016557216644,-1.7207538529826933,0 -78.76010656356812,-1.7206573369530243,0</coordinates>
        </LinearRing></outerBoundaryIs>
      </Polygon>
      </Placemark>
      <Placemark>
        <name>UPA-201 (0.07 ha)</name>
        <styleUrl>#upa_wireframe_style</styleUrl>
        <description><![CDATA[
          <div style="font-family: Arial, sans-serif; font-size: 12px; color: #1E293B;">
            <h3 style="color: #0F766E; margin-bottom: 4px;">FICHA PREDIAL: UPA-201</h3>
            <table border="1" cellpadding="4" cellspacing="0" style="border-collapse: collapse; width: 100%; border-color: #CBD5E1;">
              <tr bgcolor="#F8FAFC"><td><b>Escenario</b></td><td>3_Valle_Agricola_Colta</td></tr>
              <tr><td><b>Superficie Útil</b></td><td><b>0.0658 ha</b> (658.5 m²)</td></tr>
              <tr bgcolor="#F8FAFC"><td><b>Vértices LADM</b></td><td>6 vértices (Conforme 4-10)</td></tr>
              <tr><td><b>Clase de Uso</b></td><td>Suelo_Arado_Seco</td></tr>
              <tr bgcolor="#F8FAFC"><td><b>Solape Habitacional</b></td><td>0.00% (Segregado LADM)</td></tr>
              <tr><td><b>Lindero Vial</b></td><td>Infranqueable (Búfer LPIS 3.5m)</td></tr>
              <tr bgcolor="#F8FAFC"><td><b>Estándar Registral</b></td><td>✅ 100% Conforme ISO 19152</td></tr>
            </table>
          </div>
        ]]></description>
      <Polygon>
        <outerBoundaryIs><LinearRing>
          <coordinates>-78.75985980033875,-1.720635888946431,0 -78.75996708869934,-1.7206251649431346,0 -78.7600314617157,-1.720651974951376,0 -78.76040697097778,-1.7209736950502732,0 -78.7602299451828,-1.72095224704368,0 -78.76001000404358,-1.7207806629909348,0 -78.75985980033875,-1.720635888946431,0</coordinates>
        </LinearRing></outerBoundaryIs>
      </Polygon>
      </Placemark>
      <Placemark>
        <name>UPA-202 (0.06 ha)</name>
        <styleUrl>#upa_wireframe_style</styleUrl>
        <description><![CDATA[
          <div style="font-family: Arial, sans-serif; font-size: 12px; color: #1E293B;">
            <h3 style="color: #0F766E; margin-bottom: 4px;">FICHA PREDIAL: UPA-202</h3>
            <table border="1" cellpadding="4" cellspacing="0" style="border-collapse: collapse; width: 100%; border-color: #CBD5E1;">
              <tr bgcolor="#F8FAFC"><td><b>Escenario</b></td><td>3_Valle_Agricola_Colta</td></tr>
              <tr><td><b>Superficie Útil</b></td><td><b>0.0627 ha</b> (626.9 m²)</td></tr>
              <tr bgcolor="#F8FAFC"><td><b>Vértices LADM</b></td><td>6 vértices (Conforme 4-10)</td></tr>
              <tr><td><b>Clase de Uso</b></td><td>Cultivo_Verde_Intensivo</td></tr>
              <tr bgcolor="#F8FAFC"><td><b>Solape Habitacional</b></td><td>0.00% (Segregado LADM)</td></tr>
              <tr><td><b>Lindero Vial</b></td><td>Infranqueable (Búfer LPIS 3.5m)</td></tr>
              <tr bgcolor="#F8FAFC"><td><b>Estándar Registral</b></td><td>✅ 100% Conforme ISO 19152</td></tr>
            </table>
          </div>
        ]]></description>
      <Polygon>
        <outerBoundaryIs><LinearRing>
          <coordinates>-78.75840604305267,-1.7211131070931287,0 -78.75848650932312,-1.7211023830898322,0 -78.75866889953613,-1.721284691145874,0 -78.75856161117554,-1.7213758451738947,0 -78.758465051651,-1.721343673164005,0 -78.75833630561829,-1.7212203471260945,0 -78.75840604305267,-1.7211131070931287,0</coordinates>
        </LinearRing></outerBoundaryIs>
      </Polygon>
      </Placemark>
      <Placemark>
        <name>UPA-203 (0.06 ha)</name>
        <styleUrl>#upa_wireframe_style</styleUrl>
        <description><![CDATA[
          <div style="font-family: Arial, sans-serif; font-size: 12px; color: #1E293B;">
            <h3 style="color: #0F766E; margin-bottom: 4px;">FICHA PREDIAL: UPA-203</h3>
            <table border="1" cellpadding="4" cellspacing="0" style="border-collapse: collapse; width: 100%; border-color: #CBD5E1;">
              <tr bgcolor="#F8FAFC"><td><b>Escenario</b></td><td>3_Valle_Agricola_Colta</td></tr>
              <tr><td><b>Superficie Útil</b></td><td><b>0.0600 ha</b> (600.2 m²)</td></tr>
              <tr bgcolor="#F8FAFC"><td><b>Vértices LADM</b></td><td>7 vértices (Conforme 4-10)</td></tr>
              <tr><td><b>Clase de Uso</b></td><td>Cultivo_Verde_Intensivo</td></tr>
              <tr bgcolor="#F8FAFC"><td><b>Solape Habitacional</b></td><td>0.00% (Segregado LADM)</td></tr>
              <tr><td><b>Lindero Vial</b></td><td>Infranqueable (Búfer LPIS 3.5m)</td></tr>
              <tr bgcolor="#F8FAFC"><td><b>Estándar Registral</b></td><td>✅ 100% Conforme ISO 19152</td></tr>
            </table>
          </div>
        ]]></description>
      <Polygon>
        <outerBoundaryIs><LinearRing>
          <coordinates>-78.75848650932312,-1.718989754440407,0 -78.75861525535583,-1.719048736458538,0 -78.75850260257721,-1.7192203205112833,0 -78.75855088233948,-1.7192739405277662,0 -78.75863134860992,-1.7192793025294144,0 -78.7586259841919,-1.7193543705524905,0 -78.7583202123642,-1.7191935105030418,0 -78.75848650932312,-1.718989754440407,0</coordinates>
        </LinearRing></outerBoundaryIs>
      </Polygon>
      </Placemark>
      <Placemark>
        <name>UPA-204 (0.06 ha)</name>
        <styleUrl>#upa_wireframe_style</styleUrl>
        <description><![CDATA[
          <div style="font-family: Arial, sans-serif; font-size: 12px; color: #1E293B;">
            <h3 style="color: #0F766E; margin-bottom: 4px;">FICHA PREDIAL: UPA-204</h3>
            <table border="1" cellpadding="4" cellspacing="0" style="border-collapse: collapse; width: 100%; border-color: #CBD5E1;">
              <tr bgcolor="#F8FAFC"><td><b>Escenario</b></td><td>3_Valle_Agricola_Colta</td></tr>
              <tr><td><b>Superficie Útil</b></td><td><b>0.0585 ha</b> (584.6 m²)</td></tr>
              <tr bgcolor="#F8FAFC"><td><b>Vértices LADM</b></td><td>8 vértices (Conforme 4-10)</td></tr>
              <tr><td><b>Clase de Uso</b></td><td>Cultivo_Verde_Intensivo</td></tr>
              <tr bgcolor="#F8FAFC"><td><b>Solape Habitacional</b></td><td>0.00% (Segregado LADM)</td></tr>
              <tr><td><b>Lindero Vial</b></td><td>Infranqueable (Búfer LPIS 3.5m)</td></tr>
              <tr bgcolor="#F8FAFC"><td><b>Estándar Registral</b></td><td>✅ 100% Conforme ISO 19152</td></tr>
            </table>
          </div>
        ]]></description>
      <Polygon>
        <outerBoundaryIs><LinearRing>
          <coordinates>-78.75854015350342,-1.7198691227107261,0 -78.75863671302795,-1.7197726066810568,0 -78.75863671302795,-1.7197511586744636,0 -78.75854015350342,-1.719665366648091,0 -78.75838994979858,-1.7195902986250151,0 -78.7583738565445,-1.7196760906513877,0 -78.75833094120026,-1.7197511586744636,0 -78.75850283085032,-1.7198691227107261,0 -78.75854015350342,-1.7198691227107261,0</coordinates>
        </LinearRing></outerBoundaryIs>
      </Polygon>
      </Placemark>
      <Placemark>
        <name>UPA-205 (0.06 ha)</name>
        <styleUrl>#upa_wireframe_style</styleUrl>
        <description><![CDATA[
          <div style="font-family: Arial, sans-serif; font-size: 12px; color: #1E293B;">
            <h3 style="color: #0F766E; margin-bottom: 4px;">FICHA PREDIAL: UPA-205</h3>
            <table border="1" cellpadding="4" cellspacing="0" style="border-collapse: collapse; width: 100%; border-color: #CBD5E1;">
              <tr bgcolor="#F8FAFC"><td><b>Escenario</b></td><td>3_Valle_Agricola_Colta</td></tr>
              <tr><td><b>Superficie Útil</b></td><td><b>0.0551 ha</b> (551.1 m²)</td></tr>
              <tr bgcolor="#F8FAFC"><td><b>Vértices LADM</b></td><td>7 vértices (Conforme 4-10)</td></tr>
              <tr><td><b>Clase de Uso</b></td><td>Cultivo_Verde_Intensivo</td></tr>
              <tr bgcolor="#F8FAFC"><td><b>Solape Habitacional</b></td><td>0.00% (Segregado LADM)</td></tr>
              <tr><td><b>Lindero Vial</b></td><td>Infranqueable (Búfer LPIS 3.5m)</td></tr>
              <tr bgcolor="#F8FAFC"><td><b>Estándar Registral</b></td><td>✅ 100% Conforme ISO 19152</td></tr>
            </table>
          </div>
        ]]></description>
      <Polygon>
        <outerBoundaryIs><LinearRing>
          <coordinates>-78.75803589820862,-1.7200407067634713,0 -78.75808954238892,-1.7200514307667678,0 -78.75823438167572,-1.7201586707997336,0 -78.75822365283966,-1.7202015668129198,0 -78.75812709331512,-1.720298082842589,0 -78.75804126262665,-1.7202551868294027,0 -78.75792860984802,-1.7201586707997336,0 -78.75803589820862,-1.7200407067634713,0</coordinates>
        </LinearRing></outerBoundaryIs>
      </Polygon>
      </Placemark>
      <Placemark>
        <name>UPA-206 (0.05 ha)</name>
        <styleUrl>#upa_wireframe_style</styleUrl>
        <description><![CDATA[
          <div style="font-family: Arial, sans-serif; font-size: 12px; color: #1E293B;">
            <h3 style="color: #0F766E; margin-bottom: 4px;">FICHA PREDIAL: UPA-206</h3>
            <table border="1" cellpadding="4" cellspacing="0" style="border-collapse: collapse; width: 100%; border-color: #CBD5E1;">
              <tr bgcolor="#F8FAFC"><td><b>Escenario</b></td><td>3_Valle_Agricola_Colta</td></tr>
              <tr><td><b>Superficie Útil</b></td><td><b>0.0532 ha</b> (532.0 m²)</td></tr>
              <tr bgcolor="#F8FAFC"><td><b>Vértices LADM</b></td><td>8 vértices (Conforme 4-10)</td></tr>
              <tr><td><b>Clase de Uso</b></td><td>Cultivo_Verde_Intensivo</td></tr>
              <tr bgcolor="#F8FAFC"><td><b>Solape Habitacional</b></td><td>0.00% (Segregado LADM)</td></tr>
              <tr><td><b>Lindero Vial</b></td><td>Infranqueable (Búfer LPIS 3.5m)</td></tr>
              <tr bgcolor="#F8FAFC"><td><b>Estándar Registral</b></td><td>✅ 100% Conforme ISO 19152</td></tr>
            </table>
          </div>
        ]]></description>
      <Polygon>
        <outerBoundaryIs><LinearRing>
          <coordinates>-78.75852942466736,-1.7191827864997453,0 -78.75860452651978,-1.7190916324717243,0 -78.75865280628204,-1.7190701844651313,0 -78.75883519649506,-1.7191667004948004,0 -78.75884592533112,-1.7192310445145798,0 -78.75876545906067,-1.719290026532711,0 -78.75861525535583,-1.719252492521173,0 -78.75853478908539,-1.7192042345063383,0 -78.75852942466736,-1.7191827864997453,0</coordinates>
        </LinearRing></outerBoundaryIs>
      </Polygon>
      </Placemark>
      <Placemark>
        <name>UPA-207 (0.05 ha)</name>
        <styleUrl>#upa_wireframe_style</styleUrl>
        <description><![CDATA[
          <div style="font-family: Arial, sans-serif; font-size: 12px; color: #1E293B;">
            <h3 style="color: #0F766E; margin-bottom: 4px;">FICHA PREDIAL: UPA-207</h3>
            <table border="1" cellpadding="4" cellspacing="0" style="border-collapse: collapse; width: 100%; border-color: #CBD5E1;">
              <tr bgcolor="#F8FAFC"><td><b>Escenario</b></td><td>3_Valle_Agricola_Colta</td></tr>
              <tr><td><b>Superficie Útil</b></td><td><b>0.0523 ha</b> (522.9 m²)</td></tr>
              <tr bgcolor="#F8FAFC"><td><b>Vértices LADM</b></td><td>5 vértices (Conforme 4-10)</td></tr>
              <tr><td><b>Clase de Uso</b></td><td>Cultivo_Verde_Intensivo</td></tr>
              <tr bgcolor="#F8FAFC"><td><b>Solape Habitacional</b></td><td>0.00% (Segregado LADM)</td></tr>
              <tr><td><b>Lindero Vial</b></td><td>Infranqueable (Búfer LPIS 3.5m)</td></tr>
              <tr bgcolor="#F8FAFC"><td><b>Estándar Registral</b></td><td>✅ 100% Conforme ISO 19152</td></tr>
            </table>
          </div>
        ]]></description>
      <Polygon>
        <outerBoundaryIs><LinearRing>
          <coordinates>-78.75786423683167,-1.7217994433041095,0 -78.75792860984802,-1.7218423393172957,0 -78.75823438167572,-1.7221372494079517,0 -78.75807881355286,-1.7221372494079517,0 -78.75786423683167,-1.72192276934202,0 -78.75786423683167,-1.7217994433041095,0</coordinates>
        </LinearRing></outerBoundaryIs>
      </Polygon>
      </Placemark>
      <Placemark>
        <name>UPA-208 (0.05 ha)</name>
        <styleUrl>#upa_wireframe_style</styleUrl>
        <description><![CDATA[
          <div style="font-family: Arial, sans-serif; font-size: 12px; color: #1E293B;">
            <h3 style="color: #0F766E; margin-bottom: 4px;">FICHA PREDIAL: UPA-208</h3>
            <table border="1" cellpadding="4" cellspacing="0" style="border-collapse: collapse; width: 100%; border-color: #CBD5E1;">
              <tr bgcolor="#F8FAFC"><td><b>Escenario</b></td><td>3_Valle_Agricola_Colta</td></tr>
              <tr><td><b>Superficie Útil</b></td><td><b>0.0520 ha</b> (519.7 m²)</td></tr>
              <tr bgcolor="#F8FAFC"><td><b>Vértices LADM</b></td><td>7 vértices (Conforme 4-10)</td></tr>
              <tr><td><b>Clase de Uso</b></td><td>Cultivo_Verde_Intensivo</td></tr>
              <tr bgcolor="#F8FAFC"><td><b>Solape Habitacional</b></td><td>0.00% (Segregado LADM)</td></tr>
              <tr><td><b>Lindero Vial</b></td><td>Infranqueable (Búfer LPIS 3.5m)</td></tr>
              <tr bgcolor="#F8FAFC"><td><b>Estándar Registral</b></td><td>✅ 100% Conforme ISO 19152</td></tr>
            </table>
          </div>
        ]]></description>
      <Polygon>
        <outerBoundaryIs><LinearRing>
          <coordinates>-78.75867426395416,-1.7220139233700409,0 -78.75874400138855,-1.7218959593337786,0 -78.75878155231476,-1.7218959593337786,0 -78.7589156627655,-1.7220300093749858,0 -78.75895857810974,-1.7220997153964137,0 -78.7590229511261,-1.7221372494079517,0 -78.75879228115082,-1.7221372494079517,0 -78.75867426395416,-1.7220139233700409,0</coordinates>
        </LinearRing></outerBoundaryIs>
      </Polygon>
      </Placemark>
      <Placemark>
        <name>UPA-209 (0.05 ha)</name>
        <styleUrl>#upa_wireframe_style</styleUrl>
        <description><![CDATA[
          <div style="font-family: Arial, sans-serif; font-size: 12px; color: #1E293B;">
            <h3 style="color: #0F766E; margin-bottom: 4px;">FICHA PREDIAL: UPA-209</h3>
            <table border="1" cellpadding="4" cellspacing="0" style="border-collapse: collapse; width: 100%; border-color: #CBD5E1;">
              <tr bgcolor="#F8FAFC"><td><b>Escenario</b></td><td>3_Valle_Agricola_Colta</td></tr>
              <tr><td><b>Superficie Útil</b></td><td><b>0.0518 ha</b> (518.3 m²)</td></tr>
              <tr bgcolor="#F8FAFC"><td><b>Vértices LADM</b></td><td>4 vértices (Conforme 4-10)</td></tr>
              <tr><td><b>Clase de Uso</b></td><td>Cultivo_Verde_Intensivo</td></tr>
              <tr bgcolor="#F8FAFC"><td><b>Solape Habitacional</b></td><td>0.00% (Segregado LADM)</td></tr>
              <tr><td><b>Lindero Vial</b></td><td>Infranqueable (Búfer LPIS 3.5m)</td></tr>
              <tr bgcolor="#F8FAFC"><td><b>Estándar Registral</b></td><td>✅ 100% Conforme ISO 19152</td></tr>
            </table>
          </div>
        ]]></description>
      <Polygon>
        <outerBoundaryIs><LinearRing>
          <coordinates>-78.76057863235474,-1.71785301009097,0 -78.76043915748596,-1.718062128155253,0 -78.76031577587128,-1.718062128155253,0 -78.76029968261719,-1.71785301009097,0 -78.76057863235474,-1.71785301009097,0</coordinates>
        </LinearRing></outerBoundaryIs>
      </Polygon>
      </Placemark>
      <Placemark>
        <name>UPA-210 (0.05 ha)</name>
        <styleUrl>#upa_wireframe_style</styleUrl>
        <description><![CDATA[
          <div style="font-family: Arial, sans-serif; font-size: 12px; color: #1E293B;">
            <h3 style="color: #0F766E; margin-bottom: 4px;">FICHA PREDIAL: UPA-210</h3>
            <table border="1" cellpadding="4" cellspacing="0" style="border-collapse: collapse; width: 100%; border-color: #CBD5E1;">
              <tr bgcolor="#F8FAFC"><td><b>Escenario</b></td><td>3_Valle_Agricola_Colta</td></tr>
              <tr><td><b>Superficie Útil</b></td><td><b>0.0516 ha</b> (516.0 m²)</td></tr>
              <tr bgcolor="#F8FAFC"><td><b>Vértices LADM</b></td><td>8 vértices (Conforme 4-10)</td></tr>
              <tr><td><b>Clase de Uso</b></td><td>Suelo_Arado_Seco</td></tr>
              <tr bgcolor="#F8FAFC"><td><b>Solape Habitacional</b></td><td>0.00% (Segregado LADM)</td></tr>
              <tr><td><b>Lindero Vial</b></td><td>Infranqueable (Búfer LPIS 3.5m)</td></tr>
              <tr bgcolor="#F8FAFC"><td><b>Estándar Registral</b></td><td>✅ 100% Conforme ISO 19152</td></tr>
            </table>
          </div>
        ]]></description>
      <Polygon>
        <outerBoundaryIs><LinearRing>
          <coordinates>-78.75786423683167,-1.7201425847947887,0 -78.75789642333984,-1.7201747568046784,0 -78.75810027122498,-1.7203088068458856,0 -78.7580680847168,-1.7203463408574236,0 -78.75802516937256,-1.7204321328837962,0 -78.75798225402832,-1.7204643048936858,0 -78.75792860984802,-1.7204321328837962,0 -78.75786423683167,-1.7203677888640168,0 -78.75786423683167,-1.7201425847947887,0</coordinates>
        </LinearRing></outerBoundaryIs>
      </Polygon>
      </Placemark>
      <Placemark>
        <name>UPA-211 (0.05 ha)</name>
        <styleUrl>#upa_wireframe_style</styleUrl>
        <description><![CDATA[
          <div style="font-family: Arial, sans-serif; font-size: 12px; color: #1E293B;">
            <h3 style="color: #0F766E; margin-bottom: 4px;">FICHA PREDIAL: UPA-211</h3>
            <table border="1" cellpadding="4" cellspacing="0" style="border-collapse: collapse; width: 100%; border-color: #CBD5E1;">
              <tr bgcolor="#F8FAFC"><td><b>Escenario</b></td><td>3_Valle_Agricola_Colta</td></tr>
              <tr><td><b>Superficie Útil</b></td><td><b>0.0516 ha</b> (515.7 m²)</td></tr>
              <tr bgcolor="#F8FAFC"><td><b>Vértices LADM</b></td><td>6 vértices (Conforme 4-10)</td></tr>
              <tr><td><b>Clase de Uso</b></td><td>Pastizal_Mixto</td></tr>
              <tr bgcolor="#F8FAFC"><td><b>Solape Habitacional</b></td><td>0.00% (Segregado LADM)</td></tr>
              <tr><td><b>Lindero Vial</b></td><td>Infranqueable (Búfer LPIS 3.5m)</td></tr>
              <tr bgcolor="#F8FAFC"><td><b>Estándar Registral</b></td><td>✅ 100% Conforme ISO 19152</td></tr>
            </table>
          </div>
        ]]></description>
      <Polygon>
        <outerBoundaryIs><LinearRing>
          <coordinates>-78.7589156627655,-1.7205447349184102,0 -78.7589693069458,-1.7205876309315966,0 -78.75893712043762,-1.720635888946431,0 -78.75904440879822,-1.7207431289793969,0 -78.75894784927368,-1.7208610930156591,0 -78.75876545906067,-1.7207109569695072,0 -78.7589156627655,-1.7205447349184102,0</coordinates>
        </LinearRing></outerBoundaryIs>
      </Polygon>
      </Placemark>
      <Placemark>
        <name>UPA-212 (0.05 ha)</name>
        <styleUrl>#upa_wireframe_style</styleUrl>
        <description><![CDATA[
          <div style="font-family: Arial, sans-serif; font-size: 12px; color: #1E293B;">
            <h3 style="color: #0F766E; margin-bottom: 4px;">FICHA PREDIAL: UPA-212</h3>
            <table border="1" cellpadding="4" cellspacing="0" style="border-collapse: collapse; width: 100%; border-color: #CBD5E1;">
              <tr bgcolor="#F8FAFC"><td><b>Escenario</b></td><td>3_Valle_Agricola_Colta</td></tr>
              <tr><td><b>Superficie Útil</b></td><td><b>0.0508 ha</b> (507.9 m²)</td></tr>
              <tr bgcolor="#F8FAFC"><td><b>Vértices LADM</b></td><td>8 vértices (Conforme 4-10)</td></tr>
              <tr><td><b>Clase de Uso</b></td><td>Cultivo_Verde_Intensivo</td></tr>
              <tr bgcolor="#F8FAFC"><td><b>Solape Habitacional</b></td><td>0.00% (Segregado LADM)</td></tr>
              <tr><td><b>Lindero Vial</b></td><td>Infranqueable (Búfer LPIS 3.5m)</td></tr>
              <tr bgcolor="#F8FAFC"><td><b>Estándar Registral</b></td><td>✅ 100% Conforme ISO 19152</td></tr>
            </table>
          </div>
        ]]></description>
      <Polygon>
        <outerBoundaryIs><LinearRing>
          <coordinates>-78.76029431819916,-1.71785301009097,0 -78.76029968261719,-1.71804068014866,0 -78.76026749610901,-1.718062128155253,0 -78.76019239425659,-1.7180460421503083,0 -78.76011729240417,-1.7179977841354737,0 -78.76001536846161,-1.717965612125584,0 -78.76007974147797,-1.7179012681058046,0 -78.76009583473206,-1.71785301009097,0 -78.76029431819916,-1.71785301009097,0</coordinates>
        </LinearRing></outerBoundaryIs>
      </Polygon>
      </Placemark>
      <Placemark>
        <name>UPA-213 (0.05 ha)</name>
        <styleUrl>#upa_wireframe_style</styleUrl>
        <description><![CDATA[
          <div style="font-family: Arial, sans-serif; font-size: 12px; color: #1E293B;">
            <h3 style="color: #0F766E; margin-bottom: 4px;">FICHA PREDIAL: UPA-213</h3>
            <table border="1" cellpadding="4" cellspacing="0" style="border-collapse: collapse; width: 100%; border-color: #CBD5E1;">
              <tr bgcolor="#F8FAFC"><td><b>Escenario</b></td><td>3_Valle_Agricola_Colta</td></tr>
              <tr><td><b>Superficie Útil</b></td><td><b>0.0486 ha</b> (485.5 m²)</td></tr>
              <tr bgcolor="#F8FAFC"><td><b>Vértices LADM</b></td><td>7 vértices (Conforme 4-10)</td></tr>
              <tr><td><b>Clase de Uso</b></td><td>Pastizal_Mixto</td></tr>
              <tr bgcolor="#F8FAFC"><td><b>Solape Habitacional</b></td><td>0.00% (Segregado LADM)</td></tr>
              <tr><td><b>Lindero Vial</b></td><td>Infranqueable (Búfer LPIS 3.5m)</td></tr>
              <tr bgcolor="#F8FAFC"><td><b>Estándar Registral</b></td><td>✅ 100% Conforme ISO 19152</td></tr>
            </table>
          </div>
        ]]></description>
      <Polygon>
        <outerBoundaryIs><LinearRing>
          <coordinates>-78.76081466674805,-1.7186251383283233,0 -78.76102387905121,-1.7188771524057929,0 -78.76096487045288,-1.7188717904041446,0 -78.76091122627258,-1.7189146864173308,0 -78.76088976860046,-1.7189629444321655,0 -78.76076102256775,-1.718785998377772,0 -78.76077175140381,-1.718673396343158,0 -78.76081466674805,-1.7186251383283233,0</coordinates>
        </LinearRing></outerBoundaryIs>
      </Polygon>
      </Placemark>
      <Placemark>
        <name>UPA-214 (0.05 ha)</name>
        <styleUrl>#upa_wireframe_style</styleUrl>
        <description><![CDATA[
          <div style="font-family: Arial, sans-serif; font-size: 12px; color: #1E293B;">
            <h3 style="color: #0F766E; margin-bottom: 4px;">FICHA PREDIAL: UPA-214</h3>
            <table border="1" cellpadding="4" cellspacing="0" style="border-collapse: collapse; width: 100%; border-color: #CBD5E1;">
              <tr bgcolor="#F8FAFC"><td><b>Escenario</b></td><td>3_Valle_Agricola_Colta</td></tr>
              <tr><td><b>Superficie Útil</b></td><td><b>0.0472 ha</b> (471.7 m²)</td></tr>
              <tr bgcolor="#F8FAFC"><td><b>Vértices LADM</b></td><td>7 vértices (Conforme 4-10)</td></tr>
              <tr><td><b>Clase de Uso</b></td><td>Cultivo_Verde_Intensivo</td></tr>
              <tr bgcolor="#F8FAFC"><td><b>Solape Habitacional</b></td><td>0.00% (Segregado LADM)</td></tr>
              <tr><td><b>Lindero Vial</b></td><td>Infranqueable (Búfer LPIS 3.5m)</td></tr>
              <tr bgcolor="#F8FAFC"><td><b>Estándar Registral</b></td><td>✅ 100% Conforme ISO 19152</td></tr>
            </table>
          </div>
        ]]></description>
      <Polygon>
        <outerBoundaryIs><LinearRing>
          <coordinates>-78.7596720457077,-1.721606411244771,0 -78.75969886779785,-1.7216171352480678,0 -78.75980615615845,-1.7217458232876266,0 -78.75980079174042,-1.7217779952975163,0 -78.75970423221588,-1.721885235330482,0 -78.75955939292908,-1.72173509928433,0 -78.7596184015274,-1.7216385832546608,0 -78.7596720457077,-1.721606411244771,0</coordinates>
        </LinearRing></outerBoundaryIs>
      </Polygon>
      </Placemark>
      <Placemark>
        <name>UPA-215 (0.05 ha)</name>
        <styleUrl>#upa_wireframe_style</styleUrl>
        <description><![CDATA[
          <div style="font-family: Arial, sans-serif; font-size: 12px; color: #1E293B;">
            <h3 style="color: #0F766E; margin-bottom: 4px;">FICHA PREDIAL: UPA-215</h3>
            <table border="1" cellpadding="4" cellspacing="0" style="border-collapse: collapse; width: 100%; border-color: #CBD5E1;">
              <tr bgcolor="#F8FAFC"><td><b>Escenario</b></td><td>3_Valle_Agricola_Colta</td></tr>
              <tr><td><b>Superficie Útil</b></td><td><b>0.0460 ha</b> (459.8 m²)</td></tr>
              <tr bgcolor="#F8FAFC"><td><b>Vértices LADM</b></td><td>6 vértices (Conforme 4-10)</td></tr>
              <tr><td><b>Clase de Uso</b></td><td>Cultivo_Verde_Intensivo</td></tr>
              <tr bgcolor="#F8FAFC"><td><b>Solape Habitacional</b></td><td>0.00% (Segregado LADM)</td></tr>
              <tr><td><b>Lindero Vial</b></td><td>Infranqueable (Búfer LPIS 3.5m)</td></tr>
              <tr bgcolor="#F8FAFC"><td><b>Estándar Registral</b></td><td>✅ 100% Conforme ISO 19152</td></tr>
            </table>
          </div>
        ]]></description>
      <Polygon>
        <outerBoundaryIs><LinearRing>
          <coordinates>-78.75813782215118,-1.718453554275578,0 -78.75851333141327,-1.7189307724222758,0 -78.75849723815918,-1.7189683064338137,0 -78.758465051651,-1.7189683064338137,0 -78.75818073749542,-1.7186144143250268,0 -78.75811636447906,-1.718507174292061,0 -78.75813782215118,-1.718453554275578,0</coordinates>
        </LinearRing></outerBoundaryIs>
      </Polygon>
      </Placemark>
      <Placemark>
        <name>UPA-216 (0.04 ha)</name>
        <styleUrl>#upa_wireframe_style</styleUrl>
        <description><![CDATA[
          <div style="font-family: Arial, sans-serif; font-size: 12px; color: #1E293B;">
            <h3 style="color: #0F766E; margin-bottom: 4px;">FICHA PREDIAL: UPA-216</h3>
            <table border="1" cellpadding="4" cellspacing="0" style="border-collapse: collapse; width: 100%; border-color: #CBD5E1;">
              <tr bgcolor="#F8FAFC"><td><b>Escenario</b></td><td>3_Valle_Agricola_Colta</td></tr>
              <tr><td><b>Superficie Útil</b></td><td><b>0.0449 ha</b> (448.7 m²)</td></tr>
              <tr bgcolor="#F8FAFC"><td><b>Vértices LADM</b></td><td>7 vértices (Conforme 4-10)</td></tr>
              <tr><td><b>Clase de Uso</b></td><td>Pastizal_Mixto</td></tr>
              <tr bgcolor="#F8FAFC"><td><b>Solape Habitacional</b></td><td>0.00% (Segregado LADM)</td></tr>
              <tr><td><b>Lindero Vial</b></td><td>Infranqueable (Búfer LPIS 3.5m)</td></tr>
              <tr bgcolor="#F8FAFC"><td><b>Estándar Registral</b></td><td>✅ 100% Conforme ISO 19152</td></tr>
            </table>
          </div>
        ]]></description>
      <Polygon>
        <outerBoundaryIs><LinearRing>
          <coordinates>-78.76215040683746,-1.7216868412694954,0 -78.76215040683746,-1.7218048053057577,0 -78.76204311847687,-1.7218959593337786,0 -78.76195728778839,-1.7218745113271856,0 -78.76194655895233,-1.721826253312351,0 -78.76189291477203,-1.7217779952975163,0 -78.76193583011627,-1.7217190132793851,0 -78.76215040683746,-1.7216868412694954,0</coordinates>
        </LinearRing></outerBoundaryIs>
      </Polygon>
      </Placemark>
      <Placemark>
        <name>UPA-217 (0.04 ha)</name>
        <styleUrl>#upa_wireframe_style</styleUrl>
        <description><![CDATA[
          <div style="font-family: Arial, sans-serif; font-size: 12px; color: #1E293B;">
            <h3 style="color: #0F766E; margin-bottom: 4px;">FICHA PREDIAL: UPA-217</h3>
            <table border="1" cellpadding="4" cellspacing="0" style="border-collapse: collapse; width: 100%; border-color: #CBD5E1;">
              <tr bgcolor="#F8FAFC"><td><b>Escenario</b></td><td>3_Valle_Agricola_Colta</td></tr>
              <tr><td><b>Superficie Útil</b></td><td><b>0.0438 ha</b> (438.4 m²)</td></tr>
              <tr bgcolor="#F8FAFC"><td><b>Vértices LADM</b></td><td>8 vértices (Conforme 4-10)</td></tr>
              <tr><td><b>Clase de Uso</b></td><td>Cultivo_Verde_Intensivo</td></tr>
              <tr bgcolor="#F8FAFC"><td><b>Solape Habitacional</b></td><td>0.00% (Segregado LADM)</td></tr>
              <tr><td><b>Lindero Vial</b></td><td>Infranqueable (Búfer LPIS 3.5m)</td></tr>
              <tr bgcolor="#F8FAFC"><td><b>Estándar Registral</b></td><td>✅ 100% Conforme ISO 19152</td></tr>
            </table>
          </div>
        ]]></description>
      <Polygon>
        <outerBoundaryIs><LinearRing>
          <coordinates>-78.75904977321625,-1.7203677888640168,0 -78.75925898551941,-1.7205447349184102,0 -78.75917851924896,-1.720485752900279,0 -78.75914096832275,-1.7204964769035755,0 -78.75904977321625,-1.7206090789381896,0 -78.7590765953064,-1.7206573369530243,0 -78.75892102718353,-1.720523286911817,0 -78.75893712043762,-1.7204535808903894,0 -78.75904977321625,-1.7203677888640168,0</coordinates>
        </LinearRing></outerBoundaryIs>
      </Polygon>
      </Placemark>
      <Placemark>
        <name>UPA-218 (0.04 ha)</name>
        <styleUrl>#upa_wireframe_style</styleUrl>
        <description><![CDATA[
          <div style="font-family: Arial, sans-serif; font-size: 12px; color: #1E293B;">
            <h3 style="color: #0F766E; margin-bottom: 4px;">FICHA PREDIAL: UPA-218</h3>
            <table border="1" cellpadding="4" cellspacing="0" style="border-collapse: collapse; width: 100%; border-color: #CBD5E1;">
              <tr bgcolor="#F8FAFC"><td><b>Escenario</b></td><td>3_Valle_Agricola_Colta</td></tr>
              <tr><td><b>Superficie Útil</b></td><td><b>0.0429 ha</b> (428.6 m²)</td></tr>
              <tr bgcolor="#F8FAFC"><td><b>Vértices LADM</b></td><td>6 vértices (Conforme 4-10)</td></tr>
              <tr><td><b>Clase de Uso</b></td><td>Pastizal_Mixto</td></tr>
              <tr bgcolor="#F8FAFC"><td><b>Solape Habitacional</b></td><td>0.00% (Segregado LADM)</td></tr>
              <tr><td><b>Lindero Vial</b></td><td>Infranqueable (Búfer LPIS 3.5m)</td></tr>
              <tr bgcolor="#F8FAFC"><td><b>Estándar Registral</b></td><td>✅ 100% Conforme ISO 19152</td></tr>
            </table>
          </div>
        ]]></description>
      <Polygon>
        <outerBoundaryIs><LinearRing>
          <coordinates>-78.75874400138855,-1.7207163189711554,0 -78.75889420509338,-1.720839645009066,0 -78.7588620185852,-1.720930799037087,0 -78.75880837440491,-1.720968333048625,0 -78.75864207744598,-1.7208450070107144,0 -78.75866889953613,-1.7207913869942315,0 -78.75874400138855,-1.7207163189711554,0</coordinates>
        </LinearRing></outerBoundaryIs>
      </Polygon>
      </Placemark>
      <Placemark>
        <name>UPA-219 (0.04 ha)</name>
        <styleUrl>#upa_wireframe_style</styleUrl>
        <description><![CDATA[
          <div style="font-family: Arial, sans-serif; font-size: 12px; color: #1E293B;">
            <h3 style="color: #0F766E; margin-bottom: 4px;">FICHA PREDIAL: UPA-219</h3>
            <table border="1" cellpadding="4" cellspacing="0" style="border-collapse: collapse; width: 100%; border-color: #CBD5E1;">
              <tr bgcolor="#F8FAFC"><td><b>Escenario</b></td><td>3_Valle_Agricola_Colta</td></tr>
              <tr><td><b>Superficie Útil</b></td><td><b>0.0423 ha</b> (422.5 m²)</td></tr>
              <tr bgcolor="#F8FAFC"><td><b>Vértices LADM</b></td><td>8 vértices (Conforme 4-10)</td></tr>
              <tr><td><b>Clase de Uso</b></td><td>Cultivo_Verde_Intensivo</td></tr>
              <tr bgcolor="#F8FAFC"><td><b>Solape Habitacional</b></td><td>0.00% (Segregado LADM)</td></tr>
              <tr><td><b>Lindero Vial</b></td><td>Infranqueable (Búfer LPIS 3.5m)</td></tr>
              <tr bgcolor="#F8FAFC"><td><b>Estándar Registral</b></td><td>✅ 100% Conforme ISO 19152</td></tr>
            </table>
          </div>
        ]]></description>
      <Polygon>
        <outerBoundaryIs><LinearRing>
          <coordinates>-78.75792324542999,-1.721118469094777,0 -78.7580680847168,-1.7209576090453285,0 -78.75802516937256,-1.7209200750337903,0 -78.75795006752014,-1.7208879030239006,0 -78.75792324542999,-1.720855731014011,0 -78.75786423683167,-1.720818197002473,0 -78.75786423683167,-1.721064849078294,0 -78.75788779677572,-1.7211025280087955,0 -78.75792324542999,-1.721118469094777,0</coordinates>
        </LinearRing></outerBoundaryIs>
      </Polygon>
      </Placemark>
      <Placemark>
        <name>UPA-220 (0.04 ha)</name>
        <styleUrl>#upa_wireframe_style</styleUrl>
        <description><![CDATA[
          <div style="font-family: Arial, sans-serif; font-size: 12px; color: #1E293B;">
            <h3 style="color: #0F766E; margin-bottom: 4px;">FICHA PREDIAL: UPA-220</h3>
            <table border="1" cellpadding="4" cellspacing="0" style="border-collapse: collapse; width: 100%; border-color: #CBD5E1;">
              <tr bgcolor="#F8FAFC"><td><b>Escenario</b></td><td>3_Valle_Agricola_Colta</td></tr>
              <tr><td><b>Superficie Útil</b></td><td><b>0.0417 ha</b> (417.0 m²)</td></tr>
              <tr bgcolor="#F8FAFC"><td><b>Vértices LADM</b></td><td>8 vértices (Conforme 4-10)</td></tr>
              <tr><td><b>Clase de Uso</b></td><td>Suelo_Arado_Seco</td></tr>
              <tr bgcolor="#F8FAFC"><td><b>Solape Habitacional</b></td><td>0.00% (Segregado LADM)</td></tr>
              <tr><td><b>Lindero Vial</b></td><td>Infranqueable (Búfer LPIS 3.5m)</td></tr>
              <tr bgcolor="#F8FAFC"><td><b>Estándar Registral</b></td><td>✅ 100% Conforme ISO 19152</td></tr>
            </table>
          </div>
        ]]></description>
      <Polygon>
        <outerBoundaryIs><LinearRing>
          <coordinates>-78.76091659069061,-1.7189146864173308,0 -78.7608951330185,-1.7189683064338137,0 -78.76099705696106,-1.7190969944733725,0 -78.76105606555939,-1.7190969944733725,0 -78.76114189624786,-1.7190380124552413,0 -78.76114189624786,-1.7190219264502966,0 -78.76102387905121,-1.718882514407441,0 -78.76097903251647,-1.7188730772845402,0 -78.76091659069061,-1.7189146864173308,0</coordinates>
        </LinearRing></outerBoundaryIs>
      </Polygon>
      </Placemark>
      <Placemark>
        <name>UPA-221 (0.04 ha)</name>
        <styleUrl>#upa_wireframe_style</styleUrl>
        <description><![CDATA[
          <div style="font-family: Arial, sans-serif; font-size: 12px; color: #1E293B;">
            <h3 style="color: #0F766E; margin-bottom: 4px;">FICHA PREDIAL: UPA-221</h3>
            <table border="1" cellpadding="4" cellspacing="0" style="border-collapse: collapse; width: 100%; border-color: #CBD5E1;">
              <tr bgcolor="#F8FAFC"><td><b>Escenario</b></td><td>3_Valle_Agricola_Colta</td></tr>
              <tr><td><b>Superficie Útil</b></td><td><b>0.0410 ha</b> (410.2 m²)</td></tr>
              <tr bgcolor="#F8FAFC"><td><b>Vértices LADM</b></td><td>6 vértices (Conforme 4-10)</td></tr>
              <tr><td><b>Clase de Uso</b></td><td>Cultivo_Verde_Intensivo</td></tr>
              <tr bgcolor="#F8FAFC"><td><b>Solape Habitacional</b></td><td>0.00% (Segregado LADM)</td></tr>
              <tr><td><b>Lindero Vial</b></td><td>Infranqueable (Búfer LPIS 3.5m)</td></tr>
              <tr bgcolor="#F8FAFC"><td><b>Estándar Registral</b></td><td>✅ 100% Conforme ISO 19152</td></tr>
            </table>
          </div>
        ]]></description>
      <Polygon>
        <outerBoundaryIs><LinearRing>
          <coordinates>-78.76215040683746,-1.7180567661536048,0 -78.76197874546051,-1.7179709741272322,0 -78.76193046569824,-1.7179173541107493,0 -78.76192510128021,-1.7178905441025079,0 -78.76187145709991,-1.71785301009097,0 -78.76215040683746,-1.71785301009097,0 -78.76215040683746,-1.7180567661536048,0</coordinates>
        </LinearRing></outerBoundaryIs>
      </Polygon>
      </Placemark>
      <Placemark>
        <name>UPA-222 (0.04 ha)</name>
        <styleUrl>#upa_wireframe_style</styleUrl>
        <description><![CDATA[
          <div style="font-family: Arial, sans-serif; font-size: 12px; color: #1E293B;">
            <h3 style="color: #0F766E; margin-bottom: 4px;">FICHA PREDIAL: UPA-222</h3>
            <table border="1" cellpadding="4" cellspacing="0" style="border-collapse: collapse; width: 100%; border-color: #CBD5E1;">
              <tr bgcolor="#F8FAFC"><td><b>Escenario</b></td><td>3_Valle_Agricola_Colta</td></tr>
              <tr><td><b>Superficie Útil</b></td><td><b>0.0387 ha</b> (387.3 m²)</td></tr>
              <tr bgcolor="#F8FAFC"><td><b>Vértices LADM</b></td><td>9 vértices (Conforme 4-10)</td></tr>
              <tr><td><b>Clase de Uso</b></td><td>Pastizal_Mixto</td></tr>
              <tr bgcolor="#F8FAFC"><td><b>Solape Habitacional</b></td><td>0.00% (Segregado LADM)</td></tr>
              <tr><td><b>Lindero Vial</b></td><td>Infranqueable (Búfer LPIS 3.5m)</td></tr>
              <tr bgcolor="#F8FAFC"><td><b>Estándar Registral</b></td><td>✅ 100% Conforme ISO 19152</td></tr>
            </table>
          </div>
        ]]></description>
      <Polygon>
        <outerBoundaryIs><LinearRing>
          <coordinates>-78.75975251197815,-1.719531316606884,0 -78.75978469848633,-1.7194562485838079,0 -78.75962439458817,-1.719381473795197,0 -78.75962439458817,-1.7193814737951971,0 -78.75962913036346,-1.7194240765739182,0 -78.75962824053187,-1.7194247807066156,0 -78.75962913036346,-1.7194348005772147,0 -78.75950437752321,-1.7195227947518579,0 -78.75965595245361,-1.7196063846299598,0 -78.75975251197815,-1.719531316606884,0</coordinates>
        </LinearRing></outerBoundaryIs>
      </Polygon>
      </Placemark>
      <Placemark>
        <name>UPA-223 (0.04 ha)</name>
        <styleUrl>#upa_wireframe_style</styleUrl>
        <description><![CDATA[
          <div style="font-family: Arial, sans-serif; font-size: 12px; color: #1E293B;">
            <h3 style="color: #0F766E; margin-bottom: 4px;">FICHA PREDIAL: UPA-223</h3>
            <table border="1" cellpadding="4" cellspacing="0" style="border-collapse: collapse; width: 100%; border-color: #CBD5E1;">
              <tr bgcolor="#F8FAFC"><td><b>Escenario</b></td><td>3_Valle_Agricola_Colta</td></tr>
              <tr><td><b>Superficie Útil</b></td><td><b>0.0369 ha</b> (369.4 m²)</td></tr>
              <tr bgcolor="#F8FAFC"><td><b>Vértices LADM</b></td><td>9 vértices (Conforme 4-10)</td></tr>
              <tr><td><b>Clase de Uso</b></td><td>Pastizal_Mixto</td></tr>
              <tr bgcolor="#F8FAFC"><td><b>Solape Habitacional</b></td><td>0.00% (Segregado LADM)</td></tr>
              <tr><td><b>Lindero Vial</b></td><td>Infranqueable (Búfer LPIS 3.5m)</td></tr>
              <tr bgcolor="#F8FAFC"><td><b>Estándar Registral</b></td><td>✅ 100% Conforme ISO 19152</td></tr>
            </table>
          </div>
        ]]></description>
      <Polygon>
        <outerBoundaryIs><LinearRing>
          <coordinates>-78.75786423683167,-1.7203785128673132,0 -78.75786423683167,-1.720501838905224,0 -78.75800581640034,-1.7206484088354472,0 -78.75805774876434,-1.7206723668221913,0 -78.75806003808975,-1.7206734229579692,0 -78.75808417797089,-1.7206251649431346,0 -78.75802516937256,-1.7204643048936858,0 -78.75798225402832,-1.7204643048936858,0 -78.75795543193817,-1.7204643048936858,0 -78.75786423683167,-1.7203785128673132,0</coordinates>
        </LinearRing></outerBoundaryIs>
      </Polygon>
      </Placemark>
      <Placemark>
        <name>UPA-224 (0.04 ha)</name>
        <styleUrl>#upa_wireframe_style</styleUrl>
        <description><![CDATA[
          <div style="font-family: Arial, sans-serif; font-size: 12px; color: #1E293B;">
            <h3 style="color: #0F766E; margin-bottom: 4px;">FICHA PREDIAL: UPA-224</h3>
            <table border="1" cellpadding="4" cellspacing="0" style="border-collapse: collapse; width: 100%; border-color: #CBD5E1;">
              <tr bgcolor="#F8FAFC"><td><b>Escenario</b></td><td>3_Valle_Agricola_Colta</td></tr>
              <tr><td><b>Superficie Útil</b></td><td><b>0.0379 ha</b> (378.9 m²)</td></tr>
              <tr bgcolor="#F8FAFC"><td><b>Vértices LADM</b></td><td>5 vértices (Conforme 4-10)</td></tr>
              <tr><td><b>Clase de Uso</b></td><td>Pastizal_Mixto</td></tr>
              <tr bgcolor="#F8FAFC"><td><b>Solape Habitacional</b></td><td>0.00% (Segregado LADM)</td></tr>
              <tr><td><b>Lindero Vial</b></td><td>Infranqueable (Búfer LPIS 3.5m)</td></tr>
              <tr bgcolor="#F8FAFC"><td><b>Estándar Registral</b></td><td>✅ 100% Conforme ISO 19152</td></tr>
            </table>
          </div>
        ]]></description>
      <Polygon>
        <outerBoundaryIs><LinearRing>
          <coordinates>-78.7620484828949,-1.720147946796437,0 -78.76208066940308,-1.7201586707997336,0 -78.76215040683746,-1.720206928814568,0 -78.76215040683746,-1.720426770882148,0 -78.76196801662445,-1.7203034448442374,0 -78.7620484828949,-1.720147946796437,0</coordinates>
        </LinearRing></outerBoundaryIs>
      </Polygon>
      </Placemark>
      <Placemark>
        <name>UPA-225 (0.04 ha)</name>
        <styleUrl>#upa_wireframe_style</styleUrl>
        <description><![CDATA[
          <div style="font-family: Arial, sans-serif; font-size: 12px; color: #1E293B;">
            <h3 style="color: #0F766E; margin-bottom: 4px;">FICHA PREDIAL: UPA-225</h3>
            <table border="1" cellpadding="4" cellspacing="0" style="border-collapse: collapse; width: 100%; border-color: #CBD5E1;">
              <tr bgcolor="#F8FAFC"><td><b>Escenario</b></td><td>3_Valle_Agricola_Colta</td></tr>
              <tr><td><b>Superficie Útil</b></td><td><b>0.0369 ha</b> (369.1 m²)</td></tr>
              <tr bgcolor="#F8FAFC"><td><b>Vértices LADM</b></td><td>8 vértices (Conforme 4-10)</td></tr>
              <tr><td><b>Clase de Uso</b></td><td>Cultivo_Verde_Intensivo</td></tr>
              <tr bgcolor="#F8FAFC"><td><b>Solape Habitacional</b></td><td>0.00% (Segregado LADM)</td></tr>
              <tr><td><b>Lindero Vial</b></td><td>Infranqueable (Búfer LPIS 3.5m)</td></tr>
              <tr bgcolor="#F8FAFC"><td><b>Estándar Registral</b></td><td>✅ 100% Conforme ISO 19152</td></tr>
            </table>
          </div>
        ]]></description>
      <Polygon>
        <outerBoundaryIs><LinearRing>
          <coordinates>-78.76186072826385,-1.7221372494079517,0 -78.76215040683746,-1.7221372494079517,0 -78.76215040683746,-1.722051457381579,0 -78.76202166080475,-1.7220192853716894,0 -78.76196600496769,-1.7220192853716894,0 -78.76196291557645,-1.7220202735315757,0 -78.76188617929927,-1.72204481807929,0 -78.7618499994278,-1.7221211634030067,0 -78.76186072826385,-1.7221372494079517,0</coordinates>
        </LinearRing></outerBoundaryIs>
      </Polygon>
      </Placemark>
      <Placemark>
        <name>UPA-226 (0.04 ha)</name>
        <styleUrl>#upa_wireframe_style</styleUrl>
        <description><![CDATA[
          <div style="font-family: Arial, sans-serif; font-size: 12px; color: #1E293B;">
            <h3 style="color: #0F766E; margin-bottom: 4px;">FICHA PREDIAL: UPA-226</h3>
            <table border="1" cellpadding="4" cellspacing="0" style="border-collapse: collapse; width: 100%; border-color: #CBD5E1;">
              <tr bgcolor="#F8FAFC"><td><b>Escenario</b></td><td>3_Valle_Agricola_Colta</td></tr>
              <tr><td><b>Superficie Útil</b></td><td><b>0.0361 ha</b> (361.1 m²)</td></tr>
              <tr bgcolor="#F8FAFC"><td><b>Vértices LADM</b></td><td>8 vértices (Conforme 4-10)</td></tr>
              <tr><td><b>Clase de Uso</b></td><td>Pastizal_Mixto</td></tr>
              <tr bgcolor="#F8FAFC"><td><b>Solape Habitacional</b></td><td>0.00% (Segregado LADM)</td></tr>
              <tr><td><b>Lindero Vial</b></td><td>Infranqueable (Búfer LPIS 3.5m)</td></tr>
              <tr bgcolor="#F8FAFC"><td><b>Estándar Registral</b></td><td>✅ 100% Conforme ISO 19152</td></tr>
            </table>
          </div>
        ]]></description>
      <Polygon>
        <outerBoundaryIs><LinearRing>
          <coordinates>-78.75917851924896,-1.7204911149019273,0 -78.75926434993744,-1.720555458921707,0 -78.75926434993744,-1.7205822689299481,0 -78.75916242599487,-1.7207163189711554,0 -78.75913560390472,-1.7207270429744521,0 -78.75910341739655,-1.7207109569695072,0 -78.75905513763428,-1.7206090789381896,0 -78.75914096832275,-1.720501838905224,0 -78.75917851924896,-1.7204911149019273,0</coordinates>
        </LinearRing></outerBoundaryIs>
      </Polygon>
      </Placemark>
      <Placemark>
        <name>UPA-227 (0.03 ha)</name>
        <styleUrl>#upa_wireframe_style</styleUrl>
        <description><![CDATA[
          <div style="font-family: Arial, sans-serif; font-size: 12px; color: #1E293B;">
            <h3 style="color: #0F766E; margin-bottom: 4px;">FICHA PREDIAL: UPA-227</h3>
            <table border="1" cellpadding="4" cellspacing="0" style="border-collapse: collapse; width: 100%; border-color: #CBD5E1;">
              <tr bgcolor="#F8FAFC"><td><b>Escenario</b></td><td>3_Valle_Agricola_Colta</td></tr>
              <tr><td><b>Superficie Útil</b></td><td><b>0.0313 ha</b> (313.4 m²)</td></tr>
              <tr bgcolor="#F8FAFC"><td><b>Vértices LADM</b></td><td>10 vértices (Conforme 4-10)</td></tr>
              <tr><td><b>Clase de Uso</b></td><td>Cultivo_Verde_Intensivo</td></tr>
              <tr bgcolor="#F8FAFC"><td><b>Solape Habitacional</b></td><td>0.00% (Segregado LADM)</td></tr>
              <tr><td><b>Lindero Vial</b></td><td>Infranqueable (Búfer LPIS 3.5m)</td></tr>
              <tr bgcolor="#F8FAFC"><td><b>Estándar Registral</b></td><td>✅ 100% Conforme ISO 19152</td></tr>
            </table>
          </div>
        ]]></description>
      <Polygon>
        <outerBoundaryIs><LinearRing>
          <coordinates>-78.76172622044881,-1.7219706301715474,0 -78.76169443130493,-1.721992475363448,0 -78.76169289861407,-1.7219902224215788,0 -78.7616890668869,-1.721992475363448,0 -78.76167833805084,-1.722088991393117,0 -78.76176953315735,-1.722126525404655,0 -78.76183927059174,-1.722126525404655,0 -78.76187682151794,-1.7220401689570564,0 -78.76187682151794,-1.722040168957056,0 -78.76178026199341,-1.721938855346965,0 -78.76172622044881,-1.7219706301715474,0</coordinates>
        </LinearRing></outerBoundaryIs>
      </Polygon>
      </Placemark>
      <Placemark>
        <name>UPA-228 (0.03 ha)</name>
        <styleUrl>#upa_wireframe_style</styleUrl>
        <description><![CDATA[
          <div style="font-family: Arial, sans-serif; font-size: 12px; color: #1E293B;">
            <h3 style="color: #0F766E; margin-bottom: 4px;">FICHA PREDIAL: UPA-228</h3>
            <table border="1" cellpadding="4" cellspacing="0" style="border-collapse: collapse; width: 100%; border-color: #CBD5E1;">
              <tr bgcolor="#F8FAFC"><td><b>Escenario</b></td><td>3_Valle_Agricola_Colta</td></tr>
              <tr><td><b>Superficie Útil</b></td><td><b>0.0315 ha</b> (314.9 m²)</td></tr>
              <tr bgcolor="#F8FAFC"><td><b>Vértices LADM</b></td><td>7 vértices (Conforme 4-10)</td></tr>
              <tr><td><b>Clase de Uso</b></td><td>Pastizal_Mixto</td></tr>
              <tr bgcolor="#F8FAFC"><td><b>Solape Habitacional</b></td><td>0.00% (Segregado LADM)</td></tr>
              <tr><td><b>Lindero Vial</b></td><td>Infranqueable (Búfer LPIS 3.5m)</td></tr>
              <tr bgcolor="#F8FAFC"><td><b>Estándar Registral</b></td><td>✅ 100% Conforme ISO 19152</td></tr>
            </table>
          </div>
        ]]></description>
      <Polygon>
        <outerBoundaryIs><LinearRing>
          <coordinates>-78.7621396780014,-1.7181479201816257,0 -78.76212894916534,-1.718244436211295,0 -78.7620860338211,-1.7183302282376676,0 -78.76201093196869,-1.7183516762442606,0 -78.76194655895233,-1.7183087802310744,0 -78.76196801662445,-1.7182497982129432,0 -78.76208066940308,-1.718131834176681,0 -78.7621396780014,-1.7181479201816257,0</coordinates>
        </LinearRing></outerBoundaryIs>
      </Polygon>
      </Placemark>
      <Placemark>
        <name>UPA-229 (0.03 ha)</name>
        <styleUrl>#upa_wireframe_style</styleUrl>
        <description><![CDATA[
          <div style="font-family: Arial, sans-serif; font-size: 12px; color: #1E293B;">
            <h3 style="color: #0F766E; margin-bottom: 4px;">FICHA PREDIAL: UPA-229</h3>
            <table border="1" cellpadding="4" cellspacing="0" style="border-collapse: collapse; width: 100%; border-color: #CBD5E1;">
              <tr bgcolor="#F8FAFC"><td><b>Escenario</b></td><td>3_Valle_Agricola_Colta</td></tr>
              <tr><td><b>Superficie Útil</b></td><td><b>0.0309 ha</b> (308.9 m²)</td></tr>
              <tr bgcolor="#F8FAFC"><td><b>Vértices LADM</b></td><td>8 vértices (Conforme 4-10)</td></tr>
              <tr><td><b>Clase de Uso</b></td><td>Pastizal_Mixto</td></tr>
              <tr bgcolor="#F8FAFC"><td><b>Solape Habitacional</b></td><td>0.00% (Segregado LADM)</td></tr>
              <tr><td><b>Lindero Vial</b></td><td>Infranqueable (Búfer LPIS 3.5m)</td></tr>
              <tr bgcolor="#F8FAFC"><td><b>Estándar Registral</b></td><td>✅ 100% Conforme ISO 19152</td></tr>
            </table>
          </div>
        ]]></description>
      <Polygon>
        <outerBoundaryIs><LinearRing>
          <coordinates>-78.76093804836273,-1.7201264987898437,0 -78.76101851463318,-1.7201533087980851,0 -78.76108288764954,-1.7202712728343477,0 -78.760986328125,-1.7203838748689617,0 -78.76095950603485,-1.7203838748689617,0 -78.76094341278076,-1.7203517028590718,0 -78.76094341278076,-1.7202444628261062,0 -78.76092195510864,-1.7202015668129198,0 -78.76093804836273,-1.7201264987898437,0</coordinates>
        </LinearRing></outerBoundaryIs>
      </Polygon>
      </Placemark>
      <Placemark>
        <name>UPA-230 (0.03 ha)</name>
        <styleUrl>#upa_wireframe_style</styleUrl>
        <description><![CDATA[
          <div style="font-family: Arial, sans-serif; font-size: 12px; color: #1E293B;">
            <h3 style="color: #0F766E; margin-bottom: 4px;">FICHA PREDIAL: UPA-230</h3>
            <table border="1" cellpadding="4" cellspacing="0" style="border-collapse: collapse; width: 100%; border-color: #CBD5E1;">
              <tr bgcolor="#F8FAFC"><td><b>Escenario</b></td><td>3_Valle_Agricola_Colta</td></tr>
              <tr><td><b>Superficie Útil</b></td><td><b>0.0300 ha</b> (299.8 m²)</td></tr>
              <tr bgcolor="#F8FAFC"><td><b>Vértices LADM</b></td><td>7 vértices (Conforme 4-10)</td></tr>
              <tr><td><b>Clase de Uso</b></td><td>Cultivo_Verde_Intensivo</td></tr>
              <tr bgcolor="#F8FAFC"><td><b>Solape Habitacional</b></td><td>0.00% (Segregado LADM)</td></tr>
              <tr><td><b>Lindero Vial</b></td><td>Infranqueable (Búfer LPIS 3.5m)</td></tr>
              <tr bgcolor="#F8FAFC"><td><b>Estándar Registral</b></td><td>✅ 100% Conforme ISO 19152</td></tr>
            </table>
          </div>
        ]]></description>
      <Polygon>
        <outerBoundaryIs><LinearRing>
          <coordinates>-78.76101851463318,-1.71785301009097,0 -78.76077175140381,-1.7179388021173425,0 -78.76071274280548,-1.7179388021173425,0 -78.76066982746124,-1.7179066301074528,0 -78.76056253910065,-1.717911992109101,0 -78.76056253910065,-1.7178851821008596,0 -78.76058399677277,-1.71785301009097,0 -78.76101851463318,-1.71785301009097,0</coordinates>
        </LinearRing></outerBoundaryIs>
      </Polygon>
      </Placemark>
      <Placemark>
        <name>UPA-231 (0.03 ha)</name>
        <styleUrl>#upa_wireframe_style</styleUrl>
        <description><![CDATA[
          <div style="font-family: Arial, sans-serif; font-size: 12px; color: #1E293B;">
            <h3 style="color: #0F766E; margin-bottom: 4px;">FICHA PREDIAL: UPA-231</h3>
            <table border="1" cellpadding="4" cellspacing="0" style="border-collapse: collapse; width: 100%; border-color: #CBD5E1;">
              <tr bgcolor="#F8FAFC"><td><b>Escenario</b></td><td>3_Valle_Agricola_Colta</td></tr>
              <tr><td><b>Superficie Útil</b></td><td><b>0.0288 ha</b> (288.3 m²)</td></tr>
              <tr bgcolor="#F8FAFC"><td><b>Vértices LADM</b></td><td>7 vértices (Conforme 4-10)</td></tr>
              <tr><td><b>Clase de Uso</b></td><td>Cultivo_Verde_Intensivo</td></tr>
              <tr bgcolor="#F8FAFC"><td><b>Solape Habitacional</b></td><td>0.00% (Segregado LADM)</td></tr>
              <tr><td><b>Lindero Vial</b></td><td>Infranqueable (Búfer LPIS 3.5m)</td></tr>
              <tr bgcolor="#F8FAFC"><td><b>Estándar Registral</b></td><td>✅ 100% Conforme ISO 19152</td></tr>
            </table>
          </div>
        ]]></description>
      <Polygon>
        <outerBoundaryIs><LinearRing>
          <coordinates>-78.76137256622314,-1.71785301009097,0 -78.76128137111664,-1.7179602501239357,0 -78.76120090484619,-1.7180299561453634,0 -78.76117408275604,-1.7179924221338254,0 -78.76117944717407,-1.7179548881222875,0 -78.76112043857574,-1.7178690960959149,0 -78.76112043857574,-1.71785301009097,0 -78.76137256622314,-1.71785301009097,0</coordinates>
        </LinearRing></outerBoundaryIs>
      </Polygon>
      </Placemark>
      <Placemark>
        <name>UPA-232 (0.03 ha)</name>
        <styleUrl>#upa_wireframe_style</styleUrl>
        <description><![CDATA[
          <div style="font-family: Arial, sans-serif; font-size: 12px; color: #1E293B;">
            <h3 style="color: #0F766E; margin-bottom: 4px;">FICHA PREDIAL: UPA-232</h3>
            <table border="1" cellpadding="4" cellspacing="0" style="border-collapse: collapse; width: 100%; border-color: #CBD5E1;">
              <tr bgcolor="#F8FAFC"><td><b>Escenario</b></td><td>3_Valle_Agricola_Colta</td></tr>
              <tr><td><b>Superficie Útil</b></td><td><b>0.0275 ha</b> (275.0 m²)</td></tr>
              <tr bgcolor="#F8FAFC"><td><b>Vértices LADM</b></td><td>6 vértices (Conforme 4-10)</td></tr>
              <tr><td><b>Clase de Uso</b></td><td>Cultivo_Verde_Intensivo</td></tr>
              <tr bgcolor="#F8FAFC"><td><b>Solape Habitacional</b></td><td>0.00% (Segregado LADM)</td></tr>
              <tr><td><b>Lindero Vial</b></td><td>Infranqueable (Búfer LPIS 3.5m)</td></tr>
              <tr bgcolor="#F8FAFC"><td><b>Estándar Registral</b></td><td>✅ 100% Conforme ISO 19152</td></tr>
            </table>
          </div>
        ]]></description>
      <Polygon>
        <outerBoundaryIs><LinearRing>
          <coordinates>-78.75909268856049,-1.7207699389876383,0 -78.75911951065063,-1.7207592149843418,0 -78.75940918922424,-1.7210702110799425,0 -78.75937700271606,-1.7210755730815908,0 -78.75920534133911,-1.7209468850420317,0 -78.75910341739655,-1.720839645009066,0 -78.75909268856049,-1.7207699389876383,0</coordinates>
        </LinearRing></outerBoundaryIs>
      </Polygon>
      </Placemark>
      <Placemark>
        <name>UPA-233 (0.03 ha)</name>
        <styleUrl>#upa_wireframe_style</styleUrl>
        <description><![CDATA[
          <div style="font-family: Arial, sans-serif; font-size: 12px; color: #1E293B;">
            <h3 style="color: #0F766E; margin-bottom: 4px;">FICHA PREDIAL: UPA-233</h3>
            <table border="1" cellpadding="4" cellspacing="0" style="border-collapse: collapse; width: 100%; border-color: #CBD5E1;">
              <tr bgcolor="#F8FAFC"><td><b>Escenario</b></td><td>3_Valle_Agricola_Colta</td></tr>
              <tr><td><b>Superficie Útil</b></td><td><b>0.0261 ha</b> (260.7 m²)</td></tr>
              <tr bgcolor="#F8FAFC"><td><b>Vértices LADM</b></td><td>8 vértices (Conforme 4-10)</td></tr>
              <tr><td><b>Clase de Uso</b></td><td>Cultivo_Verde_Intensivo</td></tr>
              <tr bgcolor="#F8FAFC"><td><b>Solape Habitacional</b></td><td>0.00% (Segregado LADM)</td></tr>
              <tr><td><b>Lindero Vial</b></td><td>Infranqueable (Búfer LPIS 3.5m)</td></tr>
              <tr bgcolor="#F8FAFC"><td><b>Estándar Registral</b></td><td>✅ 100% Conforme ISO 19152</td></tr>
            </table>
          </div>
        ]]></description>
      <Polygon>
        <outerBoundaryIs><LinearRing>
          <coordinates>-78.75854015350342,-1.7184589162772264,0 -78.75857770442963,-1.7184428302722816,0 -78.75872790813446,-1.7186090523233784,0 -78.75876545906067,-1.7186680343415097,0 -78.75873863697052,-1.7187055683530477,0 -78.75870645046234,-1.718694844349751,0 -78.75856697559357,-1.7185393463019507,0 -78.75853478908539,-1.718491088287116,0 -78.75854015350342,-1.7184589162772264,0</coordinates>
        </LinearRing></outerBoundaryIs>
      </Polygon>
      </Placemark>
      <Placemark>
        <name>UPA-234 (0.03 ha)</name>
        <styleUrl>#upa_wireframe_style</styleUrl>
        <description><![CDATA[
          <div style="font-family: Arial, sans-serif; font-size: 12px; color: #1E293B;">
            <h3 style="color: #0F766E; margin-bottom: 4px;">FICHA PREDIAL: UPA-234</h3>
            <table border="1" cellpadding="4" cellspacing="0" style="border-collapse: collapse; width: 100%; border-color: #CBD5E1;">
              <tr bgcolor="#F8FAFC"><td><b>Escenario</b></td><td>3_Valle_Agricola_Colta</td></tr>
              <tr><td><b>Superficie Útil</b></td><td><b>0.0255 ha</b> (255.3 m²)</td></tr>
              <tr bgcolor="#F8FAFC"><td><b>Vértices LADM</b></td><td>8 vértices (Conforme 4-10)</td></tr>
              <tr><td><b>Clase de Uso</b></td><td>Cultivo_Verde_Intensivo</td></tr>
              <tr bgcolor="#F8FAFC"><td><b>Solape Habitacional</b></td><td>0.00% (Segregado LADM)</td></tr>
              <tr><td><b>Lindero Vial</b></td><td>Infranqueable (Búfer LPIS 3.5m)</td></tr>
              <tr bgcolor="#F8FAFC"><td><b>Estándar Registral</b></td><td>✅ 100% Conforme ISO 19152</td></tr>
            </table>
          </div>
        ]]></description>
      <Polygon>
        <outerBoundaryIs><LinearRing>
          <coordinates>-78.75786423683167,-1.7199227427272088,0 -78.7579071521759,-1.719960276738747,0 -78.75795543193817,-1.71998172474534,0 -78.75801980495453,-1.7200299827601746,0 -78.75801980495453,-1.7200407067634713,0 -78.75792324542999,-1.7201372227931404,0 -78.75791251659393,-1.7201586707997336,0 -78.75786423683167,-1.7201318607914922,0 -78.75786423683167,-1.7199227427272088,0</coordinates>
        </LinearRing></outerBoundaryIs>
      </Polygon>
      </Placemark>
      <Placemark>
        <name>UPA-235 (0.02 ha)</name>
        <styleUrl>#upa_wireframe_style</styleUrl>
        <description><![CDATA[
          <div style="font-family: Arial, sans-serif; font-size: 12px; color: #1E293B;">
            <h3 style="color: #0F766E; margin-bottom: 4px;">FICHA PREDIAL: UPA-235</h3>
            <table border="1" cellpadding="4" cellspacing="0" style="border-collapse: collapse; width: 100%; border-color: #CBD5E1;">
              <tr bgcolor="#F8FAFC"><td><b>Escenario</b></td><td>3_Valle_Agricola_Colta</td></tr>
              <tr><td><b>Superficie Útil</b></td><td><b>0.0224 ha</b> (224.4 m²)</td></tr>
              <tr bgcolor="#F8FAFC"><td><b>Vértices LADM</b></td><td>9 vértices (Conforme 4-10)</td></tr>
              <tr><td><b>Clase de Uso</b></td><td>Pastizal_Mixto</td></tr>
              <tr bgcolor="#F8FAFC"><td><b>Solape Habitacional</b></td><td>0.00% (Segregado LADM)</td></tr>
              <tr><td><b>Lindero Vial</b></td><td>Infranqueable (Búfer LPIS 3.5m)</td></tr>
              <tr bgcolor="#F8FAFC"><td><b>Estándar Registral</b></td><td>✅ 100% Conforme ISO 19152</td></tr>
            </table>
          </div>
        ]]></description>
      <Polygon>
        <outerBoundaryIs><LinearRing>
          <coordinates>-78.7602299451828,-1.721156003106315,0 -78.76031577587128,-1.721064849078294,0 -78.76025140285492,-1.720968333048625,0 -78.76020312309265,-1.7209576090453285,0 -78.76018715120549,-1.7209872577603247,0 -78.76018715120549,-1.720987257760325,0 -78.76018676720129,-1.7209910001147344,0 -78.76017287261504,-1.7211264113077447,0 -78.76018702983856,-1.7211452791030184,0 -78.7602299451828,-1.721156003106315,0</coordinates>
        </LinearRing></outerBoundaryIs>
      </Polygon>
      </Placemark>
      <Placemark>
        <name>UPA-236 (0.02 ha)</name>
        <styleUrl>#upa_wireframe_style</styleUrl>
        <description><![CDATA[
          <div style="font-family: Arial, sans-serif; font-size: 12px; color: #1E293B;">
            <h3 style="color: #0F766E; margin-bottom: 4px;">FICHA PREDIAL: UPA-236</h3>
            <table border="1" cellpadding="4" cellspacing="0" style="border-collapse: collapse; width: 100%; border-color: #CBD5E1;">
              <tr bgcolor="#F8FAFC"><td><b>Escenario</b></td><td>3_Valle_Agricola_Colta</td></tr>
              <tr><td><b>Superficie Útil</b></td><td><b>0.0239 ha</b> (238.9 m²)</td></tr>
              <tr bgcolor="#F8FAFC"><td><b>Vértices LADM</b></td><td>8 vértices (Conforme 4-10)</td></tr>
              <tr><td><b>Clase de Uso</b></td><td>Suelo_Arado_Seco</td></tr>
              <tr bgcolor="#F8FAFC"><td><b>Solape Habitacional</b></td><td>0.00% (Segregado LADM)</td></tr>
              <tr><td><b>Lindero Vial</b></td><td>Infranqueable (Búfer LPIS 3.5m)</td></tr>
              <tr bgcolor="#F8FAFC"><td><b>Estándar Registral</b></td><td>✅ 100% Conforme ISO 19152</td></tr>
            </table>
          </div>
        ]]></description>
      <Polygon>
        <outerBoundaryIs><LinearRing>
          <coordinates>-78.7601763010025,-1.718491088287116,0 -78.76018702983856,-1.7185393463019507,0 -78.76017093658447,-1.718560794308544,0 -78.76014947891235,-1.7186787583448062,0 -78.76005828380585,-1.7187002063513994,0 -78.76000463962555,-1.7186680343415097,0 -78.75999927520752,-1.718657310338213,0 -78.76014947891235,-1.7185018122904128,0 -78.7601763010025,-1.718491088287116,0</coordinates>
        </LinearRing></outerBoundaryIs>
      </Polygon>
      </Placemark>
      <Placemark>
        <name>UPA-237 (0.02 ha)</name>
        <styleUrl>#upa_wireframe_style</styleUrl>
        <description><![CDATA[
          <div style="font-family: Arial, sans-serif; font-size: 12px; color: #1E293B;">
            <h3 style="color: #0F766E; margin-bottom: 4px;">FICHA PREDIAL: UPA-237</h3>
            <table border="1" cellpadding="4" cellspacing="0" style="border-collapse: collapse; width: 100%; border-color: #CBD5E1;">
              <tr bgcolor="#F8FAFC"><td><b>Escenario</b></td><td>3_Valle_Agricola_Colta</td></tr>
              <tr><td><b>Superficie Útil</b></td><td><b>0.0237 ha</b> (236.7 m²)</td></tr>
              <tr bgcolor="#F8FAFC"><td><b>Vértices LADM</b></td><td>7 vértices (Conforme 4-10)</td></tr>
              <tr><td><b>Clase de Uso</b></td><td>Cultivo_Verde_Intensivo</td></tr>
              <tr bgcolor="#F8FAFC"><td><b>Solape Habitacional</b></td><td>0.00% (Segregado LADM)</td></tr>
              <tr><td><b>Lindero Vial</b></td><td>Infranqueable (Búfer LPIS 3.5m)</td></tr>
              <tr bgcolor="#F8FAFC"><td><b>Estándar Registral</b></td><td>✅ 100% Conforme ISO 19152</td></tr>
            </table>
          </div>
        ]]></description>
      <Polygon>
        <outerBoundaryIs><LinearRing>
          <coordinates>-78.76044452190399,-1.7205876309315966,0 -78.76063764095306,-1.7207109569695072,0 -78.76063764095306,-1.7207431289793969,0 -78.76060545444489,-1.7207913869942315,0 -78.76058399677277,-1.7207913869942315,0 -78.76041769981384,-1.7206412509480793,0 -78.76041769981384,-1.7206198029414863,0 -78.76044452190399,-1.7205876309315966,0</coordinates>
        </LinearRing></outerBoundaryIs>
      </Polygon>
      </Placemark>
      <Placemark>
        <name>UPA-238 (0.02 ha)</name>
        <styleUrl>#upa_wireframe_style</styleUrl>
        <description><![CDATA[
          <div style="font-family: Arial, sans-serif; font-size: 12px; color: #1E293B;">
            <h3 style="color: #0F766E; margin-bottom: 4px;">FICHA PREDIAL: UPA-238</h3>
            <table border="1" cellpadding="4" cellspacing="0" style="border-collapse: collapse; width: 100%; border-color: #CBD5E1;">
              <tr bgcolor="#F8FAFC"><td><b>Escenario</b></td><td>3_Valle_Agricola_Colta</td></tr>
              <tr><td><b>Superficie Útil</b></td><td><b>0.0235 ha</b> (235.3 m²)</td></tr>
              <tr bgcolor="#F8FAFC"><td><b>Vértices LADM</b></td><td>6 vértices (Conforme 4-10)</td></tr>
              <tr><td><b>Clase de Uso</b></td><td>Pastizal_Mixto</td></tr>
              <tr bgcolor="#F8FAFC"><td><b>Solape Habitacional</b></td><td>0.00% (Segregado LADM)</td></tr>
              <tr><td><b>Lindero Vial</b></td><td>Infranqueable (Búfer LPIS 3.5m)</td></tr>
              <tr bgcolor="#F8FAFC"><td><b>Estándar Registral</b></td><td>✅ 100% Conforme ISO 19152</td></tr>
            </table>
          </div>
        ]]></description>
      <Polygon>
        <outerBoundaryIs><LinearRing>
          <coordinates>-78.76175880432129,-1.71785301009097,0 -78.76182854175568,-1.71785301009097,0 -78.76197874546051,-1.7179763361288805,0 -78.76215040683746,-1.7180728521585498,0 -78.76215040683746,-1.7181371961783292,0 -78.76205384731293,-1.718078214160198,0 -78.76175880432129,-1.71785301009097,0</coordinates>
        </LinearRing></outerBoundaryIs>
      </Polygon>
      </Placemark>
      <Placemark>
        <name>UPA-239 (0.02 ha)</name>
        <styleUrl>#upa_wireframe_style</styleUrl>
        <description><![CDATA[
          <div style="font-family: Arial, sans-serif; font-size: 12px; color: #1E293B;">
            <h3 style="color: #0F766E; margin-bottom: 4px;">FICHA PREDIAL: UPA-239</h3>
            <table border="1" cellpadding="4" cellspacing="0" style="border-collapse: collapse; width: 100%; border-color: #CBD5E1;">
              <tr bgcolor="#F8FAFC"><td><b>Escenario</b></td><td>3_Valle_Agricola_Colta</td></tr>
              <tr><td><b>Superficie Útil</b></td><td><b>0.0235 ha</b> (235.1 m²)</td></tr>
              <tr bgcolor="#F8FAFC"><td><b>Vértices LADM</b></td><td>7 vértices (Conforme 4-10)</td></tr>
              <tr><td><b>Clase de Uso</b></td><td>Pastizal_Mixto</td></tr>
              <tr bgcolor="#F8FAFC"><td><b>Solape Habitacional</b></td><td>0.00% (Segregado LADM)</td></tr>
              <tr><td><b>Lindero Vial</b></td><td>Infranqueable (Búfer LPIS 3.5m)</td></tr>
              <tr bgcolor="#F8FAFC"><td><b>Estándar Registral</b></td><td>✅ 100% Conforme ISO 19152</td></tr>
            </table>
          </div>
        ]]></description>
      <Polygon>
        <outerBoundaryIs><LinearRing>
          <coordinates>-78.7593287229538,-1.7205822689299481,0 -78.75937163829803,-1.720539372916762,0 -78.75943601131439,-1.7205500969200584,0 -78.75950038433075,-1.7206305269447828,0 -78.75949501991272,-1.7206787849596175,0 -78.75936090946198,-1.7206787849596175,0 -78.75931799411774,-1.720635888946431,0 -78.7593287229538,-1.7205822689299481,0</coordinates>
        </LinearRing></outerBoundaryIs>
      </Polygon>
      </Placemark>
      <Placemark>
        <name>UPA-240 (0.02 ha)</name>
        <styleUrl>#upa_wireframe_style</styleUrl>
        <description><![CDATA[
          <div style="font-family: Arial, sans-serif; font-size: 12px; color: #1E293B;">
            <h3 style="color: #0F766E; margin-bottom: 4px;">FICHA PREDIAL: UPA-240</h3>
            <table border="1" cellpadding="4" cellspacing="0" style="border-collapse: collapse; width: 100%; border-color: #CBD5E1;">
              <tr bgcolor="#F8FAFC"><td><b>Escenario</b></td><td>3_Valle_Agricola_Colta</td></tr>
              <tr><td><b>Superficie Útil</b></td><td><b>0.0229 ha</b> (229.3 m²)</td></tr>
              <tr bgcolor="#F8FAFC"><td><b>Vértices LADM</b></td><td>5 vértices (Conforme 4-10)</td></tr>
              <tr><td><b>Clase de Uso</b></td><td>Cultivo_Verde_Intensivo</td></tr>
              <tr bgcolor="#F8FAFC"><td><b>Solape Habitacional</b></td><td>0.00% (Segregado LADM)</td></tr>
              <tr><td><b>Lindero Vial</b></td><td>Infranqueable (Búfer LPIS 3.5m)</td></tr>
              <tr bgcolor="#F8FAFC"><td><b>Estándar Registral</b></td><td>✅ 100% Conforme ISO 19152</td></tr>
            </table>
          </div>
        ]]></description>
      <Polygon>
        <outerBoundaryIs><LinearRing>
          <coordinates>-78.76198947429657,-1.7189146864173308,0 -78.76203775405884,-1.7189683064338137,0 -78.76202702522278,-1.7190004784437034,0 -78.76183927059174,-1.7191613384931521,0 -78.76185536384583,-1.719048736458538,0 -78.76198947429657,-1.7189146864173308,0</coordinates>
        </LinearRing></outerBoundaryIs>
      </Polygon>
      </Placemark>
      <Placemark>
        <name>UPA-241 (0.02 ha)</name>
        <styleUrl>#upa_wireframe_style</styleUrl>
        <description><![CDATA[
          <div style="font-family: Arial, sans-serif; font-size: 12px; color: #1E293B;">
            <h3 style="color: #0F766E; margin-bottom: 4px;">FICHA PREDIAL: UPA-241</h3>
            <table border="1" cellpadding="4" cellspacing="0" style="border-collapse: collapse; width: 100%; border-color: #CBD5E1;">
              <tr bgcolor="#F8FAFC"><td><b>Escenario</b></td><td>3_Valle_Agricola_Colta</td></tr>
              <tr><td><b>Superficie Útil</b></td><td><b>0.0226 ha</b> (225.6 m²)</td></tr>
              <tr bgcolor="#F8FAFC"><td><b>Vértices LADM</b></td><td>8 vértices (Conforme 4-10)</td></tr>
              <tr><td><b>Clase de Uso</b></td><td>Cultivo_Verde_Intensivo</td></tr>
              <tr bgcolor="#F8FAFC"><td><b>Solape Habitacional</b></td><td>0.00% (Segregado LADM)</td></tr>
              <tr><td><b>Lindero Vial</b></td><td>Infranqueable (Búfer LPIS 3.5m)</td></tr>
              <tr bgcolor="#F8FAFC"><td><b>Estándar Registral</b></td><td>✅ 100% Conforme ISO 19152</td></tr>
            </table>
          </div>
        ]]></description>
      <Polygon>
        <outerBoundaryIs><LinearRing>
          <coordinates>-78.75859379768372,-1.7195098686002908,0 -78.75864207744598,-1.7194937825953458,0 -78.75872790813446,-1.7195474026118287,0 -78.75876009464264,-1.7195849366233669,0 -78.75876009464264,-1.719643918641498,0 -78.75871181488037,-1.719665366648091,0 -78.75865817070007,-1.7196385566398495,0 -78.75858843326569,-1.7195581266151254,0 -78.75859379768372,-1.7195098686002908,0</coordinates>
        </LinearRing></outerBoundaryIs>
      </Polygon>
      </Placemark>
      <Placemark>
        <name>UPA-242 (0.02 ha)</name>
        <styleUrl>#upa_wireframe_style</styleUrl>
        <description><![CDATA[
          <div style="font-family: Arial, sans-serif; font-size: 12px; color: #1E293B;">
            <h3 style="color: #0F766E; margin-bottom: 4px;">FICHA PREDIAL: UPA-242</h3>
            <table border="1" cellpadding="4" cellspacing="0" style="border-collapse: collapse; width: 100%; border-color: #CBD5E1;">
              <tr bgcolor="#F8FAFC"><td><b>Escenario</b></td><td>3_Valle_Agricola_Colta</td></tr>
              <tr><td><b>Superficie Útil</b></td><td><b>0.0222 ha</b> (221.9 m²)</td></tr>
              <tr bgcolor="#F8FAFC"><td><b>Vértices LADM</b></td><td>7 vértices (Conforme 4-10)</td></tr>
              <tr><td><b>Clase de Uso</b></td><td>Cultivo_Verde_Intensivo</td></tr>
              <tr bgcolor="#F8FAFC"><td><b>Solape Habitacional</b></td><td>0.00% (Segregado LADM)</td></tr>
              <tr><td><b>Lindero Vial</b></td><td>Infranqueable (Búfer LPIS 3.5m)</td></tr>
              <tr bgcolor="#F8FAFC"><td><b>Estándar Registral</b></td><td>✅ 100% Conforme ISO 19152</td></tr>
            </table>
          </div>
        ]]></description>
      <Polygon>
        <outerBoundaryIs><LinearRing>
          <coordinates>-78.76160323619843,-1.7219120453387236,0 -78.76157641410828,-1.7219174073403718,0 -78.7615442276001,-1.721976389358503,0 -78.76155495643616,-1.722088991393117,0 -78.76166760921478,-1.7220729053881723,0 -78.76167294554685,-1.7219608928930064,0 -78.76167216273241,-1.7219597422138508,0 -78.76160323619843,-1.7219120453387236,0</coordinates>
        </LinearRing></outerBoundaryIs>
      </Polygon>
      </Placemark>
    </Folder>
    <Folder>
      <name>🏠 Viviendas y Edificaciones (Relleno Translúcido)</name>
      <open>0</open>
    </Folder>
    <Folder>
      <name>🛣️ Red Vial Rural (Calles y Caminos de Terracería)</name>
      <open>0</open>
      <Placemark>
        <name>Eje_Vial_42</name>
        <styleUrl>#road_style</styleUrl>
        <description><![CDATA[
          <b>Eje Vial Rural Oficial (OSM / LPIS)</b><br/>
          Escenario: 3_Valle_Agricola_Colta<br/>
          Búfer de Infranqueabilidad: 3.5 metros<br/>
          Solape con UPAs: 0.00%
        ]]></description>
        <LineString>
          <coordinates>-78.7595148067838,-1.7221426114096,0 -78.7600607,-1.7215043,0 -78.7605599,-1.7208853,0 -78.7608033,-1.7205804,0</coordinates>
        </LineString>
      </Placemark>
    </Folder>
  </Folder>
  <Folder>
    <name>📍 Escenario: 4_Valle_Hortifruticola_Guano</name>
    <open>0</open>
    <Folder>
      <name>🌾 UPAs Agrícolas (Sin Relleno - Wireframe Puro)</name>
      <open>0</open>
      <Placemark>
        <name>UPA-243 (0.46 ha)</name>
        <styleUrl>#upa_wireframe_style</styleUrl>
        <description><![CDATA[
          <div style="font-family: Arial, sans-serif; font-size: 12px; color: #1E293B;">
            <h3 style="color: #0F766E; margin-bottom: 4px;">FICHA PREDIAL: UPA-243</h3>
            <table border="1" cellpadding="4" cellspacing="0" style="border-collapse: collapse; width: 100%; border-color: #CBD5E1;">
              <tr bgcolor="#F8FAFC"><td><b>Escenario</b></td><td>4_Valle_Hortifruticola_Guano</td></tr>
              <tr><td><b>Superficie Útil</b></td><td><b>0.4572 ha</b> (4571.5 m²)</td></tr>
              <tr bgcolor="#F8FAFC"><td><b>Vértices LADM</b></td><td>4 vértices (Conforme 4-10)</td></tr>
              <tr><td><b>Clase de Uso</b></td><td>Cultivo_Verde_Intensivo</td></tr>
              <tr bgcolor="#F8FAFC"><td><b>Solape Habitacional</b></td><td>0.00% (Segregado LADM)</td></tr>
              <tr><td><b>Lindero Vial</b></td><td>Infranqueable (Búfer LPIS 3.5m)</td></tr>
              <tr bgcolor="#F8FAFC"><td><b>Estándar Registral</b></td><td>✅ 100% Conforme ISO 19152</td></tr>
            </table>
          </div>
        ]]></description>
      <Polygon>
        <outerBoundaryIs><LinearRing>
          <coordinates>-78.64192843437195,-1.6043145718302352,0 -78.64175140857697,-1.6050170350677901,0 -78.64124178886414,-1.6048347163649133,0 -78.64120960235596,-1.6043467457189782,0 -78.64192843437195,-1.6043145718302352,0</coordinates>
        </LinearRing></outerBoundaryIs>
      </Polygon>
      </Placemark>
      <Placemark>
        <name>UPA-244 (0.34 ha)</name>
        <styleUrl>#upa_wireframe_style</styleUrl>
        <description><![CDATA[
          <div style="font-family: Arial, sans-serif; font-size: 12px; color: #1E293B;">
            <h3 style="color: #0F766E; margin-bottom: 4px;">FICHA PREDIAL: UPA-244</h3>
            <table border="1" cellpadding="4" cellspacing="0" style="border-collapse: collapse; width: 100%; border-color: #CBD5E1;">
              <tr bgcolor="#F8FAFC"><td><b>Escenario</b></td><td>4_Valle_Hortifruticola_Guano</td></tr>
              <tr><td><b>Superficie Útil</b></td><td><b>0.3352 ha</b> (3352.5 m²)</td></tr>
              <tr bgcolor="#F8FAFC"><td><b>Vértices LADM</b></td><td>8 vértices (Conforme 4-10)</td></tr>
              <tr><td><b>Clase de Uso</b></td><td>Cultivo_Verde_Intensivo</td></tr>
              <tr bgcolor="#F8FAFC"><td><b>Solape Habitacional</b></td><td>0.00% (Segregado LADM)</td></tr>
              <tr><td><b>Lindero Vial</b></td><td>Infranqueable (Búfer LPIS 3.5m)</td></tr>
              <tr bgcolor="#F8FAFC"><td><b>Estándar Registral</b></td><td>✅ 100% Conforme ISO 19152</td></tr>
            </table>
          </div>
        ]]></description>
      <Polygon>
        <outerBoundaryIs><LinearRing>
          <coordinates>-78.641397356987,-1.60371935488849,0 -78.6415582895279,-1.6035960216483087,0 -78.6418104171753,-1.6036281955370517,0 -78.64191770553589,-1.6042126878492158,0 -78.64164412021637,-1.6042234124787966,0 -78.64155292510986,-1.6040250068315483,0 -78.6414885520935,-1.6041966009048443,0 -78.64133298397064,-1.6041805139604728,0 -78.641397356987,-1.60371935488849,0</coordinates>
        </LinearRing></outerBoundaryIs>
      </Polygon>
      </Placemark>
      <Placemark>
        <name>UPA-245 (0.31 ha)</name>
        <styleUrl>#upa_wireframe_style</styleUrl>
        <description><![CDATA[
          <div style="font-family: Arial, sans-serif; font-size: 12px; color: #1E293B;">
            <h3 style="color: #0F766E; margin-bottom: 4px;">FICHA PREDIAL: UPA-245</h3>
            <table border="1" cellpadding="4" cellspacing="0" style="border-collapse: collapse; width: 100%; border-color: #CBD5E1;">
              <tr bgcolor="#F8FAFC"><td><b>Escenario</b></td><td>4_Valle_Hortifruticola_Guano</td></tr>
              <tr><td><b>Superficie Útil</b></td><td><b>0.3074 ha</b> (3073.9 m²)</td></tr>
              <tr bgcolor="#F8FAFC"><td><b>Vértices LADM</b></td><td>8 vértices (Conforme 4-10)</td></tr>
              <tr><td><b>Clase de Uso</b></td><td>Cultivo_Verde_Intensivo</td></tr>
              <tr bgcolor="#F8FAFC"><td><b>Solape Habitacional</b></td><td>0.00% (Segregado LADM)</td></tr>
              <tr><td><b>Lindero Vial</b></td><td>Infranqueable (Búfer LPIS 3.5m)</td></tr>
              <tr bgcolor="#F8FAFC"><td><b>Estándar Registral</b></td><td>✅ 100% Conforme ISO 19152</td></tr>
            </table>
          </div>
        ]]></description>
      <Polygon>
        <outerBoundaryIs><LinearRing>
          <coordinates>-78.64085555076599,-1.604389644237302,0 -78.64085018634796,-1.6047650062726369,0 -78.64078044891357,-1.6047810932170083,0 -78.64079117774963,-1.6050492089565331,0 -78.6407858133316,-1.6050223973825806,0 -78.64049077033997,-1.605027759697371,0 -78.64045321941376,-1.605059933586114,0 -78.6403888463974,-1.6044379050704165,0 -78.64085555076599,-1.604389644237302,0</coordinates>
        </LinearRing></outerBoundaryIs>
      </Polygon>
      </Placemark>
      <Placemark>
        <name>UPA-246 (0.15 ha)</name>
        <styleUrl>#upa_wireframe_style</styleUrl>
        <description><![CDATA[
          <div style="font-family: Arial, sans-serif; font-size: 12px; color: #1E293B;">
            <h3 style="color: #0F766E; margin-bottom: 4px;">FICHA PREDIAL: UPA-246</h3>
            <table border="1" cellpadding="4" cellspacing="0" style="border-collapse: collapse; width: 100%; border-color: #CBD5E1;">
              <tr bgcolor="#F8FAFC"><td><b>Escenario</b></td><td>4_Valle_Hortifruticola_Guano</td></tr>
              <tr><td><b>Superficie Útil</b></td><td><b>0.1478 ha</b> (1477.8 m²)</td></tr>
              <tr bgcolor="#F8FAFC"><td><b>Vértices LADM</b></td><td>6 vértices (Conforme 4-10)</td></tr>
              <tr><td><b>Clase de Uso</b></td><td>Cultivo_Verde_Intensivo</td></tr>
              <tr bgcolor="#F8FAFC"><td><b>Solape Habitacional</b></td><td>0.00% (Segregado LADM)</td></tr>
              <tr><td><b>Lindero Vial</b></td><td>Infranqueable (Búfer LPIS 3.5m)</td></tr>
              <tr bgcolor="#F8FAFC"><td><b>Estándar Registral</b></td><td>✅ 100% Conforme ISO 19152</td></tr>
            </table>
          </div>
        ]]></description>
      <Polygon>
        <outerBoundaryIs><LinearRing>
          <coordinates>-78.64074289798737,-1.6061270342294227,0 -78.64080727100372,-1.6061109472850512,0 -78.64102184772491,-1.606325439876671,0 -78.6410540342331,-1.606604280245777,0 -78.64101648330688,-1.6066525410788914,0 -78.6407858133316,-1.6066418164493104,0 -78.64074289798737,-1.6061270342294227,0</coordinates>
        </LinearRing></outerBoundaryIs>
      </Polygon>
      </Placemark>
      <Placemark>
        <name>UPA-247 (0.14 ha)</name>
        <styleUrl>#upa_wireframe_style</styleUrl>
        <description><![CDATA[
          <div style="font-family: Arial, sans-serif; font-size: 12px; color: #1E293B;">
            <h3 style="color: #0F766E; margin-bottom: 4px;">FICHA PREDIAL: UPA-247</h3>
            <table border="1" cellpadding="4" cellspacing="0" style="border-collapse: collapse; width: 100%; border-color: #CBD5E1;">
              <tr bgcolor="#F8FAFC"><td><b>Escenario</b></td><td>4_Valle_Hortifruticola_Guano</td></tr>
              <tr><td><b>Superficie Útil</b></td><td><b>0.1446 ha</b> (1446.4 m²)</td></tr>
              <tr bgcolor="#F8FAFC"><td><b>Vértices LADM</b></td><td>8 vértices (Conforme 4-10)</td></tr>
              <tr><td><b>Clase de Uso</b></td><td>Cultivo_Verde_Intensivo</td></tr>
              <tr bgcolor="#F8FAFC"><td><b>Solape Habitacional</b></td><td>0.00% (Segregado LADM)</td></tr>
              <tr><td><b>Lindero Vial</b></td><td>Infranqueable (Búfer LPIS 3.5m)</td></tr>
              <tr bgcolor="#F8FAFC"><td><b>Estándar Registral</b></td><td>✅ 100% Conforme ISO 19152</td></tr>
            </table>
          </div>
        ]]></description>
      <Polygon>
        <outerBoundaryIs><LinearRing>
          <coordinates>-78.63914430141449,-1.6028506598924297,0 -78.63912284374237,-1.603006167021354,0 -78.63909602165222,-1.6030437032248877,0 -78.63910675048828,-1.603145587205907,0 -78.63909065723419,-1.6031616741502785,0 -78.63872587680817,-1.6031295002615356,0 -78.63872051239014,-1.6028935584107538,0 -78.63870441913605,-1.6028506598924297,0 -78.63914430141449,-1.6028506598924297,0</coordinates>
        </LinearRing></outerBoundaryIs>
      </Polygon>
      </Placemark>
      <Placemark>
        <name>UPA-248 (0.14 ha)</name>
        <styleUrl>#upa_wireframe_style</styleUrl>
        <description><![CDATA[
          <div style="font-family: Arial, sans-serif; font-size: 12px; color: #1E293B;">
            <h3 style="color: #0F766E; margin-bottom: 4px;">FICHA PREDIAL: UPA-248</h3>
            <table border="1" cellpadding="4" cellspacing="0" style="border-collapse: collapse; width: 100%; border-color: #CBD5E1;">
              <tr bgcolor="#F8FAFC"><td><b>Escenario</b></td><td>4_Valle_Hortifruticola_Guano</td></tr>
              <tr><td><b>Superficie Útil</b></td><td><b>0.1415 ha</b> (1414.9 m²)</td></tr>
              <tr bgcolor="#F8FAFC"><td><b>Vértices LADM</b></td><td>6 vértices (Conforme 4-10)</td></tr>
              <tr><td><b>Clase de Uso</b></td><td>Cultivo_Verde_Intensivo</td></tr>
              <tr bgcolor="#F8FAFC"><td><b>Solape Habitacional</b></td><td>0.00% (Segregado LADM)</td></tr>
              <tr><td><b>Lindero Vial</b></td><td>Infranqueable (Búfer LPIS 3.5m)</td></tr>
              <tr bgcolor="#F8FAFC"><td><b>Estándar Registral</b></td><td>✅ 100% Conforme ISO 19152</td></tr>
            </table>
          </div>
        ]]></description>
      <Polygon>
        <outerBoundaryIs><LinearRing>
          <coordinates>-78.63978803157806,-1.6032367465573454,0 -78.63979876041412,-1.6034673260933368,0 -78.63964855670929,-1.603526311556032,0 -78.63936960697174,-1.6035423985004036,0 -78.63936424255371,-1.6034297898898033,0 -78.63942861557007,-1.6032421088721358,0 -78.63978803157806,-1.6032367465573454,0</coordinates>
        </LinearRing></outerBoundaryIs>
      </Polygon>
      </Placemark>
      <Placemark>
        <name>UPA-249 (0.14 ha)</name>
        <styleUrl>#upa_wireframe_style</styleUrl>
        <description><![CDATA[
          <div style="font-family: Arial, sans-serif; font-size: 12px; color: #1E293B;">
            <h3 style="color: #0F766E; margin-bottom: 4px;">FICHA PREDIAL: UPA-249</h3>
            <table border="1" cellpadding="4" cellspacing="0" style="border-collapse: collapse; width: 100%; border-color: #CBD5E1;">
              <tr bgcolor="#F8FAFC"><td><b>Escenario</b></td><td>4_Valle_Hortifruticola_Guano</td></tr>
              <tr><td><b>Superficie Útil</b></td><td><b>0.1396 ha</b> (1395.7 m²)</td></tr>
              <tr bgcolor="#F8FAFC"><td><b>Vértices LADM</b></td><td>7 vértices (Conforme 4-10)</td></tr>
              <tr><td><b>Clase de Uso</b></td><td>Cultivo_Verde_Intensivo</td></tr>
              <tr bgcolor="#F8FAFC"><td><b>Solape Habitacional</b></td><td>0.00% (Segregado LADM)</td></tr>
              <tr><td><b>Lindero Vial</b></td><td>Infranqueable (Búfer LPIS 3.5m)</td></tr>
              <tr bgcolor="#F8FAFC"><td><b>Estándar Registral</b></td><td>✅ 100% Conforme ISO 19152</td></tr>
            </table>
          </div>
        ]]></description>
      <Polygon>
        <outerBoundaryIs><LinearRing>
          <coordinates>-78.63922476768494,-1.603837325813881,0 -78.63933742046356,-1.603901673591367,0 -78.63938570022583,-1.603998195257596,0 -78.63925695419312,-1.6043789196077212,0 -78.63914430141449,-1.6044057311816735,0 -78.6390370130539,-1.604357470348559,0 -78.6390370130539,-1.604303847200654,0 -78.63922476768494,-1.603837325813881,0</coordinates>
        </LinearRing></outerBoundaryIs>
      </Polygon>
      </Placemark>
      <Placemark>
        <name>UPA-250 (0.12 ha)</name>
        <styleUrl>#upa_wireframe_style</styleUrl>
        <description><![CDATA[
          <div style="font-family: Arial, sans-serif; font-size: 12px; color: #1E293B;">
            <h3 style="color: #0F766E; margin-bottom: 4px;">FICHA PREDIAL: UPA-250</h3>
            <table border="1" cellpadding="4" cellspacing="0" style="border-collapse: collapse; width: 100%; border-color: #CBD5E1;">
              <tr bgcolor="#F8FAFC"><td><b>Escenario</b></td><td>4_Valle_Hortifruticola_Guano</td></tr>
              <tr><td><b>Superficie Útil</b></td><td><b>0.1230 ha</b> (1229.8 m²)</td></tr>
              <tr bgcolor="#F8FAFC"><td><b>Vértices LADM</b></td><td>5 vértices (Conforme 4-10)</td></tr>
              <tr><td><b>Clase de Uso</b></td><td>Cultivo_Verde_Intensivo</td></tr>
              <tr bgcolor="#F8FAFC"><td><b>Solape Habitacional</b></td><td>0.00% (Segregado LADM)</td></tr>
              <tr><td><b>Lindero Vial</b></td><td>Infranqueable (Búfer LPIS 3.5m)</td></tr>
              <tr bgcolor="#F8FAFC"><td><b>Estándar Registral</b></td><td>✅ 100% Conforme ISO 19152</td></tr>
            </table>
          </div>
        ]]></description>
      <Polygon>
        <outerBoundaryIs><LinearRing>
          <coordinates>-78.63803386688232,-1.60577312145325,0 -78.63803386688232,-1.6056283389539066,0 -78.63837718963623,-1.6055693534912112,0 -78.63875806331635,-1.6056497882130687,0 -78.63877415657043,-1.605708773675764,0 -78.63803386688232,-1.60577312145325,0</coordinates>
        </LinearRing></outerBoundaryIs>
      </Polygon>
      </Placemark>
      <Placemark>
        <name>UPA-251 (0.12 ha)</name>
        <styleUrl>#upa_wireframe_style</styleUrl>
        <description><![CDATA[
          <div style="font-family: Arial, sans-serif; font-size: 12px; color: #1E293B;">
            <h3 style="color: #0F766E; margin-bottom: 4px;">FICHA PREDIAL: UPA-251</h3>
            <table border="1" cellpadding="4" cellspacing="0" style="border-collapse: collapse; width: 100%; border-color: #CBD5E1;">
              <tr bgcolor="#F8FAFC"><td><b>Escenario</b></td><td>4_Valle_Hortifruticola_Guano</td></tr>
              <tr><td><b>Superficie Útil</b></td><td><b>0.1212 ha</b> (1211.6 m²)</td></tr>
              <tr bgcolor="#F8FAFC"><td><b>Vértices LADM</b></td><td>7 vértices (Conforme 4-10)</td></tr>
              <tr><td><b>Clase de Uso</b></td><td>Cultivo_Verde_Intensivo</td></tr>
              <tr bgcolor="#F8FAFC"><td><b>Solape Habitacional</b></td><td>0.00% (Segregado LADM)</td></tr>
              <tr><td><b>Lindero Vial</b></td><td>Infranqueable (Búfer LPIS 3.5m)</td></tr>
              <tr bgcolor="#F8FAFC"><td><b>Estándar Registral</b></td><td>✅ 100% Conforme ISO 19152</td></tr>
            </table>
          </div>
        ]]></description>
      <Polygon>
        <outerBoundaryIs><LinearRing>
          <coordinates>-78.63958954811096,-1.60598761404487,0 -78.63961100578308,-1.606325439876671,0 -78.63945543766022,-1.6063629760802045,0 -78.63926231861115,-1.6063361645062522,0 -78.63926231861115,-1.6062235558956517,0 -78.63935887813568,-1.6061484834885849,0 -78.63939642906189,-1.605998338674451,0 -78.63958954811096,-1.60598761404487,0</coordinates>
        </LinearRing></outerBoundaryIs>
      </Polygon>
      </Placemark>
      <Placemark>
        <name>UPA-252 (0.12 ha)</name>
        <styleUrl>#upa_wireframe_style</styleUrl>
        <description><![CDATA[
          <div style="font-family: Arial, sans-serif; font-size: 12px; color: #1E293B;">
            <h3 style="color: #0F766E; margin-bottom: 4px;">FICHA PREDIAL: UPA-252</h3>
            <table border="1" cellpadding="4" cellspacing="0" style="border-collapse: collapse; width: 100%; border-color: #CBD5E1;">
              <tr bgcolor="#F8FAFC"><td><b>Escenario</b></td><td>4_Valle_Hortifruticola_Guano</td></tr>
              <tr><td><b>Superficie Útil</b></td><td><b>0.1158 ha</b> (1158.3 m²)</td></tr>
              <tr bgcolor="#F8FAFC"><td><b>Vértices LADM</b></td><td>8 vértices (Conforme 4-10)</td></tr>
              <tr><td><b>Clase de Uso</b></td><td>Cultivo_Verde_Intensivo</td></tr>
              <tr bgcolor="#F8FAFC"><td><b>Solape Habitacional</b></td><td>0.00% (Segregado LADM)</td></tr>
              <tr><td><b>Lindero Vial</b></td><td>Infranqueable (Búfer LPIS 3.5m)</td></tr>
              <tr bgcolor="#F8FAFC"><td><b>Estándar Registral</b></td><td>✅ 100% Conforme ISO 19152</td></tr>
            </table>
          </div>
        ]]></description>
      <Polygon>
        <outerBoundaryIs><LinearRing>
          <coordinates>-78.63840937614441,-1.6068777583000922,0 -78.63857567310333,-1.6068670336705113,0 -78.63868296146393,-1.6069421060775781,0 -78.63883852958679,-1.6068884829296732,0 -78.63883852958679,-1.607102975521293,0 -78.63848447799683,-1.607135149410036,0 -78.63847374916077,-1.6070547146881786,0 -78.63837718963623,-1.6070493523733882,0 -78.63840937614441,-1.6068777583000922,0</coordinates>
        </LinearRing></outerBoundaryIs>
      </Polygon>
      </Placemark>
      <Placemark>
        <name>UPA-253 (0.11 ha)</name>
        <styleUrl>#upa_wireframe_style</styleUrl>
        <description><![CDATA[
          <div style="font-family: Arial, sans-serif; font-size: 12px; color: #1E293B;">
            <h3 style="color: #0F766E; margin-bottom: 4px;">FICHA PREDIAL: UPA-253</h3>
            <table border="1" cellpadding="4" cellspacing="0" style="border-collapse: collapse; width: 100%; border-color: #CBD5E1;">
              <tr bgcolor="#F8FAFC"><td><b>Escenario</b></td><td>4_Valle_Hortifruticola_Guano</td></tr>
              <tr><td><b>Superficie Útil</b></td><td><b>0.1145 ha</b> (1145.1 m²)</td></tr>
              <tr bgcolor="#F8FAFC"><td><b>Vértices LADM</b></td><td>6 vértices (Conforme 4-10)</td></tr>
              <tr><td><b>Clase de Uso</b></td><td>Pastizal_Mixto</td></tr>
              <tr bgcolor="#F8FAFC"><td><b>Solape Habitacional</b></td><td>0.00% (Segregado LADM)</td></tr>
              <tr><td><b>Lindero Vial</b></td><td>Infranqueable (Búfer LPIS 3.5m)</td></tr>
              <tr bgcolor="#F8FAFC"><td><b>Estándar Registral</b></td><td>✅ 100% Conforme ISO 19152</td></tr>
            </table>
          </div>
        ]]></description>
      <Polygon>
        <outerBoundaryIs><LinearRing>
          <coordinates>-78.64197671413422,-1.603113413317164,0 -78.64199817180634,-1.603231384242555,0 -78.64199817180634,-1.6034083406306412,0 -78.64169776439667,-1.6034297898898033,0 -78.64167630672455,-1.6032260219277643,0 -78.64168703556061,-1.603124137946745,0 -78.64197671413422,-1.603113413317164,0</coordinates>
        </LinearRing></outerBoundaryIs>
      </Polygon>
      </Placemark>
      <Placemark>
        <name>UPA-254 (0.11 ha)</name>
        <styleUrl>#upa_wireframe_style</styleUrl>
        <description><![CDATA[
          <div style="font-family: Arial, sans-serif; font-size: 12px; color: #1E293B;">
            <h3 style="color: #0F766E; margin-bottom: 4px;">FICHA PREDIAL: UPA-254</h3>
            <table border="1" cellpadding="4" cellspacing="0" style="border-collapse: collapse; width: 100%; border-color: #CBD5E1;">
              <tr bgcolor="#F8FAFC"><td><b>Escenario</b></td><td>4_Valle_Hortifruticola_Guano</td></tr>
              <tr><td><b>Superficie Útil</b></td><td><b>0.1138 ha</b> (1138.0 m²)</td></tr>
              <tr bgcolor="#F8FAFC"><td><b>Vértices LADM</b></td><td>8 vértices (Conforme 4-10)</td></tr>
              <tr><td><b>Clase de Uso</b></td><td>Cultivo_Verde_Intensivo</td></tr>
              <tr bgcolor="#F8FAFC"><td><b>Solape Habitacional</b></td><td>0.00% (Segregado LADM)</td></tr>
              <tr><td><b>Lindero Vial</b></td><td>Infranqueable (Búfer LPIS 3.5m)</td></tr>
              <tr bgcolor="#F8FAFC"><td><b>Estándar Registral</b></td><td>✅ 100% Conforme ISO 19152</td></tr>
            </table>
          </div>
        ]]></description>
      <Polygon>
        <outerBoundaryIs><LinearRing>
          <coordinates>-78.64197134971619,-1.6051510929375525,0 -78.64197134971619,-1.6053870347883343,0 -78.64192306995392,-1.6054352956214488,0 -78.64182114601135,-1.6054406579362392,0 -78.64176213741302,-1.6053280493256388,0 -78.64166021347046,-1.6054031217327058,0 -78.64162266254425,-1.6051242813636,0 -78.64193379878998,-1.6051135567340191,0 -78.64197134971619,-1.6051510929375525,0</coordinates>
        </LinearRing></outerBoundaryIs>
      </Polygon>
      </Placemark>
      <Placemark>
        <name>UPA-255 (0.11 ha)</name>
        <styleUrl>#upa_wireframe_style</styleUrl>
        <description><![CDATA[
          <div style="font-family: Arial, sans-serif; font-size: 12px; color: #1E293B;">
            <h3 style="color: #0F766E; margin-bottom: 4px;">FICHA PREDIAL: UPA-255</h3>
            <table border="1" cellpadding="4" cellspacing="0" style="border-collapse: collapse; width: 100%; border-color: #CBD5E1;">
              <tr bgcolor="#F8FAFC"><td><b>Escenario</b></td><td>4_Valle_Hortifruticola_Guano</td></tr>
              <tr><td><b>Superficie Útil</b></td><td><b>0.1094 ha</b> (1093.9 m²)</td></tr>
              <tr bgcolor="#F8FAFC"><td><b>Vértices LADM</b></td><td>6 vértices (Conforme 4-10)</td></tr>
              <tr><td><b>Clase de Uso</b></td><td>Cultivo_Verde_Intensivo</td></tr>
              <tr bgcolor="#F8FAFC"><td><b>Solape Habitacional</b></td><td>0.00% (Segregado LADM)</td></tr>
              <tr><td><b>Lindero Vial</b></td><td>Infranqueable (Búfer LPIS 3.5m)</td></tr>
              <tr bgcolor="#F8FAFC"><td><b>Estándar Registral</b></td><td>✅ 100% Conforme ISO 19152</td></tr>
            </table>
          </div>
        ]]></description>
      <Polygon>
        <outerBoundaryIs><LinearRing>
          <coordinates>-78.63919258117676,-1.6053066000664769,0 -78.63918721675873,-1.6055639911764208,0 -78.63916039466858,-1.6055479042320493,0 -78.63913893699646,-1.6055693534912112,0 -78.63886535167694,-1.6055800781207923,0 -78.63883316516876,-1.605317324696058,0 -78.63919258117676,-1.6053066000664769,0</coordinates>
        </LinearRing></outerBoundaryIs>
      </Polygon>
      </Placemark>
      <Placemark>
        <name>UPA-256 (0.11 ha)</name>
        <styleUrl>#upa_wireframe_style</styleUrl>
        <description><![CDATA[
          <div style="font-family: Arial, sans-serif; font-size: 12px; color: #1E293B;">
            <h3 style="color: #0F766E; margin-bottom: 4px;">FICHA PREDIAL: UPA-256</h3>
            <table border="1" cellpadding="4" cellspacing="0" style="border-collapse: collapse; width: 100%; border-color: #CBD5E1;">
              <tr bgcolor="#F8FAFC"><td><b>Escenario</b></td><td>4_Valle_Hortifruticola_Guano</td></tr>
              <tr><td><b>Superficie Útil</b></td><td><b>0.1079 ha</b> (1078.5 m²)</td></tr>
              <tr bgcolor="#F8FAFC"><td><b>Vértices LADM</b></td><td>8 vértices (Conforme 4-10)</td></tr>
              <tr><td><b>Clase de Uso</b></td><td>Cultivo_Verde_Intensivo</td></tr>
              <tr bgcolor="#F8FAFC"><td><b>Solape Habitacional</b></td><td>0.00% (Segregado LADM)</td></tr>
              <tr><td><b>Lindero Vial</b></td><td>Infranqueable (Búfer LPIS 3.5m)</td></tr>
              <tr bgcolor="#F8FAFC"><td><b>Estándar Registral</b></td><td>✅ 100% Conforme ISO 19152</td></tr>
            </table>
          </div>
        ]]></description>
      <Polygon>
        <outerBoundaryIs><LinearRing>
          <coordinates>-78.64026546478271,-1.6063308021914615,0 -78.64031374454498,-1.6065613817274529,0 -78.64042639732361,-1.6065613817274529,0 -78.64041566848755,-1.6066203671901484,0 -78.64038348197937,-1.6065774686718244,0 -78.64034056663513,-1.6066739903380534,0 -78.64006161689758,-1.6066793526528438,0 -78.64006698131561,-1.6063361645062522,0 -78.64026546478271,-1.6063308021914615,0</coordinates>
        </LinearRing></outerBoundaryIs>
      </Polygon>
      </Placemark>
      <Placemark>
        <name>UPA-257 (0.10 ha)</name>
        <styleUrl>#upa_wireframe_style</styleUrl>
        <description><![CDATA[
          <div style="font-family: Arial, sans-serif; font-size: 12px; color: #1E293B;">
            <h3 style="color: #0F766E; margin-bottom: 4px;">FICHA PREDIAL: UPA-257</h3>
            <table border="1" cellpadding="4" cellspacing="0" style="border-collapse: collapse; width: 100%; border-color: #CBD5E1;">
              <tr bgcolor="#F8FAFC"><td><b>Escenario</b></td><td>4_Valle_Hortifruticola_Guano</td></tr>
              <tr><td><b>Superficie Útil</b></td><td><b>0.1041 ha</b> (1041.3 m²)</td></tr>
              <tr bgcolor="#F8FAFC"><td><b>Vértices LADM</b></td><td>7 vértices (Conforme 4-10)</td></tr>
              <tr><td><b>Clase de Uso</b></td><td>Cultivo_Verde_Intensivo</td></tr>
              <tr bgcolor="#F8FAFC"><td><b>Solape Habitacional</b></td><td>0.00% (Segregado LADM)</td></tr>
              <tr><td><b>Lindero Vial</b></td><td>Infranqueable (Búfer LPIS 3.5m)</td></tr>
              <tr bgcolor="#F8FAFC"><td><b>Estándar Registral</b></td><td>✅ 100% Conforme ISO 19152</td></tr>
            </table>
          </div>
        ]]></description>
      <Polygon>
        <outerBoundaryIs><LinearRing>
          <coordinates>-78.64018499851227,-1.6040893546090342,0 -78.64020109176636,-1.6041966009048443,0 -78.64007234573364,-1.604293122571073,0 -78.63977193832397,-1.604357470348559,0 -78.63978266716003,-1.6041322531273583,0 -78.64000797271729,-1.6040679053498723,0 -78.64005088806152,-1.6041108038681962,0 -78.64018499851227,-1.6040893546090342,0</coordinates>
        </LinearRing></outerBoundaryIs>
      </Polygon>
      </Placemark>
      <Placemark>
        <name>UPA-258 (0.10 ha)</name>
        <styleUrl>#upa_wireframe_style</styleUrl>
        <description><![CDATA[
          <div style="font-family: Arial, sans-serif; font-size: 12px; color: #1E293B;">
            <h3 style="color: #0F766E; margin-bottom: 4px;">FICHA PREDIAL: UPA-258</h3>
            <table border="1" cellpadding="4" cellspacing="0" style="border-collapse: collapse; width: 100%; border-color: #CBD5E1;">
              <tr bgcolor="#F8FAFC"><td><b>Escenario</b></td><td>4_Valle_Hortifruticola_Guano</td></tr>
              <tr><td><b>Superficie Útil</b></td><td><b>0.1018 ha</b> (1018.3 m²)</td></tr>
              <tr bgcolor="#F8FAFC"><td><b>Vértices LADM</b></td><td>7 vértices (Conforme 4-10)</td></tr>
              <tr><td><b>Clase de Uso</b></td><td>Cultivo_Verde_Intensivo</td></tr>
              <tr bgcolor="#F8FAFC"><td><b>Solape Habitacional</b></td><td>0.00% (Segregado LADM)</td></tr>
              <tr><td><b>Lindero Vial</b></td><td>Infranqueable (Búfer LPIS 3.5m)</td></tr>
              <tr bgcolor="#F8FAFC"><td><b>Estándar Registral</b></td><td>✅ 100% Conforme ISO 19152</td></tr>
            </table>
          </div>
        ]]></description>
      <Polygon>
        <outerBoundaryIs><LinearRing>
          <coordinates>-78.63981485366821,-1.6063200775618807,0 -78.63989531993866,-1.6062664544139758,0 -78.63984704017639,-1.6061592081181657,0 -78.64007771015167,-1.6060841357110989,0 -78.64014208316803,-1.6061645704329564,0 -78.64042639732361,-1.6062181935808613,0 -78.64040493965149,-1.606293265987928,0 -78.63981485366821,-1.6063200775618807,0</coordinates>
        </LinearRing></outerBoundaryIs>
      </Polygon>
      </Placemark>
      <Placemark>
        <name>UPA-259 (0.10 ha)</name>
        <styleUrl>#upa_wireframe_style</styleUrl>
        <description><![CDATA[
          <div style="font-family: Arial, sans-serif; font-size: 12px; color: #1E293B;">
            <h3 style="color: #0F766E; margin-bottom: 4px;">FICHA PREDIAL: UPA-259</h3>
            <table border="1" cellpadding="4" cellspacing="0" style="border-collapse: collapse; width: 100%; border-color: #CBD5E1;">
              <tr bgcolor="#F8FAFC"><td><b>Escenario</b></td><td>4_Valle_Hortifruticola_Guano</td></tr>
              <tr><td><b>Superficie Útil</b></td><td><b>0.1003 ha</b> (1002.8 m²)</td></tr>
              <tr bgcolor="#F8FAFC"><td><b>Vértices LADM</b></td><td>8 vértices (Conforme 4-10)</td></tr>
              <tr><td><b>Clase de Uso</b></td><td>Cultivo_Verde_Intensivo</td></tr>
              <tr bgcolor="#F8FAFC"><td><b>Solape Habitacional</b></td><td>0.00% (Segregado LADM)</td></tr>
              <tr><td><b>Lindero Vial</b></td><td>Infranqueable (Búfer LPIS 3.5m)</td></tr>
              <tr bgcolor="#F8FAFC"><td><b>Estándar Registral</b></td><td>✅ 100% Conforme ISO 19152</td></tr>
            </table>
          </div>
        ]]></description>
      <Polygon>
        <outerBoundaryIs><LinearRing>
          <coordinates>-78.64076435565948,-1.6028560222072201,0 -78.64071607589722,-1.602973993132611,0 -78.64058196544647,-1.6029954423917732,0 -78.6404800415039,-1.6030758771136304,0 -78.64040493965149,-1.6030437032248877,0 -78.64032983779907,-1.6031187756319545,0 -78.64029228687286,-1.6030973263727926,0 -78.6402815580368,-1.6028560222072201,0 -78.64076435565948,-1.6028560222072201,0</coordinates>
        </LinearRing></outerBoundaryIs>
      </Polygon>
      </Placemark>
      <Placemark>
        <name>UPA-260 (0.09 ha)</name>
        <styleUrl>#upa_wireframe_style</styleUrl>
        <description><![CDATA[
          <div style="font-family: Arial, sans-serif; font-size: 12px; color: #1E293B;">
            <h3 style="color: #0F766E; margin-bottom: 4px;">FICHA PREDIAL: UPA-260</h3>
            <table border="1" cellpadding="4" cellspacing="0" style="border-collapse: collapse; width: 100%; border-color: #CBD5E1;">
              <tr bgcolor="#F8FAFC"><td><b>Escenario</b></td><td>4_Valle_Hortifruticola_Guano</td></tr>
              <tr><td><b>Superficie Útil</b></td><td><b>0.0865 ha</b> (864.7 m²)</td></tr>
              <tr bgcolor="#F8FAFC"><td><b>Vértices LADM</b></td><td>6 vértices (Conforme 4-10)</td></tr>
              <tr><td><b>Clase de Uso</b></td><td>Pastizal_Mixto</td></tr>
              <tr bgcolor="#F8FAFC"><td><b>Solape Habitacional</b></td><td>0.00% (Segregado LADM)</td></tr>
              <tr><td><b>Lindero Vial</b></td><td>Infranqueable (Búfer LPIS 3.5m)</td></tr>
              <tr bgcolor="#F8FAFC"><td><b>Estándar Registral</b></td><td>✅ 100% Conforme ISO 19152</td></tr>
            </table>
          </div>
        ]]></description>
      <Polygon>
        <outerBoundaryIs><LinearRing>
          <coordinates>-78.63927483558655,-1.6031509495206975,0 -78.63942861557007,-1.6031402248911164,0 -78.63914430141449,-1.6029793554474017,0 -78.63916575908661,-1.6028506598924297,0 -78.63949835300446,-1.6028506598924297,0 -78.6394339799881,-1.6031509495206975,0 -78.63927483558655,-1.6031509495206975,0</coordinates>
        </LinearRing></outerBoundaryIs>
      </Polygon>
      </Placemark>
      <Placemark>
        <name>UPA-261 (0.09 ha)</name>
        <styleUrl>#upa_wireframe_style</styleUrl>
        <description><![CDATA[
          <div style="font-family: Arial, sans-serif; font-size: 12px; color: #1E293B;">
            <h3 style="color: #0F766E; margin-bottom: 4px;">FICHA PREDIAL: UPA-261</h3>
            <table border="1" cellpadding="4" cellspacing="0" style="border-collapse: collapse; width: 100%; border-color: #CBD5E1;">
              <tr bgcolor="#F8FAFC"><td><b>Escenario</b></td><td>4_Valle_Hortifruticola_Guano</td></tr>
              <tr><td><b>Superficie Útil</b></td><td><b>0.0863 ha</b> (862.8 m²)</td></tr>
              <tr bgcolor="#F8FAFC"><td><b>Vértices LADM</b></td><td>8 vértices (Conforme 4-10)</td></tr>
              <tr><td><b>Clase de Uso</b></td><td>Cultivo_Verde_Intensivo</td></tr>
              <tr bgcolor="#F8FAFC"><td><b>Solape Habitacional</b></td><td>0.00% (Segregado LADM)</td></tr>
              <tr><td><b>Lindero Vial</b></td><td>Infranqueable (Búfer LPIS 3.5m)</td></tr>
              <tr bgcolor="#F8FAFC"><td><b>Estándar Registral</b></td><td>✅ 100% Conforme ISO 19152</td></tr>
            </table>
          </div>
        ]]></description>
      <Polygon>
        <outerBoundaryIs><LinearRing>
          <coordinates>-78.63925695419312,-1.6068455844113492,0 -78.63926231861115,-1.6070225407994356,0 -78.63935887813568,-1.6070654393177597,0 -78.63936424255371,-1.607135149410036,0 -78.63894045352936,-1.607135149410036,0 -78.6390209197998,-1.6069689176515307,0 -78.63916039466858,-1.6069421060775781,0 -78.63916039466858,-1.6068402220965587,0 -78.63925695419312,-1.6068455844113492,0</coordinates>
        </LinearRing></outerBoundaryIs>
      </Polygon>
      </Placemark>
      <Placemark>
        <name>UPA-262 (0.08 ha)</name>
        <styleUrl>#upa_wireframe_style</styleUrl>
        <description><![CDATA[
          <div style="font-family: Arial, sans-serif; font-size: 12px; color: #1E293B;">
            <h3 style="color: #0F766E; margin-bottom: 4px;">FICHA PREDIAL: UPA-262</h3>
            <table border="1" cellpadding="4" cellspacing="0" style="border-collapse: collapse; width: 100%; border-color: #CBD5E1;">
              <tr bgcolor="#F8FAFC"><td><b>Escenario</b></td><td>4_Valle_Hortifruticola_Guano</td></tr>
              <tr><td><b>Superficie Útil</b></td><td><b>0.0842 ha</b> (842.4 m²)</td></tr>
              <tr bgcolor="#F8FAFC"><td><b>Vértices LADM</b></td><td>9 vértices (Conforme 4-10)</td></tr>
              <tr><td><b>Clase de Uso</b></td><td>Pastizal_Mixto</td></tr>
              <tr bgcolor="#F8FAFC"><td><b>Solape Habitacional</b></td><td>0.00% (Segregado LADM)</td></tr>
              <tr><td><b>Lindero Vial</b></td><td>Infranqueable (Búfer LPIS 3.5m)</td></tr>
              <tr bgcolor="#F8FAFC"><td><b>Estándar Registral</b></td><td>✅ 100% Conforme ISO 19152</td></tr>
            </table>
          </div>
        ]]></description>
      <Polygon>
        <outerBoundaryIs><LinearRing>
          <coordinates>-78.63929986953735,-1.603590659333518,0 -78.63929450511932,-1.6036657317405851,0 -78.63976657390594,-1.6036710940553756,0 -78.63983631134033,-1.6035423985004036,0 -78.63980412483215,-1.6034994999820797,0 -78.6396739499991,-1.6035163395320358,0 -78.63964855670929,-1.603526311556032,0 -78.6395552801409,-1.6035316907866421,0 -78.63934814929962,-1.603558485444775,0 -78.63929986953735,-1.603590659333518,0</coordinates>
        </LinearRing></outerBoundaryIs>
      </Polygon>
      </Placemark>
      <Placemark>
        <name>UPA-263 (0.08 ha)</name>
        <styleUrl>#upa_wireframe_style</styleUrl>
        <description><![CDATA[
          <div style="font-family: Arial, sans-serif; font-size: 12px; color: #1E293B;">
            <h3 style="color: #0F766E; margin-bottom: 4px;">FICHA PREDIAL: UPA-263</h3>
            <table border="1" cellpadding="4" cellspacing="0" style="border-collapse: collapse; width: 100%; border-color: #CBD5E1;">
              <tr bgcolor="#F8FAFC"><td><b>Escenario</b></td><td>4_Valle_Hortifruticola_Guano</td></tr>
              <tr><td><b>Superficie Útil</b></td><td><b>0.0821 ha</b> (821.4 m²)</td></tr>
              <tr bgcolor="#F8FAFC"><td><b>Vértices LADM</b></td><td>6 vértices (Conforme 4-10)</td></tr>
              <tr><td><b>Clase de Uso</b></td><td>Pastizal_Mixto</td></tr>
              <tr bgcolor="#F8FAFC"><td><b>Solape Habitacional</b></td><td>0.00% (Segregado LADM)</td></tr>
              <tr><td><b>Lindero Vial</b></td><td>Infranqueable (Búfer LPIS 3.5m)</td></tr>
              <tr bgcolor="#F8FAFC"><td><b>Estándar Registral</b></td><td>✅ 100% Conforme ISO 19152</td></tr>
            </table>
          </div>
        ]]></description>
      <Polygon>
        <outerBoundaryIs><LinearRing>
          <coordinates>-78.64211082458496,-1.6059768894152888,0 -78.64214837551117,-1.6060358748779844,0 -78.64214837551117,-1.606539932468291,0 -78.64207327365875,-1.606550657097872,0 -78.64201426506042,-1.606379063024576,0 -78.64202499389648,-1.6060090633040318,0 -78.64211082458496,-1.6059768894152888,0</coordinates>
        </LinearRing></outerBoundaryIs>
      </Polygon>
      </Placemark>
      <Placemark>
        <name>UPA-264 (0.08 ha)</name>
        <styleUrl>#upa_wireframe_style</styleUrl>
        <description><![CDATA[
          <div style="font-family: Arial, sans-serif; font-size: 12px; color: #1E293B;">
            <h3 style="color: #0F766E; margin-bottom: 4px;">FICHA PREDIAL: UPA-264</h3>
            <table border="1" cellpadding="4" cellspacing="0" style="border-collapse: collapse; width: 100%; border-color: #CBD5E1;">
              <tr bgcolor="#F8FAFC"><td><b>Escenario</b></td><td>4_Valle_Hortifruticola_Guano</td></tr>
              <tr><td><b>Superficie Útil</b></td><td><b>0.0812 ha</b> (811.6 m²)</td></tr>
              <tr bgcolor="#F8FAFC"><td><b>Vértices LADM</b></td><td>7 vértices (Conforme 4-10)</td></tr>
              <tr><td><b>Clase de Uso</b></td><td>Cultivo_Verde_Intensivo</td></tr>
              <tr bgcolor="#F8FAFC"><td><b>Solape Habitacional</b></td><td>0.00% (Segregado LADM)</td></tr>
              <tr><td><b>Lindero Vial</b></td><td>Infranqueable (Búfer LPIS 3.5m)</td></tr>
              <tr bgcolor="#F8FAFC"><td><b>Estándar Registral</b></td><td>✅ 100% Conforme ISO 19152</td></tr>
            </table>
          </div>
        ]]></description>
      <Polygon>
        <outerBoundaryIs><LinearRing>
          <coordinates>-78.6395788192749,-1.6055908027503731,0 -78.63958418369293,-1.6058321069159456,0 -78.63950371742249,-1.605805295341993,0 -78.6393803358078,-1.605816019971574,0 -78.63927841186523,-1.60577312145325,0 -78.63929986953735,-1.6055908027503731,0 -78.63951981067657,-1.6055747158060016,0 -78.6395788192749,-1.6055908027503731,0</coordinates>
        </LinearRing></outerBoundaryIs>
      </Polygon>
      </Placemark>
      <Placemark>
        <name>UPA-265 (0.08 ha)</name>
        <styleUrl>#upa_wireframe_style</styleUrl>
        <description><![CDATA[
          <div style="font-family: Arial, sans-serif; font-size: 12px; color: #1E293B;">
            <h3 style="color: #0F766E; margin-bottom: 4px;">FICHA PREDIAL: UPA-265</h3>
            <table border="1" cellpadding="4" cellspacing="0" style="border-collapse: collapse; width: 100%; border-color: #CBD5E1;">
              <tr bgcolor="#F8FAFC"><td><b>Escenario</b></td><td>4_Valle_Hortifruticola_Guano</td></tr>
              <tr><td><b>Superficie Útil</b></td><td><b>0.0758 ha</b> (758.3 m²)</td></tr>
              <tr bgcolor="#F8FAFC"><td><b>Vértices LADM</b></td><td>8 vértices (Conforme 4-10)</td></tr>
              <tr><td><b>Clase de Uso</b></td><td>Cultivo_Verde_Intensivo</td></tr>
              <tr bgcolor="#F8FAFC"><td><b>Solape Habitacional</b></td><td>0.00% (Segregado LADM)</td></tr>
              <tr><td><b>Lindero Vial</b></td><td>Infranqueable (Búfer LPIS 3.5m)</td></tr>
              <tr bgcolor="#F8FAFC"><td><b>Estándar Registral</b></td><td>✅ 100% Conforme ISO 19152</td></tr>
            </table>
          </div>
        ]]></description>
      <Polygon>
        <outerBoundaryIs><LinearRing>
          <coordinates>-78.64163875579834,-1.6054245709918677,0 -78.64167094230652,-1.6054245709918677,0 -78.64173531532288,-1.6055264549728872,0 -78.64180505275726,-1.6055318172876778,0 -78.64180505275726,-1.605826744601155,0 -78.64178895950317,-1.605848193860317,0 -78.64163875579834,-1.6058428315455264,0 -78.64162802696228,-1.6055639911764208,0 -78.64163875579834,-1.6054245709918677,0</coordinates>
        </LinearRing></outerBoundaryIs>
      </Polygon>
      </Placemark>
      <Placemark>
        <name>UPA-266 (0.07 ha)</name>
        <styleUrl>#upa_wireframe_style</styleUrl>
        <description><![CDATA[
          <div style="font-family: Arial, sans-serif; font-size: 12px; color: #1E293B;">
            <h3 style="color: #0F766E; margin-bottom: 4px;">FICHA PREDIAL: UPA-266</h3>
            <table border="1" cellpadding="4" cellspacing="0" style="border-collapse: collapse; width: 100%; border-color: #CBD5E1;">
              <tr bgcolor="#F8FAFC"><td><b>Escenario</b></td><td>4_Valle_Hortifruticola_Guano</td></tr>
              <tr><td><b>Superficie Útil</b></td><td><b>0.0683 ha</b> (682.8 m²)</td></tr>
              <tr bgcolor="#F8FAFC"><td><b>Vértices LADM</b></td><td>7 vértices (Conforme 4-10)</td></tr>
              <tr><td><b>Clase de Uso</b></td><td>Cultivo_Verde_Intensivo</td></tr>
              <tr bgcolor="#F8FAFC"><td><b>Solape Habitacional</b></td><td>0.00% (Segregado LADM)</td></tr>
              <tr><td><b>Lindero Vial</b></td><td>Infranqueable (Búfer LPIS 3.5m)</td></tr>
              <tr bgcolor="#F8FAFC"><td><b>Estándar Registral</b></td><td>✅ 100% Conforme ISO 19152</td></tr>
            </table>
          </div>
        ]]></description>
      <Polygon>
        <outerBoundaryIs><LinearRing>
          <coordinates>-78.63833427429199,-1.602973993132611,0 -78.63838255405426,-1.6030222539657255,0 -78.63836646080017,-1.60317776109465,0 -78.63824307918549,-1.6033708044271078,0 -78.63818407058716,-1.6032260219277643,0 -78.63820552825928,-1.603113413317164,0 -78.63811433315277,-1.6030329785953066,0 -78.63833427429199,-1.602973993132611,0</coordinates>
        </LinearRing></outerBoundaryIs>
      </Polygon>
      </Placemark>
      <Placemark>
        <name>UPA-267 (0.06 ha)</name>
        <styleUrl>#upa_wireframe_style</styleUrl>
        <description><![CDATA[
          <div style="font-family: Arial, sans-serif; font-size: 12px; color: #1E293B;">
            <h3 style="color: #0F766E; margin-bottom: 4px;">FICHA PREDIAL: UPA-267</h3>
            <table border="1" cellpadding="4" cellspacing="0" style="border-collapse: collapse; width: 100%; border-color: #CBD5E1;">
              <tr bgcolor="#F8FAFC"><td><b>Escenario</b></td><td>4_Valle_Hortifruticola_Guano</td></tr>
              <tr><td><b>Superficie Útil</b></td><td><b>0.0626 ha</b> (626.3 m²)</td></tr>
              <tr bgcolor="#F8FAFC"><td><b>Vértices LADM</b></td><td>7 vértices (Conforme 4-10)</td></tr>
              <tr><td><b>Clase de Uso</b></td><td>Cultivo_Verde_Intensivo</td></tr>
              <tr bgcolor="#F8FAFC"><td><b>Solape Habitacional</b></td><td>0.00% (Segregado LADM)</td></tr>
              <tr><td><b>Lindero Vial</b></td><td>Infranqueable (Búfer LPIS 3.5m)</td></tr>
              <tr bgcolor="#F8FAFC"><td><b>Estándar Registral</b></td><td>✅ 100% Conforme ISO 19152</td></tr>
            </table>
          </div>
        ]]></description>
      <Polygon>
        <outerBoundaryIs><LinearRing>
          <coordinates>-78.63905310630798,-1.60447544127395,0 -78.63917648792267,-1.604486165903531,0 -78.63919258117676,-1.6047971801613798,0 -78.6391818523407,-1.6048722525684467,0 -78.63914966583252,-1.6048883395128182,0 -78.63910138607025,-1.604877614883237,0 -78.63905310630798,-1.6048025424761703,0 -78.63905310630798,-1.60447544127395,0</coordinates>
        </LinearRing></outerBoundaryIs>
      </Polygon>
      </Placemark>
      <Placemark>
        <name>UPA-268 (0.06 ha)</name>
        <styleUrl>#upa_wireframe_style</styleUrl>
        <description><![CDATA[
          <div style="font-family: Arial, sans-serif; font-size: 12px; color: #1E293B;">
            <h3 style="color: #0F766E; margin-bottom: 4px;">FICHA PREDIAL: UPA-268</h3>
            <table border="1" cellpadding="4" cellspacing="0" style="border-collapse: collapse; width: 100%; border-color: #CBD5E1;">
              <tr bgcolor="#F8FAFC"><td><b>Escenario</b></td><td>4_Valle_Hortifruticola_Guano</td></tr>
              <tr><td><b>Superficie Útil</b></td><td><b>0.0610 ha</b> (609.8 m²)</td></tr>
              <tr bgcolor="#F8FAFC"><td><b>Vértices LADM</b></td><td>7 vértices (Conforme 4-10)</td></tr>
              <tr><td><b>Clase de Uso</b></td><td>Cultivo_Verde_Intensivo</td></tr>
              <tr bgcolor="#F8FAFC"><td><b>Solape Habitacional</b></td><td>0.00% (Segregado LADM)</td></tr>
              <tr><td><b>Lindero Vial</b></td><td>Infranqueable (Búfer LPIS 3.5m)</td></tr>
              <tr bgcolor="#F8FAFC"><td><b>Estándar Registral</b></td><td>✅ 100% Conforme ISO 19152</td></tr>
            </table>
          </div>
        ]]></description>
      <Polygon>
        <outerBoundaryIs><LinearRing>
          <coordinates>-78.63955199718475,-1.6047757309022177,0 -78.63961637020111,-1.6049044264571897,0 -78.63955736160278,-1.604974136549466,0 -78.63955736160278,-1.6050867451600666,0 -78.63945007324219,-1.6051081944192285,0 -78.63940715789795,-1.6050652959009046,0 -78.63940179347992,-1.6048400786797037,0 -78.63955199718475,-1.6047757309022177,0</coordinates>
        </LinearRing></outerBoundaryIs>
      </Polygon>
      </Placemark>
      <Placemark>
        <name>UPA-269 (0.06 ha)</name>
        <styleUrl>#upa_wireframe_style</styleUrl>
        <description><![CDATA[
          <div style="font-family: Arial, sans-serif; font-size: 12px; color: #1E293B;">
            <h3 style="color: #0F766E; margin-bottom: 4px;">FICHA PREDIAL: UPA-269</h3>
            <table border="1" cellpadding="4" cellspacing="0" style="border-collapse: collapse; width: 100%; border-color: #CBD5E1;">
              <tr bgcolor="#F8FAFC"><td><b>Escenario</b></td><td>4_Valle_Hortifruticola_Guano</td></tr>
              <tr><td><b>Superficie Útil</b></td><td><b>0.0607 ha</b> (606.8 m²)</td></tr>
              <tr bgcolor="#F8FAFC"><td><b>Vértices LADM</b></td><td>6 vértices (Conforme 4-10)</td></tr>
              <tr><td><b>Clase de Uso</b></td><td>Cultivo_Verde_Intensivo</td></tr>
              <tr bgcolor="#F8FAFC"><td><b>Solape Habitacional</b></td><td>0.00% (Segregado LADM)</td></tr>
              <tr><td><b>Lindero Vial</b></td><td>Infranqueable (Búfer LPIS 3.5m)</td></tr>
              <tr bgcolor="#F8FAFC"><td><b>Estándar Registral</b></td><td>✅ 100% Conforme ISO 19152</td></tr>
            </table>
          </div>
        ]]></description>
      <Polygon>
        <outerBoundaryIs><LinearRing>
          <coordinates>-78.6398845911026,-1.6046631222916174,0 -78.63997042179108,-1.6046577599768268,0 -78.64000797271729,-1.6050813828452761,0 -78.63992214202881,-1.6050760205304855,0 -78.63987922668457,-1.6050170350677901,0 -78.63985240459442,-1.6047006584951509,0 -78.6398845911026,-1.6046631222916174,0</coordinates>
        </LinearRing></outerBoundaryIs>
      </Polygon>
      </Placemark>
      <Placemark>
        <name>UPA-270 (0.06 ha)</name>
        <styleUrl>#upa_wireframe_style</styleUrl>
        <description><![CDATA[
          <div style="font-family: Arial, sans-serif; font-size: 12px; color: #1E293B;">
            <h3 style="color: #0F766E; margin-bottom: 4px;">FICHA PREDIAL: UPA-270</h3>
            <table border="1" cellpadding="4" cellspacing="0" style="border-collapse: collapse; width: 100%; border-color: #CBD5E1;">
              <tr bgcolor="#F8FAFC"><td><b>Escenario</b></td><td>4_Valle_Hortifruticola_Guano</td></tr>
              <tr><td><b>Superficie Útil</b></td><td><b>0.0559 ha</b> (558.6 m²)</td></tr>
              <tr bgcolor="#F8FAFC"><td><b>Vértices LADM</b></td><td>8 vértices (Conforme 4-10)</td></tr>
              <tr><td><b>Clase de Uso</b></td><td>Pastizal_Mixto</td></tr>
              <tr bgcolor="#F8FAFC"><td><b>Solape Habitacional</b></td><td>0.00% (Segregado LADM)</td></tr>
              <tr><td><b>Lindero Vial</b></td><td>Infranqueable (Búfer LPIS 3.5m)</td></tr>
              <tr bgcolor="#F8FAFC"><td><b>Estándar Registral</b></td><td>✅ 100% Conforme ISO 19152</td></tr>
            </table>
          </div>
        ]]></description>
      <Polygon>
        <outerBoundaryIs><LinearRing>
          <coordinates>-78.64010989665985,-1.603327905908784,0 -78.64009916782379,-1.6034029783158508,0 -78.6399918794632,-1.6033976160010603,0 -78.63991677761078,-1.6034726884081272,0 -78.63982021808624,-1.6034566014637557,0 -78.63979876041412,-1.6033225435939933,0 -78.63987922668457,-1.6033064566496218,0 -78.63992750644684,-1.6032152972981835,0 -78.64010989665985,-1.603327905908784,0</coordinates>
        </LinearRing></outerBoundaryIs>
      </Polygon>
      </Placemark>
      <Placemark>
        <name>UPA-271 (0.06 ha)</name>
        <styleUrl>#upa_wireframe_style</styleUrl>
        <description><![CDATA[
          <div style="font-family: Arial, sans-serif; font-size: 12px; color: #1E293B;">
            <h3 style="color: #0F766E; margin-bottom: 4px;">FICHA PREDIAL: UPA-271</h3>
            <table border="1" cellpadding="4" cellspacing="0" style="border-collapse: collapse; width: 100%; border-color: #CBD5E1;">
              <tr bgcolor="#F8FAFC"><td><b>Escenario</b></td><td>4_Valle_Hortifruticola_Guano</td></tr>
              <tr><td><b>Superficie Útil</b></td><td><b>0.0558 ha</b> (558.2 m²)</td></tr>
              <tr bgcolor="#F8FAFC"><td><b>Vértices LADM</b></td><td>8 vértices (Conforme 4-10)</td></tr>
              <tr><td><b>Clase de Uso</b></td><td>Pastizal_Mixto</td></tr>
              <tr bgcolor="#F8FAFC"><td><b>Solape Habitacional</b></td><td>0.00% (Segregado LADM)</td></tr>
              <tr><td><b>Lindero Vial</b></td><td>Infranqueable (Búfer LPIS 3.5m)</td></tr>
              <tr bgcolor="#F8FAFC"><td><b>Estándar Registral</b></td><td>✅ 100% Conforme ISO 19152</td></tr>
            </table>
          </div>
        ]]></description>
      <Polygon>
        <outerBoundaryIs><LinearRing>
          <coordinates>-78.63838791847229,-1.6068509467261398,0 -78.63838255405426,-1.60696355533674,0 -78.63830208778381,-1.6068670336705113,0 -78.63826990127563,-1.6068992075592543,0 -78.63833427429199,-1.6070493523733882,0 -78.63821089267731,-1.6070868885769216,0 -78.63810360431671,-1.6070439900585975,0 -78.6381196975708,-1.6068616713557207,0 -78.63838791847229,-1.6068509467261398,0</coordinates>
        </LinearRing></outerBoundaryIs>
      </Polygon>
      </Placemark>
      <Placemark>
        <name>UPA-272 (0.05 ha)</name>
        <styleUrl>#upa_wireframe_style</styleUrl>
        <description><![CDATA[
          <div style="font-family: Arial, sans-serif; font-size: 12px; color: #1E293B;">
            <h3 style="color: #0F766E; margin-bottom: 4px;">FICHA PREDIAL: UPA-272</h3>
            <table border="1" cellpadding="4" cellspacing="0" style="border-collapse: collapse; width: 100%; border-color: #CBD5E1;">
              <tr bgcolor="#F8FAFC"><td><b>Escenario</b></td><td>4_Valle_Hortifruticola_Guano</td></tr>
              <tr><td><b>Superficie Útil</b></td><td><b>0.0518 ha</b> (518.2 m²)</td></tr>
              <tr bgcolor="#F8FAFC"><td><b>Vértices LADM</b></td><td>6 vértices (Conforme 4-10)</td></tr>
              <tr><td><b>Clase de Uso</b></td><td>Pastizal_Mixto</td></tr>
              <tr bgcolor="#F8FAFC"><td><b>Solape Habitacional</b></td><td>0.00% (Segregado LADM)</td></tr>
              <tr><td><b>Lindero Vial</b></td><td>Infranqueable (Búfer LPIS 3.5m)</td></tr>
              <tr bgcolor="#F8FAFC"><td><b>Estándar Registral</b></td><td>✅ 100% Conforme ISO 19152</td></tr>
            </table>
          </div>
        ]]></description>
      <Polygon>
        <outerBoundaryIs><LinearRing>
          <coordinates>-78.64141345024109,-1.6032421088721358,0 -78.64142417907715,-1.6034405145193842,0 -78.64115595817566,-1.6034458768341748,0 -78.64117741584778,-1.6032796450756694,0 -78.64134907722473,-1.6032581958165073,0 -78.64134907722473,-1.6033547174827363,0 -78.64141345024109,-1.6032421088721358,0</coordinates>
        </LinearRing></outerBoundaryIs>
      </Polygon>
      </Placemark>
      <Placemark>
        <name>UPA-273 (0.05 ha)</name>
        <styleUrl>#upa_wireframe_style</styleUrl>
        <description><![CDATA[
          <div style="font-family: Arial, sans-serif; font-size: 12px; color: #1E293B;">
            <h3 style="color: #0F766E; margin-bottom: 4px;">FICHA PREDIAL: UPA-273</h3>
            <table border="1" cellpadding="4" cellspacing="0" style="border-collapse: collapse; width: 100%; border-color: #CBD5E1;">
              <tr bgcolor="#F8FAFC"><td><b>Escenario</b></td><td>4_Valle_Hortifruticola_Guano</td></tr>
              <tr><td><b>Superficie Útil</b></td><td><b>0.0511 ha</b> (510.7 m²)</td></tr>
              <tr bgcolor="#F8FAFC"><td><b>Vértices LADM</b></td><td>8 vértices (Conforme 4-10)</td></tr>
              <tr><td><b>Clase de Uso</b></td><td>Pastizal_Mixto</td></tr>
              <tr bgcolor="#F8FAFC"><td><b>Solape Habitacional</b></td><td>0.00% (Segregado LADM)</td></tr>
              <tr><td><b>Lindero Vial</b></td><td>Infranqueable (Búfer LPIS 3.5m)</td></tr>
              <tr bgcolor="#F8FAFC"><td><b>Estándar Registral</b></td><td>✅ 100% Conforme ISO 19152</td></tr>
            </table>
          </div>
        ]]></description>
      <Polygon>
        <outerBoundaryIs><LinearRing>
          <coordinates>-78.64149928092957,-1.603145587205907,0 -78.64159047603607,-1.603134862576326,0 -78.64160656929016,-1.603199210353812,0 -78.64166557788849,-1.6032045726686024,0 -78.64167630672455,-1.6034297898898033,0 -78.64153146743774,-1.6034297898898033,0 -78.64151000976562,-1.6032260219277643,0 -78.64148318767548,-1.6032045726686024,0 -78.64149928092957,-1.603145587205907,0</coordinates>
        </LinearRing></outerBoundaryIs>
      </Polygon>
      </Placemark>
      <Placemark>
        <name>UPA-274 (0.05 ha)</name>
        <styleUrl>#upa_wireframe_style</styleUrl>
        <description><![CDATA[
          <div style="font-family: Arial, sans-serif; font-size: 12px; color: #1E293B;">
            <h3 style="color: #0F766E; margin-bottom: 4px;">FICHA PREDIAL: UPA-274</h3>
            <table border="1" cellpadding="4" cellspacing="0" style="border-collapse: collapse; width: 100%; border-color: #CBD5E1;">
              <tr bgcolor="#F8FAFC"><td><b>Escenario</b></td><td>4_Valle_Hortifruticola_Guano</td></tr>
              <tr><td><b>Superficie Útil</b></td><td><b>0.0479 ha</b> (479.4 m²)</td></tr>
              <tr bgcolor="#F8FAFC"><td><b>Vértices LADM</b></td><td>8 vértices (Conforme 4-10)</td></tr>
              <tr><td><b>Clase de Uso</b></td><td>Pastizal_Mixto</td></tr>
              <tr bgcolor="#F8FAFC"><td><b>Solape Habitacional</b></td><td>0.00% (Segregado LADM)</td></tr>
              <tr><td><b>Lindero Vial</b></td><td>Infranqueable (Búfer LPIS 3.5m)</td></tr>
              <tr bgcolor="#F8FAFC"><td><b>Estándar Registral</b></td><td>✅ 100% Conforme ISO 19152</td></tr>
            </table>
          </div>
        ]]></description>
      <Polygon>
        <outerBoundaryIs><LinearRing>
          <coordinates>-78.64101111888885,-1.6028506598924297,0 -78.64107549190521,-1.6028506598924297,0 -78.64112377166748,-1.6032206596129739,0 -78.64108085632324,-1.6032045726686024,0 -78.64104330539703,-1.6032689204460884,0 -78.64113986492157,-1.6034834130377082,0 -78.64105939865112,-1.6034566014637557,0 -78.64100575447083,-1.602952543873449,0 -78.64101111888885,-1.6028506598924297,0</coordinates>
        </LinearRing></outerBoundaryIs>
      </Polygon>
      </Placemark>
      <Placemark>
        <name>UPA-275 (0.04 ha)</name>
        <styleUrl>#upa_wireframe_style</styleUrl>
        <description><![CDATA[
          <div style="font-family: Arial, sans-serif; font-size: 12px; color: #1E293B;">
            <h3 style="color: #0F766E; margin-bottom: 4px;">FICHA PREDIAL: UPA-275</h3>
            <table border="1" cellpadding="4" cellspacing="0" style="border-collapse: collapse; width: 100%; border-color: #CBD5E1;">
              <tr bgcolor="#F8FAFC"><td><b>Escenario</b></td><td>4_Valle_Hortifruticola_Guano</td></tr>
              <tr><td><b>Superficie Útil</b></td><td><b>0.0376 ha</b> (375.6 m²)</td></tr>
              <tr bgcolor="#F8FAFC"><td><b>Vértices LADM</b></td><td>7 vértices (Conforme 4-10)</td></tr>
              <tr><td><b>Clase de Uso</b></td><td>Pastizal_Mixto</td></tr>
              <tr bgcolor="#F8FAFC"><td><b>Solape Habitacional</b></td><td>0.00% (Segregado LADM)</td></tr>
              <tr><td><b>Lindero Vial</b></td><td>Infranqueable (Búfer LPIS 3.5m)</td></tr>
              <tr bgcolor="#F8FAFC"><td><b>Estándar Registral</b></td><td>✅ 100% Conforme ISO 19152</td></tr>
            </table>
          </div>
        ]]></description>
      <Polygon>
        <outerBoundaryIs><LinearRing>
          <coordinates>-78.64124178886414,-1.6048454409944943,0 -78.64124715328217,-1.6050116727529995,0 -78.64125788211823,-1.605027759697371,0 -78.64133298397064,-1.6050331220121616,0 -78.64144027233124,-1.6050170350677901,0 -78.64144027233124,-1.6049057247018232,0 -78.64125594496727,-1.6048397807733266,0 -78.64124178886414,-1.6048454409944943,0</coordinates>
        </LinearRing></outerBoundaryIs>
      </Polygon>
      </Placemark>
      <Placemark>
        <name>UPA-276 (0.05 ha)</name>
        <styleUrl>#upa_wireframe_style</styleUrl>
        <description><![CDATA[
          <div style="font-family: Arial, sans-serif; font-size: 12px; color: #1E293B;">
            <h3 style="color: #0F766E; margin-bottom: 4px;">FICHA PREDIAL: UPA-276</h3>
            <table border="1" cellpadding="4" cellspacing="0" style="border-collapse: collapse; width: 100%; border-color: #CBD5E1;">
              <tr bgcolor="#F8FAFC"><td><b>Escenario</b></td><td>4_Valle_Hortifruticola_Guano</td></tr>
              <tr><td><b>Superficie Útil</b></td><td><b>0.0455 ha</b> (455.1 m²)</td></tr>
              <tr bgcolor="#F8FAFC"><td><b>Vértices LADM</b></td><td>7 vértices (Conforme 4-10)</td></tr>
              <tr><td><b>Clase de Uso</b></td><td>Pastizal_Mixto</td></tr>
              <tr bgcolor="#F8FAFC"><td><b>Solape Habitacional</b></td><td>0.00% (Segregado LADM)</td></tr>
              <tr><td><b>Lindero Vial</b></td><td>Infranqueable (Búfer LPIS 3.5m)</td></tr>
              <tr bgcolor="#F8FAFC"><td><b>Estándar Registral</b></td><td>✅ 100% Conforme ISO 19152</td></tr>
            </table>
          </div>
        ]]></description>
      <Polygon>
        <outerBoundaryIs><LinearRing>
          <coordinates>-78.64124715328217,-1.6068670336705113,0 -78.64126861095428,-1.607092250891712,0 -78.64107549190521,-1.6071083378360835,0 -78.64106476306915,-1.6070118161698546,0 -78.64110767841339,-1.6069689176515307,0 -78.64111304283142,-1.6069099321888352,0 -78.64119350910187,-1.6068723959853017,0 -78.64124715328217,-1.6068670336705113,0</coordinates>
        </LinearRing></outerBoundaryIs>
      </Polygon>
      </Placemark>
      <Placemark>
        <name>UPA-277 (0.04 ha)</name>
        <styleUrl>#upa_wireframe_style</styleUrl>
        <description><![CDATA[
          <div style="font-family: Arial, sans-serif; font-size: 12px; color: #1E293B;">
            <h3 style="color: #0F766E; margin-bottom: 4px;">FICHA PREDIAL: UPA-277</h3>
            <table border="1" cellpadding="4" cellspacing="0" style="border-collapse: collapse; width: 100%; border-color: #CBD5E1;">
              <tr bgcolor="#F8FAFC"><td><b>Escenario</b></td><td>4_Valle_Hortifruticola_Guano</td></tr>
              <tr><td><b>Superficie Útil</b></td><td><b>0.0449 ha</b> (448.7 m²)</td></tr>
              <tr bgcolor="#F8FAFC"><td><b>Vértices LADM</b></td><td>6 vértices (Conforme 4-10)</td></tr>
              <tr><td><b>Clase de Uso</b></td><td>Cultivo_Verde_Intensivo</td></tr>
              <tr bgcolor="#F8FAFC"><td><b>Solape Habitacional</b></td><td>0.00% (Segregado LADM)</td></tr>
              <tr><td><b>Lindero Vial</b></td><td>Infranqueable (Búfer LPIS 3.5m)</td></tr>
              <tr bgcolor="#F8FAFC"><td><b>Estándar Registral</b></td><td>✅ 100% Conforme ISO 19152</td></tr>
            </table>
          </div>
        ]]></description>
      <Polygon>
        <outerBoundaryIs><LinearRing>
          <coordinates>-78.64005625247955,-1.6068187728373968,0 -78.64021182060242,-1.6067919612634443,0 -78.6402279138565,-1.6068187728373968,0 -78.64038348197937,-1.6068294974669777,0 -78.64041030406952,-1.6069260191332067,0 -78.6400830745697,-1.6069260191332067,0 -78.64005625247955,-1.6068187728373968,0</coordinates>
        </LinearRing></outerBoundaryIs>
      </Polygon>
      </Placemark>
      <Placemark>
        <name>UPA-278 (0.04 ha)</name>
        <styleUrl>#upa_wireframe_style</styleUrl>
        <description><![CDATA[
          <div style="font-family: Arial, sans-serif; font-size: 12px; color: #1E293B;">
            <h3 style="color: #0F766E; margin-bottom: 4px;">FICHA PREDIAL: UPA-278</h3>
            <table border="1" cellpadding="4" cellspacing="0" style="border-collapse: collapse; width: 100%; border-color: #CBD5E1;">
              <tr bgcolor="#F8FAFC"><td><b>Escenario</b></td><td>4_Valle_Hortifruticola_Guano</td></tr>
              <tr><td><b>Superficie Útil</b></td><td><b>0.0445 ha</b> (445.0 m²)</td></tr>
              <tr bgcolor="#F8FAFC"><td><b>Vértices LADM</b></td><td>7 vértices (Conforme 4-10)</td></tr>
              <tr><td><b>Clase de Uso</b></td><td>Pastizal_Mixto</td></tr>
              <tr bgcolor="#F8FAFC"><td><b>Solape Habitacional</b></td><td>0.00% (Segregado LADM)</td></tr>
              <tr><td><b>Lindero Vial</b></td><td>Infranqueable (Búfer LPIS 3.5m)</td></tr>
              <tr bgcolor="#F8FAFC"><td><b>Estándar Registral</b></td><td>✅ 100% Conforme ISO 19152</td></tr>
            </table>
          </div>
        ]]></description>
      <Polygon>
        <outerBoundaryIs><LinearRing>
          <coordinates>-78.6387848854065,-1.6046899338655698,0 -78.63889217376709,-1.6046577599768268,0 -78.63899409770966,-1.6046631222916174,0 -78.6390370130539,-1.6047060208099413,0 -78.63903164863586,-1.6048025424761703,0 -78.63898873329163,-1.6048239917353322,0 -78.63879561424255,-1.6048132671057513,0 -78.6387848854065,-1.6046899338655698,0</coordinates>
        </LinearRing></outerBoundaryIs>
      </Polygon>
      </Placemark>
      <Placemark>
        <name>UPA-279 (0.04 ha)</name>
        <styleUrl>#upa_wireframe_style</styleUrl>
        <description><![CDATA[
          <div style="font-family: Arial, sans-serif; font-size: 12px; color: #1E293B;">
            <h3 style="color: #0F766E; margin-bottom: 4px;">FICHA PREDIAL: UPA-279</h3>
            <table border="1" cellpadding="4" cellspacing="0" style="border-collapse: collapse; width: 100%; border-color: #CBD5E1;">
              <tr bgcolor="#F8FAFC"><td><b>Escenario</b></td><td>4_Valle_Hortifruticola_Guano</td></tr>
              <tr><td><b>Superficie Útil</b></td><td><b>0.0439 ha</b> (439.1 m²)</td></tr>
              <tr bgcolor="#F8FAFC"><td><b>Vértices LADM</b></td><td>5 vértices (Conforme 4-10)</td></tr>
              <tr><td><b>Clase de Uso</b></td><td>Cultivo_Verde_Intensivo</td></tr>
              <tr bgcolor="#F8FAFC"><td><b>Solape Habitacional</b></td><td>0.00% (Segregado LADM)</td></tr>
              <tr><td><b>Lindero Vial</b></td><td>Infranqueable (Búfer LPIS 3.5m)</td></tr>
              <tr bgcolor="#F8FAFC"><td><b>Estándar Registral</b></td><td>✅ 100% Conforme ISO 19152</td></tr>
            </table>
          </div>
        ]]></description>
      <Polygon>
        <outerBoundaryIs><LinearRing>
          <coordinates>-78.64113450050354,-1.6048829771980277,0 -78.64115059375763,-1.6049473249755137,0 -78.64113450050354,-1.605038484326952,0 -78.64089846611023,-1.605038484326952,0 -78.64090383052826,-1.6048990641423992,0 -78.64113450050354,-1.6048829771980277,0</coordinates>
        </LinearRing></outerBoundaryIs>
      </Polygon>
      </Placemark>
      <Placemark>
        <name>UPA-280 (0.04 ha)</name>
        <styleUrl>#upa_wireframe_style</styleUrl>
        <description><![CDATA[
          <div style="font-family: Arial, sans-serif; font-size: 12px; color: #1E293B;">
            <h3 style="color: #0F766E; margin-bottom: 4px;">FICHA PREDIAL: UPA-280</h3>
            <table border="1" cellpadding="4" cellspacing="0" style="border-collapse: collapse; width: 100%; border-color: #CBD5E1;">
              <tr bgcolor="#F8FAFC"><td><b>Escenario</b></td><td>4_Valle_Hortifruticola_Guano</td></tr>
              <tr><td><b>Superficie Útil</b></td><td><b>0.0436 ha</b> (436.1 m²)</td></tr>
              <tr bgcolor="#F8FAFC"><td><b>Vértices LADM</b></td><td>6 vértices (Conforme 4-10)</td></tr>
              <tr><td><b>Clase de Uso</b></td><td>Pastizal_Mixto</td></tr>
              <tr bgcolor="#F8FAFC"><td><b>Solape Habitacional</b></td><td>0.00% (Segregado LADM)</td></tr>
              <tr><td><b>Lindero Vial</b></td><td>Infranqueable (Búfer LPIS 3.5m)</td></tr>
              <tr bgcolor="#F8FAFC"><td><b>Estándar Registral</b></td><td>✅ 100% Conforme ISO 19152</td></tr>
            </table>
          </div>
        ]]></description>
      <Polygon>
        <outerBoundaryIs><LinearRing>
          <coordinates>-78.64191770553589,-1.6029257322994965,0 -78.64191770553589,-1.6030651524840496,0 -78.64178359508514,-1.60307051479884,0 -78.64176750183105,-1.603091964058002,0 -78.64168703556061,-1.6030866017432115,0 -78.64167094230652,-1.6029310946142872,0 -78.64191770553589,-1.6029257322994965,0</coordinates>
        </LinearRing></outerBoundaryIs>
      </Polygon>
      </Placemark>
      <Placemark>
        <name>UPA-281 (0.04 ha)</name>
        <styleUrl>#upa_wireframe_style</styleUrl>
        <description><![CDATA[
          <div style="font-family: Arial, sans-serif; font-size: 12px; color: #1E293B;">
            <h3 style="color: #0F766E; margin-bottom: 4px;">FICHA PREDIAL: UPA-281</h3>
            <table border="1" cellpadding="4" cellspacing="0" style="border-collapse: collapse; width: 100%; border-color: #CBD5E1;">
              <tr bgcolor="#F8FAFC"><td><b>Escenario</b></td><td>4_Valle_Hortifruticola_Guano</td></tr>
              <tr><td><b>Superficie Útil</b></td><td><b>0.0428 ha</b> (428.1 m²)</td></tr>
              <tr bgcolor="#F8FAFC"><td><b>Vértices LADM</b></td><td>4 vértices (Conforme 4-10)</td></tr>
              <tr><td><b>Clase de Uso</b></td><td>Pastizal_Mixto</td></tr>
              <tr bgcolor="#F8FAFC"><td><b>Solape Habitacional</b></td><td>0.00% (Segregado LADM)</td></tr>
              <tr><td><b>Lindero Vial</b></td><td>Infranqueable (Búfer LPIS 3.5m)</td></tr>
              <tr bgcolor="#F8FAFC"><td><b>Estándar Registral</b></td><td>✅ 100% Conforme ISO 19152</td></tr>
            </table>
          </div>
        ]]></description>
      <Polygon>
        <outerBoundaryIs><LinearRing>
          <coordinates>-78.64214837551117,-1.6051725421967145,0 -78.64214837551117,-1.6055800781207923,0 -78.64206254482269,-1.6055747158060016,0 -78.64206254482269,-1.6051725421967145,0 -78.64214837551117,-1.6051725421967145,0</coordinates>
        </LinearRing></outerBoundaryIs>
      </Polygon>
      </Placemark>
      <Placemark>
        <name>UPA-282 (0.04 ha)</name>
        <styleUrl>#upa_wireframe_style</styleUrl>
        <description><![CDATA[
          <div style="font-family: Arial, sans-serif; font-size: 12px; color: #1E293B;">
            <h3 style="color: #0F766E; margin-bottom: 4px;">FICHA PREDIAL: UPA-282</h3>
            <table border="1" cellpadding="4" cellspacing="0" style="border-collapse: collapse; width: 100%; border-color: #CBD5E1;">
              <tr bgcolor="#F8FAFC"><td><b>Escenario</b></td><td>4_Valle_Hortifruticola_Guano</td></tr>
              <tr><td><b>Superficie Útil</b></td><td><b>0.0426 ha</b> (425.7 m²)</td></tr>
              <tr bgcolor="#F8FAFC"><td><b>Vértices LADM</b></td><td>7 vértices (Conforme 4-10)</td></tr>
              <tr><td><b>Clase de Uso</b></td><td>Pastizal_Mixto</td></tr>
              <tr bgcolor="#F8FAFC"><td><b>Solape Habitacional</b></td><td>0.00% (Segregado LADM)</td></tr>
              <tr><td><b>Lindero Vial</b></td><td>Infranqueable (Búfer LPIS 3.5m)</td></tr>
              <tr bgcolor="#F8FAFC"><td><b>Estándar Registral</b></td><td>✅ 100% Conforme ISO 19152</td></tr>
            </table>
          </div>
        ]]></description>
      <Polygon>
        <outerBoundaryIs><LinearRing>
          <coordinates>-78.64107549190521,-1.6038963112765765,0 -78.64105939865112,-1.603912398220948,0 -78.64108622074127,-1.6039928329428053,0 -78.64083409309387,-1.6040357314611293,0 -78.64081799983978,-1.6038855866469954,0 -78.64097893238068,-1.6038534127582524,0 -78.64100575447083,-1.6038909489617859,0 -78.64107549190521,-1.6038963112765765,0</coordinates>
        </LinearRing></outerBoundaryIs>
      </Polygon>
      </Placemark>
      <Placemark>
        <name>UPA-283 (0.04 ha)</name>
        <styleUrl>#upa_wireframe_style</styleUrl>
        <description><![CDATA[
          <div style="font-family: Arial, sans-serif; font-size: 12px; color: #1E293B;">
            <h3 style="color: #0F766E; margin-bottom: 4px;">FICHA PREDIAL: UPA-283</h3>
            <table border="1" cellpadding="4" cellspacing="0" style="border-collapse: collapse; width: 100%; border-color: #CBD5E1;">
              <tr bgcolor="#F8FAFC"><td><b>Escenario</b></td><td>4_Valle_Hortifruticola_Guano</td></tr>
              <tr><td><b>Superficie Útil</b></td><td><b>0.0424 ha</b> (424.4 m²)</td></tr>
              <tr bgcolor="#F8FAFC"><td><b>Vértices LADM</b></td><td>7 vértices (Conforme 4-10)</td></tr>
              <tr><td><b>Clase de Uso</b></td><td>Pastizal_Mixto</td></tr>
              <tr bgcolor="#F8FAFC"><td><b>Solape Habitacional</b></td><td>0.00% (Segregado LADM)</td></tr>
              <tr><td><b>Lindero Vial</b></td><td>Infranqueable (Búfer LPIS 3.5m)</td></tr>
              <tr bgcolor="#F8FAFC"><td><b>Estándar Registral</b></td><td>✅ 100% Conforme ISO 19152</td></tr>
            </table>
          </div>
        ]]></description>
      <Polygon>
        <outerBoundaryIs><LinearRing>
          <coordinates>-78.64212155342102,-1.603124137946745,0 -78.64214837551117,-1.603167036465069,0 -78.64214837551117,-1.6033922536862697,0 -78.64204108715057,-1.6034083406306412,0 -78.64201426506042,-1.6033064566496218,0 -78.64202499389648,-1.603134862576326,0 -78.64204108715057,-1.6031187756319545,0 -78.64212155342102,-1.603124137946745,0</coordinates>
        </LinearRing></outerBoundaryIs>
      </Polygon>
      </Placemark>
      <Placemark>
        <name>UPA-284 (0.04 ha)</name>
        <styleUrl>#upa_wireframe_style</styleUrl>
        <description><![CDATA[
          <div style="font-family: Arial, sans-serif; font-size: 12px; color: #1E293B;">
            <h3 style="color: #0F766E; margin-bottom: 4px;">FICHA PREDIAL: UPA-284</h3>
            <table border="1" cellpadding="4" cellspacing="0" style="border-collapse: collapse; width: 100%; border-color: #CBD5E1;">
              <tr bgcolor="#F8FAFC"><td><b>Escenario</b></td><td>4_Valle_Hortifruticola_Guano</td></tr>
              <tr><td><b>Superficie Útil</b></td><td><b>0.0420 ha</b> (419.8 m²)</td></tr>
              <tr bgcolor="#F8FAFC"><td><b>Vértices LADM</b></td><td>8 vértices (Conforme 4-10)</td></tr>
              <tr><td><b>Clase de Uso</b></td><td>Pastizal_Mixto</td></tr>
              <tr bgcolor="#F8FAFC"><td><b>Solape Habitacional</b></td><td>0.00% (Segregado LADM)</td></tr>
              <tr><td><b>Lindero Vial</b></td><td>Infranqueable (Búfer LPIS 3.5m)</td></tr>
              <tr bgcolor="#F8FAFC"><td><b>Estándar Registral</b></td><td>✅ 100% Conforme ISO 19152</td></tr>
            </table>
          </div>
        ]]></description>
      <Polygon>
        <outerBoundaryIs><LinearRing>
          <coordinates>-78.63789439201355,-1.603740804147652,0 -78.63799095153809,-1.603815876554719,0 -78.63799631595612,-1.603880224332205,0 -78.63794803619385,-1.6039392097949003,0 -78.63793194293976,-1.6040464560907104,0 -78.63788366317749,-1.6041215284977772,0 -78.63786220550537,-1.6042770356267015,0 -78.63786220550537,-1.603762253406814,0 -78.63789439201355,-1.603740804147652,0</coordinates>
        </LinearRing></outerBoundaryIs>
      </Polygon>
      </Placemark>
      <Placemark>
        <name>UPA-285 (0.04 ha)</name>
        <styleUrl>#upa_wireframe_style</styleUrl>
        <description><![CDATA[
          <div style="font-family: Arial, sans-serif; font-size: 12px; color: #1E293B;">
            <h3 style="color: #0F766E; margin-bottom: 4px;">FICHA PREDIAL: UPA-285</h3>
            <table border="1" cellpadding="4" cellspacing="0" style="border-collapse: collapse; width: 100%; border-color: #CBD5E1;">
              <tr bgcolor="#F8FAFC"><td><b>Escenario</b></td><td>4_Valle_Hortifruticola_Guano</td></tr>
              <tr><td><b>Superficie Útil</b></td><td><b>0.0413 ha</b> (413.4 m²)</td></tr>
              <tr bgcolor="#F8FAFC"><td><b>Vértices LADM</b></td><td>7 vértices (Conforme 4-10)</td></tr>
              <tr><td><b>Clase de Uso</b></td><td>Pastizal_Mixto</td></tr>
              <tr bgcolor="#F8FAFC"><td><b>Solape Habitacional</b></td><td>0.00% (Segregado LADM)</td></tr>
              <tr><td><b>Lindero Vial</b></td><td>Infranqueable (Búfer LPIS 3.5m)</td></tr>
              <tr bgcolor="#F8FAFC"><td><b>Estándar Registral</b></td><td>✅ 100% Conforme ISO 19152</td></tr>
            </table>
          </div>
        ]]></description>
      <Polygon>
        <outerBoundaryIs><LinearRing>
          <coordinates>-78.64196598529816,-1.6055747158060016,0 -78.64200353622437,-1.6057355852497166,0 -78.64200353622437,-1.605837469230736,0 -78.64182114601135,-1.605848193860317,0 -78.64182651042938,-1.6055747158060016,0 -78.64186406135559,-1.6056926867313925,0 -78.64197671413422,-1.6056283389539066,0 -78.64196598529816,-1.6055747158060016,0</coordinates>
        </LinearRing></outerBoundaryIs>
      </Polygon>
      </Placemark>
      <Placemark>
        <name>UPA-286 (0.04 ha)</name>
        <styleUrl>#upa_wireframe_style</styleUrl>
        <description><![CDATA[
          <div style="font-family: Arial, sans-serif; font-size: 12px; color: #1E293B;">
            <h3 style="color: #0F766E; margin-bottom: 4px;">FICHA PREDIAL: UPA-286</h3>
            <table border="1" cellpadding="4" cellspacing="0" style="border-collapse: collapse; width: 100%; border-color: #CBD5E1;">
              <tr bgcolor="#F8FAFC"><td><b>Escenario</b></td><td>4_Valle_Hortifruticola_Guano</td></tr>
              <tr><td><b>Superficie Útil</b></td><td><b>0.0409 ha</b> (409.0 m²)</td></tr>
              <tr bgcolor="#F8FAFC"><td><b>Vértices LADM</b></td><td>7 vértices (Conforme 4-10)</td></tr>
              <tr><td><b>Clase de Uso</b></td><td>Pastizal_Mixto</td></tr>
              <tr bgcolor="#F8FAFC"><td><b>Solape Habitacional</b></td><td>0.00% (Segregado LADM)</td></tr>
              <tr><td><b>Lindero Vial</b></td><td>Infranqueable (Búfer LPIS 3.5m)</td></tr>
              <tr bgcolor="#F8FAFC"><td><b>Estándar Registral</b></td><td>✅ 100% Conforme ISO 19152</td></tr>
            </table>
          </div>
        ]]></description>
      <Polygon>
        <outerBoundaryIs><LinearRing>
          <coordinates>-78.63801777362823,-1.6060358748779844,0 -78.63811433315277,-1.6060144256188225,0 -78.63813042640686,-1.6061163095998419,0 -78.63810360431671,-1.6064916716351765,0 -78.63804459571838,-1.6064326861724811,0 -78.63811433315277,-1.6062825413583472,0 -78.63803923130035,-1.6063147152470902,0 -78.63801777362823,-1.6060358748779844,0</coordinates>
        </LinearRing></outerBoundaryIs>
      </Polygon>
      </Placemark>
      <Placemark>
        <name>UPA-287 (0.04 ha)</name>
        <styleUrl>#upa_wireframe_style</styleUrl>
        <description><![CDATA[
          <div style="font-family: Arial, sans-serif; font-size: 12px; color: #1E293B;">
            <h3 style="color: #0F766E; margin-bottom: 4px;">FICHA PREDIAL: UPA-287</h3>
            <table border="1" cellpadding="4" cellspacing="0" style="border-collapse: collapse; width: 100%; border-color: #CBD5E1;">
              <tr bgcolor="#F8FAFC"><td><b>Escenario</b></td><td>4_Valle_Hortifruticola_Guano</td></tr>
              <tr><td><b>Superficie Útil</b></td><td><b>0.0407 ha</b> (406.9 m²)</td></tr>
              <tr bgcolor="#F8FAFC"><td><b>Vértices LADM</b></td><td>8 vértices (Conforme 4-10)</td></tr>
              <tr><td><b>Clase de Uso</b></td><td>Pastizal_Mixto</td></tr>
              <tr bgcolor="#F8FAFC"><td><b>Solape Habitacional</b></td><td>0.00% (Segregado LADM)</td></tr>
              <tr><td><b>Lindero Vial</b></td><td>Infranqueable (Búfer LPIS 3.5m)</td></tr>
              <tr bgcolor="#F8FAFC"><td><b>Estándar Registral</b></td><td>✅ 100% Conforme ISO 19152</td></tr>
            </table>
          </div>
        ]]></description>
      <Polygon>
        <outerBoundaryIs><LinearRing>
          <coordinates>-78.63912284374237,-1.6062021066364898,0 -78.63913357257843,-1.606293265987928,0 -78.63910675048828,-1.6063683383949952,0 -78.63889753818512,-1.6063629760802045,0 -78.63895118236542,-1.6062503674696043,0 -78.63893508911133,-1.6062235558956517,0 -78.63889217376709,-1.6062289182104421,0 -78.63890290260315,-1.6062021066364898,0 -78.63912284374237,-1.6062021066364898,0</coordinates>
        </LinearRing></outerBoundaryIs>
      </Polygon>
      </Placemark>
      <Placemark>
        <name>UPA-288 (0.04 ha)</name>
        <styleUrl>#upa_wireframe_style</styleUrl>
        <description><![CDATA[
          <div style="font-family: Arial, sans-serif; font-size: 12px; color: #1E293B;">
            <h3 style="color: #0F766E; margin-bottom: 4px;">FICHA PREDIAL: UPA-288</h3>
            <table border="1" cellpadding="4" cellspacing="0" style="border-collapse: collapse; width: 100%; border-color: #CBD5E1;">
              <tr bgcolor="#F8FAFC"><td><b>Escenario</b></td><td>4_Valle_Hortifruticola_Guano</td></tr>
              <tr><td><b>Superficie Útil</b></td><td><b>0.0389 ha</b> (389.0 m²)</td></tr>
              <tr bgcolor="#F8FAFC"><td><b>Vértices LADM</b></td><td>6 vértices (Conforme 4-10)</td></tr>
              <tr><td><b>Clase de Uso</b></td><td>Pastizal_Mixto</td></tr>
              <tr bgcolor="#F8FAFC"><td><b>Solape Habitacional</b></td><td>0.00% (Segregado LADM)</td></tr>
              <tr><td><b>Lindero Vial</b></td><td>Infranqueable (Búfer LPIS 3.5m)</td></tr>
              <tr bgcolor="#F8FAFC"><td><b>Estándar Registral</b></td><td>✅ 100% Conforme ISO 19152</td></tr>
            </table>
          </div>
        ]]></description>
      <Polygon>
        <outerBoundaryIs><LinearRing>
          <coordinates>-78.64105939865112,-1.6067437004303298,0 -78.64104866981506,-1.6070064538550641,0 -78.64103257656097,-1.6070118161698546,0 -78.64097356796265,-1.6069742799663211,0 -78.64092528820038,-1.6069796422811116,0 -78.64091992378235,-1.6067544250599108,0 -78.64105939865112,-1.6067437004303298,0</coordinates>
        </LinearRing></outerBoundaryIs>
      </Polygon>
      </Placemark>
      <Placemark>
        <name>UPA-289 (0.04 ha)</name>
        <styleUrl>#upa_wireframe_style</styleUrl>
        <description><![CDATA[
          <div style="font-family: Arial, sans-serif; font-size: 12px; color: #1E293B;">
            <h3 style="color: #0F766E; margin-bottom: 4px;">FICHA PREDIAL: UPA-289</h3>
            <table border="1" cellpadding="4" cellspacing="0" style="border-collapse: collapse; width: 100%; border-color: #CBD5E1;">
              <tr bgcolor="#F8FAFC"><td><b>Escenario</b></td><td>4_Valle_Hortifruticola_Guano</td></tr>
              <tr><td><b>Superficie Útil</b></td><td><b>0.0388 ha</b> (387.7 m²)</td></tr>
              <tr bgcolor="#F8FAFC"><td><b>Vértices LADM</b></td><td>6 vértices (Conforme 4-10)</td></tr>
              <tr><td><b>Clase de Uso</b></td><td>Pastizal_Mixto</td></tr>
              <tr bgcolor="#F8FAFC"><td><b>Solape Habitacional</b></td><td>0.00% (Segregado LADM)</td></tr>
              <tr><td><b>Lindero Vial</b></td><td>Infranqueable (Búfer LPIS 3.5m)</td></tr>
              <tr bgcolor="#F8FAFC"><td><b>Estándar Registral</b></td><td>✅ 100% Conforme ISO 19152</td></tr>
            </table>
          </div>
        ]]></description>
      <Polygon>
        <outerBoundaryIs><LinearRing>
          <coordinates>-78.64045321941376,-1.6067490627451204,0 -78.64050149917603,-1.6067490627451204,0 -78.64051759243011,-1.6067705120042823,0 -78.64052832126617,-1.607135149410036,0 -78.6404424905777,-1.607135149410036,0 -78.64043712615967,-1.6068134105226062,0 -78.64045321941376,-1.6067490627451204,0</coordinates>
        </LinearRing></outerBoundaryIs>
      </Polygon>
      </Placemark>
      <Placemark>
        <name>UPA-290 (0.04 ha)</name>
        <styleUrl>#upa_wireframe_style</styleUrl>
        <description><![CDATA[
          <div style="font-family: Arial, sans-serif; font-size: 12px; color: #1E293B;">
            <h3 style="color: #0F766E; margin-bottom: 4px;">FICHA PREDIAL: UPA-290</h3>
            <table border="1" cellpadding="4" cellspacing="0" style="border-collapse: collapse; width: 100%; border-color: #CBD5E1;">
              <tr bgcolor="#F8FAFC"><td><b>Escenario</b></td><td>4_Valle_Hortifruticola_Guano</td></tr>
              <tr><td><b>Superficie Útil</b></td><td><b>0.0379 ha</b> (378.5 m²)</td></tr>
              <tr bgcolor="#F8FAFC"><td><b>Vértices LADM</b></td><td>8 vértices (Conforme 4-10)</td></tr>
              <tr><td><b>Clase de Uso</b></td><td>Pastizal_Mixto</td></tr>
              <tr bgcolor="#F8FAFC"><td><b>Solape Habitacional</b></td><td>0.00% (Segregado LADM)</td></tr>
              <tr><td><b>Lindero Vial</b></td><td>Infranqueable (Búfer LPIS 3.5m)</td></tr>
              <tr bgcolor="#F8FAFC"><td><b>Estándar Registral</b></td><td>✅ 100% Conforme ISO 19152</td></tr>
            </table>
          </div>
        ]]></description>
      <Polygon>
        <outerBoundaryIs><LinearRing>
          <coordinates>-78.6384630203247,-1.6049044264571897,0 -78.63847374916077,-1.6050331220121616,0 -78.63845765590668,-1.605092107474857,0 -78.63847374916077,-1.6051403683079715,0 -78.63836109638214,-1.6051618175671334,0 -78.63834500312805,-1.605145730622762,0 -78.63833963871002,-1.6049258757163516,0 -78.63836109638214,-1.6049044264571897,0 -78.6384630203247,-1.6049044264571897,0</coordinates>
        </LinearRing></outerBoundaryIs>
      </Polygon>
      </Placemark>
      <Placemark>
        <name>UPA-291 (0.04 ha)</name>
        <styleUrl>#upa_wireframe_style</styleUrl>
        <description><![CDATA[
          <div style="font-family: Arial, sans-serif; font-size: 12px; color: #1E293B;">
            <h3 style="color: #0F766E; margin-bottom: 4px;">FICHA PREDIAL: UPA-291</h3>
            <table border="1" cellpadding="4" cellspacing="0" style="border-collapse: collapse; width: 100%; border-color: #CBD5E1;">
              <tr bgcolor="#F8FAFC"><td><b>Escenario</b></td><td>4_Valle_Hortifruticola_Guano</td></tr>
              <tr><td><b>Superficie Útil</b></td><td><b>0.0369 ha</b> (369.0 m²)</td></tr>
              <tr bgcolor="#F8FAFC"><td><b>Vértices LADM</b></td><td>6 vértices (Conforme 4-10)</td></tr>
              <tr><td><b>Clase de Uso</b></td><td>Cultivo_Verde_Intensivo</td></tr>
              <tr bgcolor="#F8FAFC"><td><b>Solape Habitacional</b></td><td>0.00% (Segregado LADM)</td></tr>
              <tr><td><b>Lindero Vial</b></td><td>Infranqueable (Búfer LPIS 3.5m)</td></tr>
              <tr bgcolor="#F8FAFC"><td><b>Estándar Registral</b></td><td>✅ 100% Conforme ISO 19152</td></tr>
            </table>
          </div>
        ]]></description>
      <Polygon>
        <outerBoundaryIs><LinearRing>
          <coordinates>-78.64161729812622,-1.6054245709918677,0 -78.64161193370819,-1.6055479042320493,0 -78.64146709442139,-1.6055961650651636,0 -78.64141881465912,-1.6055800781207923,0 -78.64139199256897,-1.6055103680285157,0 -78.64140272140503,-1.6054460202510297,0 -78.64161729812622,-1.6054245709918677,0</coordinates>
        </LinearRing></outerBoundaryIs>
      </Polygon>
      </Placemark>
      <Placemark>
        <name>UPA-292 (0.04 ha)</name>
        <styleUrl>#upa_wireframe_style</styleUrl>
        <description><![CDATA[
          <div style="font-family: Arial, sans-serif; font-size: 12px; color: #1E293B;">
            <h3 style="color: #0F766E; margin-bottom: 4px;">FICHA PREDIAL: UPA-292</h3>
            <table border="1" cellpadding="4" cellspacing="0" style="border-collapse: collapse; width: 100%; border-color: #CBD5E1;">
              <tr bgcolor="#F8FAFC"><td><b>Escenario</b></td><td>4_Valle_Hortifruticola_Guano</td></tr>
              <tr><td><b>Superficie Útil</b></td><td><b>0.0369 ha</b> (369.0 m²)</td></tr>
              <tr bgcolor="#F8FAFC"><td><b>Vértices LADM</b></td><td>7 vértices (Conforme 4-10)</td></tr>
              <tr><td><b>Clase de Uso</b></td><td>Pastizal_Mixto</td></tr>
              <tr bgcolor="#F8FAFC"><td><b>Solape Habitacional</b></td><td>0.00% (Segregado LADM)</td></tr>
              <tr><td><b>Lindero Vial</b></td><td>Infranqueable (Búfer LPIS 3.5m)</td></tr>
              <tr bgcolor="#F8FAFC"><td><b>Estándar Registral</b></td><td>✅ 100% Conforme ISO 19152</td></tr>
            </table>
          </div>
        ]]></description>
      <Polygon>
        <outerBoundaryIs><LinearRing>
          <coordinates>-78.64045321941376,-1.605966164785708,0 -78.64053905010223,-1.6059447155265458,0 -78.64051759243011,-1.6060626864519367,0 -78.64053905010223,-1.6060894980258893,0 -78.64061951637268,-1.6060948603406797,0 -78.64061415195465,-1.6062181935808613,0 -78.64045321941376,-1.6062074689512802,0 -78.64045321941376,-1.605966164785708,0</coordinates>
        </LinearRing></outerBoundaryIs>
      </Polygon>
      </Placemark>
      <Placemark>
        <name>UPA-293 (0.04 ha)</name>
        <styleUrl>#upa_wireframe_style</styleUrl>
        <description><![CDATA[
          <div style="font-family: Arial, sans-serif; font-size: 12px; color: #1E293B;">
            <h3 style="color: #0F766E; margin-bottom: 4px;">FICHA PREDIAL: UPA-293</h3>
            <table border="1" cellpadding="4" cellspacing="0" style="border-collapse: collapse; width: 100%; border-color: #CBD5E1;">
              <tr bgcolor="#F8FAFC"><td><b>Escenario</b></td><td>4_Valle_Hortifruticola_Guano</td></tr>
              <tr><td><b>Superficie Útil</b></td><td><b>0.0357 ha</b> (357.2 m²)</td></tr>
              <tr bgcolor="#F8FAFC"><td><b>Vértices LADM</b></td><td>8 vértices (Conforme 4-10)</td></tr>
              <tr><td><b>Clase de Uso</b></td><td>Cultivo_Verde_Intensivo</td></tr>
              <tr bgcolor="#F8FAFC"><td><b>Solape Habitacional</b></td><td>0.00% (Segregado LADM)</td></tr>
              <tr><td><b>Lindero Vial</b></td><td>Infranqueable (Búfer LPIS 3.5m)</td></tr>
              <tr bgcolor="#F8FAFC"><td><b>Estándar Registral</b></td><td>✅ 100% Conforme ISO 19152</td></tr>
            </table>
          </div>
        ]]></description>
      <Polygon>
        <outerBoundaryIs><LinearRing>
          <coordinates>-78.64151000976562,-1.6055908027503731,0 -78.64152073860168,-1.605848193860317,0 -78.64162266254425,-1.6058428315455264,0 -78.64162266254425,-1.6055800781207923,0 -78.64157389510761,-1.6055605787942813,0 -78.64156418719318,-1.6055638134970256,0 -78.64156365394592,-1.6055639911764208,0 -78.64153683185577,-1.6055908027503731,0 -78.64151000976562,-1.6055908027503731,0</coordinates>
        </LinearRing></outerBoundaryIs>
      </Polygon>
      </Placemark>
      <Placemark>
        <name>UPA-294 (0.04 ha)</name>
        <styleUrl>#upa_wireframe_style</styleUrl>
        <description><![CDATA[
          <div style="font-family: Arial, sans-serif; font-size: 12px; color: #1E293B;">
            <h3 style="color: #0F766E; margin-bottom: 4px;">FICHA PREDIAL: UPA-294</h3>
            <table border="1" cellpadding="4" cellspacing="0" style="border-collapse: collapse; width: 100%; border-color: #CBD5E1;">
              <tr bgcolor="#F8FAFC"><td><b>Escenario</b></td><td>4_Valle_Hortifruticola_Guano</td></tr>
              <tr><td><b>Superficie Útil</b></td><td><b>0.0352 ha</b> (351.8 m²)</td></tr>
              <tr bgcolor="#F8FAFC"><td><b>Vértices LADM</b></td><td>8 vértices (Conforme 4-10)</td></tr>
              <tr><td><b>Clase de Uso</b></td><td>Cultivo_Verde_Intensivo</td></tr>
              <tr bgcolor="#F8FAFC"><td><b>Solape Habitacional</b></td><td>0.00% (Segregado LADM)</td></tr>
              <tr><td><b>Lindero Vial</b></td><td>Infranqueable (Búfer LPIS 3.5m)</td></tr>
              <tr bgcolor="#F8FAFC"><td><b>Estándar Registral</b></td><td>✅ 100% Conforme ISO 19152</td></tr>
            </table>
          </div>
        ]]></description>
      <Polygon>
        <outerBoundaryIs><LinearRing>
          <coordinates>-78.64020109176636,-1.6033225435939933,0 -78.64020645618439,-1.603188485724231,0 -78.64007771015167,-1.6031509495206975,0 -78.63998115062714,-1.603199210353812,0 -78.64008090748692,-1.6033100078514655,0 -78.64010989665985,-1.603327905908784,0 -78.64010813301557,-1.6033402465784388,0 -78.64012598991394,-1.603360079797527,0 -78.64020109176636,-1.6033225435939933,0</coordinates>
        </LinearRing></outerBoundaryIs>
      </Polygon>
      </Placemark>
      <Placemark>
        <name>UPA-295 (0.04 ha)</name>
        <styleUrl>#upa_wireframe_style</styleUrl>
        <description><![CDATA[
          <div style="font-family: Arial, sans-serif; font-size: 12px; color: #1E293B;">
            <h3 style="color: #0F766E; margin-bottom: 4px;">FICHA PREDIAL: UPA-295</h3>
            <table border="1" cellpadding="4" cellspacing="0" style="border-collapse: collapse; width: 100%; border-color: #CBD5E1;">
              <tr bgcolor="#F8FAFC"><td><b>Escenario</b></td><td>4_Valle_Hortifruticola_Guano</td></tr>
              <tr><td><b>Superficie Útil</b></td><td><b>0.0352 ha</b> (351.6 m²)</td></tr>
              <tr bgcolor="#F8FAFC"><td><b>Vértices LADM</b></td><td>7 vértices (Conforme 4-10)</td></tr>
              <tr><td><b>Clase de Uso</b></td><td>Cultivo_Verde_Intensivo</td></tr>
              <tr bgcolor="#F8FAFC"><td><b>Solape Habitacional</b></td><td>0.00% (Segregado LADM)</td></tr>
              <tr><td><b>Lindero Vial</b></td><td>Infranqueable (Búfer LPIS 3.5m)</td></tr>
              <tr bgcolor="#F8FAFC"><td><b>Estándar Registral</b></td><td>✅ 100% Conforme ISO 19152</td></tr>
            </table>
          </div>
        ]]></description>
      <Polygon>
        <outerBoundaryIs><LinearRing>
          <coordinates>-78.63786220550537,-1.603295732020041,0 -78.63790512084961,-1.6032367465573454,0 -78.63802313804626,-1.6032367465573454,0 -78.63810360431671,-1.6032796450756694,0 -78.63813579082489,-1.603327905908784,0 -78.63813042640686,-1.6033708044271078,0 -78.63799631595612,-1.6033868913714793,0 -78.63786220550537,-1.603295732020041,0</coordinates>
        </LinearRing></outerBoundaryIs>
      </Polygon>
      </Placemark>
      <Placemark>
        <name>UPA-296 (0.03 ha)</name>
        <styleUrl>#upa_wireframe_style</styleUrl>
        <description><![CDATA[
          <div style="font-family: Arial, sans-serif; font-size: 12px; color: #1E293B;">
            <h3 style="color: #0F766E; margin-bottom: 4px;">FICHA PREDIAL: UPA-296</h3>
            <table border="1" cellpadding="4" cellspacing="0" style="border-collapse: collapse; width: 100%; border-color: #CBD5E1;">
              <tr bgcolor="#F8FAFC"><td><b>Escenario</b></td><td>4_Valle_Hortifruticola_Guano</td></tr>
              <tr><td><b>Superficie Útil</b></td><td><b>0.0341 ha</b> (341.0 m²)</td></tr>
              <tr bgcolor="#F8FAFC"><td><b>Vértices LADM</b></td><td>7 vértices (Conforme 4-10)</td></tr>
              <tr><td><b>Clase de Uso</b></td><td>Cultivo_Verde_Intensivo</td></tr>
              <tr bgcolor="#F8FAFC"><td><b>Solape Habitacional</b></td><td>0.00% (Segregado LADM)</td></tr>
              <tr><td><b>Lindero Vial</b></td><td>Infranqueable (Búfer LPIS 3.5m)</td></tr>
              <tr bgcolor="#F8FAFC"><td><b>Estándar Registral</b></td><td>✅ 100% Conforme ISO 19152</td></tr>
            </table>
          </div>
        ]]></description>
      <Polygon>
        <outerBoundaryIs><LinearRing>
          <coordinates>-78.64108622074127,-1.6040089198871768,0 -78.6410915851593,-1.6041322531273583,0 -78.64108085632324,-1.6041429777569391,0 -78.64096283912659,-1.6041322531273583,0 -78.64093065261841,-1.6041644270161013,0 -78.64088773727417,-1.6041697893308917,0 -78.6408394575119,-1.6040464560907104,0 -78.64108622074127,-1.6040089198871768,0</coordinates>
        </LinearRing></outerBoundaryIs>
      </Polygon>
      </Placemark>
      <Placemark>
        <name>UPA-297 (0.03 ha)</name>
        <styleUrl>#upa_wireframe_style</styleUrl>
        <description><![CDATA[
          <div style="font-family: Arial, sans-serif; font-size: 12px; color: #1E293B;">
            <h3 style="color: #0F766E; margin-bottom: 4px;">FICHA PREDIAL: UPA-297</h3>
            <table border="1" cellpadding="4" cellspacing="0" style="border-collapse: collapse; width: 100%; border-color: #CBD5E1;">
              <tr bgcolor="#F8FAFC"><td><b>Escenario</b></td><td>4_Valle_Hortifruticola_Guano</td></tr>
              <tr><td><b>Superficie Útil</b></td><td><b>0.0315 ha</b> (314.9 m²)</td></tr>
              <tr bgcolor="#F8FAFC"><td><b>Vértices LADM</b></td><td>8 vértices (Conforme 4-10)</td></tr>
              <tr><td><b>Clase de Uso</b></td><td>Pastizal_Mixto</td></tr>
              <tr bgcolor="#F8FAFC"><td><b>Solape Habitacional</b></td><td>0.00% (Segregado LADM)</td></tr>
              <tr><td><b>Lindero Vial</b></td><td>Infranqueable (Búfer LPIS 3.5m)</td></tr>
              <tr bgcolor="#F8FAFC"><td><b>Estándar Registral</b></td><td>✅ 100% Conforme ISO 19152</td></tr>
            </table>
          </div>
        ]]></description>
      <Polygon>
        <outerBoundaryIs><LinearRing>
          <coordinates>-78.63999724388123,-1.6040679053498723,0 -78.6399918794632,-1.603944572109691,0 -78.63984704017639,-1.603966021368853,0 -78.63983631134033,-1.6039874706280148,0 -78.6398845911026,-1.6040089198871768,0 -78.63979876041412,-1.604030369146339,0 -78.63977193832397,-1.6041161661829868,0 -78.63980770111084,-1.6041251033743043,0 -78.63999724388123,-1.6040679053498723,0</coordinates>
        </LinearRing></outerBoundaryIs>
      </Polygon>
      </Placemark>
      <Placemark>
        <name>UPA-298 (0.03 ha)</name>
        <styleUrl>#upa_wireframe_style</styleUrl>
        <description><![CDATA[
          <div style="font-family: Arial, sans-serif; font-size: 12px; color: #1E293B;">
            <h3 style="color: #0F766E; margin-bottom: 4px;">FICHA PREDIAL: UPA-298</h3>
            <table border="1" cellpadding="4" cellspacing="0" style="border-collapse: collapse; width: 100%; border-color: #CBD5E1;">
              <tr bgcolor="#F8FAFC"><td><b>Escenario</b></td><td>4_Valle_Hortifruticola_Guano</td></tr>
              <tr><td><b>Superficie Útil</b></td><td><b>0.0327 ha</b> (326.6 m²)</td></tr>
              <tr bgcolor="#F8FAFC"><td><b>Vértices LADM</b></td><td>9 vértices (Conforme 4-10)</td></tr>
              <tr><td><b>Clase de Uso</b></td><td>Pastizal_Mixto</td></tr>
              <tr bgcolor="#F8FAFC"><td><b>Solape Habitacional</b></td><td>0.00% (Segregado LADM)</td></tr>
              <tr><td><b>Lindero Vial</b></td><td>Infranqueable (Búfer LPIS 3.5m)</td></tr>
              <tr bgcolor="#F8FAFC"><td><b>Estándar Registral</b></td><td>✅ 100% Conforme ISO 19152</td></tr>
            </table>
          </div>
        ]]></description>
      <Polygon>
        <outerBoundaryIs><LinearRing>
          <coordinates>-78.63954663276672,-1.6065613817274529,0 -78.63961100578308,-1.6065452947830814,0 -78.63962173461914,-1.606443410802062,0 -78.63959491252899,-1.6064380484872716,0 -78.63959491252899,-1.606346889135833,0 -78.63953410563144,-1.6063439947045541,0 -78.63951185565752,-1.6063493632822186,0 -78.63947157681307,-1.6063590819499995,0 -78.63947689533234,-1.60652920783871,0 -78.63954663276672,-1.6065613817274529,0</coordinates>
        </LinearRing></outerBoundaryIs>
      </Polygon>
      </Placemark>
      <Placemark>
        <name>UPA-299 (0.03 ha)</name>
        <styleUrl>#upa_wireframe_style</styleUrl>
        <description><![CDATA[
          <div style="font-family: Arial, sans-serif; font-size: 12px; color: #1E293B;">
            <h3 style="color: #0F766E; margin-bottom: 4px;">FICHA PREDIAL: UPA-299</h3>
            <table border="1" cellpadding="4" cellspacing="0" style="border-collapse: collapse; width: 100%; border-color: #CBD5E1;">
              <tr bgcolor="#F8FAFC"><td><b>Escenario</b></td><td>4_Valle_Hortifruticola_Guano</td></tr>
              <tr><td><b>Superficie Útil</b></td><td><b>0.0326 ha</b> (325.7 m²)</td></tr>
              <tr bgcolor="#F8FAFC"><td><b>Vértices LADM</b></td><td>6 vértices (Conforme 4-10)</td></tr>
              <tr><td><b>Clase de Uso</b></td><td>Pastizal_Mixto</td></tr>
              <tr bgcolor="#F8FAFC"><td><b>Solape Habitacional</b></td><td>0.00% (Segregado LADM)</td></tr>
              <tr><td><b>Lindero Vial</b></td><td>Infranqueable (Búfer LPIS 3.5m)</td></tr>
              <tr bgcolor="#F8FAFC"><td><b>Estándar Registral</b></td><td>✅ 100% Conforme ISO 19152</td></tr>
            </table>
          </div>
        ]]></description>
      <Polygon>
        <outerBoundaryIs><LinearRing>
          <coordinates>-78.63914966583252,-1.6063522514506237,0 -78.63937497138977,-1.6063629760802045,0 -78.63938570022583,-1.606507758579548,0 -78.639235496521,-1.6065238455239195,0 -78.6392891407013,-1.6063951499689475,0 -78.63914966583252,-1.6064487731168526,0 -78.63914966583252,-1.6063522514506237,0</coordinates>
        </LinearRing></outerBoundaryIs>
      </Polygon>
      </Placemark>
      <Placemark>
        <name>UPA-300 (0.03 ha)</name>
        <styleUrl>#upa_wireframe_style</styleUrl>
        <description><![CDATA[
          <div style="font-family: Arial, sans-serif; font-size: 12px; color: #1E293B;">
            <h3 style="color: #0F766E; margin-bottom: 4px;">FICHA PREDIAL: UPA-300</h3>
            <table border="1" cellpadding="4" cellspacing="0" style="border-collapse: collapse; width: 100%; border-color: #CBD5E1;">
              <tr bgcolor="#F8FAFC"><td><b>Escenario</b></td><td>4_Valle_Hortifruticola_Guano</td></tr>
              <tr><td><b>Superficie Útil</b></td><td><b>0.0321 ha</b> (320.6 m²)</td></tr>
              <tr bgcolor="#F8FAFC"><td><b>Vértices LADM</b></td><td>7 vértices (Conforme 4-10)</td></tr>
              <tr><td><b>Clase de Uso</b></td><td>Cultivo_Verde_Intensivo</td></tr>
              <tr bgcolor="#F8FAFC"><td><b>Solape Habitacional</b></td><td>0.00% (Segregado LADM)</td></tr>
              <tr><td><b>Lindero Vial</b></td><td>Infranqueable (Búfer LPIS 3.5m)</td></tr>
              <tr bgcolor="#F8FAFC"><td><b>Estándar Registral</b></td><td>✅ 100% Conforme ISO 19152</td></tr>
            </table>
          </div>
        ]]></description>
      <Polygon>
        <outerBoundaryIs><LinearRing>
          <coordinates>-78.63826990127563,-1.6062021066364898,0 -78.63830208778381,-1.6063147152470902,0 -78.63829135894775,-1.606357613765414,0 -78.63814115524292,-1.6063737007097856,0 -78.63813042640686,-1.606357613765414,0 -78.63813579082489,-1.6062074689512802,0 -78.63821625709534,-1.6061913820069087,0 -78.63826990127563,-1.6062021066364898,0</coordinates>
        </LinearRing></outerBoundaryIs>
      </Polygon>
      </Placemark>
      <Placemark>
        <name>UPA-301 (0.03 ha)</name>
        <styleUrl>#upa_wireframe_style</styleUrl>
        <description><![CDATA[
          <div style="font-family: Arial, sans-serif; font-size: 12px; color: #1E293B;">
            <h3 style="color: #0F766E; margin-bottom: 4px;">FICHA PREDIAL: UPA-301</h3>
            <table border="1" cellpadding="4" cellspacing="0" style="border-collapse: collapse; width: 100%; border-color: #CBD5E1;">
              <tr bgcolor="#F8FAFC"><td><b>Escenario</b></td><td>4_Valle_Hortifruticola_Guano</td></tr>
              <tr><td><b>Superficie Útil</b></td><td><b>0.0313 ha</b> (313.2 m²)</td></tr>
              <tr bgcolor="#F8FAFC"><td><b>Vértices LADM</b></td><td>9 vértices (Conforme 4-10)</td></tr>
              <tr><td><b>Clase de Uso</b></td><td>Cultivo_Verde_Intensivo</td></tr>
              <tr bgcolor="#F8FAFC"><td><b>Solape Habitacional</b></td><td>0.00% (Segregado LADM)</td></tr>
              <tr><td><b>Lindero Vial</b></td><td>Infranqueable (Búfer LPIS 3.5m)</td></tr>
              <tr bgcolor="#F8FAFC"><td><b>Estándar Registral</b></td><td>✅ 100% Conforme ISO 19152</td></tr>
            </table>
          </div>
        ]]></description>
      <Polygon>
        <outerBoundaryIs><LinearRing>
          <coordinates>-78.63903164863586,-1.6044700789591595,0 -78.63892436027527,-1.604464716644369,0 -78.63889753818512,-1.60447544127395,0 -78.63890290260315,-1.6046416730324553,0 -78.63891363143921,-1.6046577599768268,0 -78.63894313573837,-1.6046604411342222,0 -78.63899409770966,-1.6046631222916174,0 -78.63899624347687,-1.6046652672175334,0 -78.63903164863586,-1.6046684846064079,0 -78.63903164863586,-1.6044700789591595,0</coordinates>
        </LinearRing></outerBoundaryIs>
      </Polygon>
      </Placemark>
      <Placemark>
        <name>UPA-302 (0.03 ha)</name>
        <styleUrl>#upa_wireframe_style</styleUrl>
        <description><![CDATA[
          <div style="font-family: Arial, sans-serif; font-size: 12px; color: #1E293B;">
            <h3 style="color: #0F766E; margin-bottom: 4px;">FICHA PREDIAL: UPA-302</h3>
            <table border="1" cellpadding="4" cellspacing="0" style="border-collapse: collapse; width: 100%; border-color: #CBD5E1;">
              <tr bgcolor="#F8FAFC"><td><b>Escenario</b></td><td>4_Valle_Hortifruticola_Guano</td></tr>
              <tr><td><b>Superficie Útil</b></td><td><b>0.0310 ha</b> (309.9 m²)</td></tr>
              <tr bgcolor="#F8FAFC"><td><b>Vértices LADM</b></td><td>6 vértices (Conforme 4-10)</td></tr>
              <tr><td><b>Clase de Uso</b></td><td>Cultivo_Verde_Intensivo</td></tr>
              <tr bgcolor="#F8FAFC"><td><b>Solape Habitacional</b></td><td>0.00% (Segregado LADM)</td></tr>
              <tr><td><b>Lindero Vial</b></td><td>Infranqueable (Búfer LPIS 3.5m)</td></tr>
              <tr bgcolor="#F8FAFC"><td><b>Estándar Registral</b></td><td>✅ 100% Conforme ISO 19152</td></tr>
            </table>
          </div>
        ]]></description>
      <Polygon>
        <outerBoundaryIs><LinearRing>
          <coordinates>-78.64118814468384,-1.6059500778413365,0 -78.6411988735199,-1.6060626864519367,0 -78.64110231399536,-1.6060894980258893,0 -78.6411452293396,-1.6062021066364898,0 -78.64106476306915,-1.6062021066364898,0 -78.64104330539703,-1.605966164785708,0 -78.64118814468384,-1.6059500778413365,0</coordinates>
        </LinearRing></outerBoundaryIs>
      </Polygon>
      </Placemark>
      <Placemark>
        <name>UPA-303 (0.03 ha)</name>
        <styleUrl>#upa_wireframe_style</styleUrl>
        <description><![CDATA[
          <div style="font-family: Arial, sans-serif; font-size: 12px; color: #1E293B;">
            <h3 style="color: #0F766E; margin-bottom: 4px;">FICHA PREDIAL: UPA-303</h3>
            <table border="1" cellpadding="4" cellspacing="0" style="border-collapse: collapse; width: 100%; border-color: #CBD5E1;">
              <tr bgcolor="#F8FAFC"><td><b>Escenario</b></td><td>4_Valle_Hortifruticola_Guano</td></tr>
              <tr><td><b>Superficie Útil</b></td><td><b>0.0309 ha</b> (308.9 m²)</td></tr>
              <tr bgcolor="#F8FAFC"><td><b>Vértices LADM</b></td><td>7 vértices (Conforme 4-10)</td></tr>
              <tr><td><b>Clase de Uso</b></td><td>Pastizal_Mixto</td></tr>
              <tr bgcolor="#F8FAFC"><td><b>Solape Habitacional</b></td><td>0.00% (Segregado LADM)</td></tr>
              <tr><td><b>Lindero Vial</b></td><td>Infranqueable (Búfer LPIS 3.5m)</td></tr>
              <tr bgcolor="#F8FAFC"><td><b>Estándar Registral</b></td><td>✅ 100% Conforme ISO 19152</td></tr>
            </table>
          </div>
        ]]></description>
      <Polygon>
        <outerBoundaryIs><LinearRing>
          <coordinates>-78.64085018634796,-1.6047703685874273,0 -78.64087164402008,-1.6047810932170083,0 -78.64087700843811,-1.6048132671057513,0 -78.64088773727417,-1.6050492089565331,0 -78.64081263542175,-1.605059933586114,0 -78.64079654216766,-1.6050438466417425,0 -78.6407858133316,-1.6047810932170083,0 -78.64085018634796,-1.6047703685874273,0</coordinates>
        </LinearRing></outerBoundaryIs>
      </Polygon>
      </Placemark>
      <Placemark>
        <name>UPA-304 (0.03 ha)</name>
        <styleUrl>#upa_wireframe_style</styleUrl>
        <description><![CDATA[
          <div style="font-family: Arial, sans-serif; font-size: 12px; color: #1E293B;">
            <h3 style="color: #0F766E; margin-bottom: 4px;">FICHA PREDIAL: UPA-304</h3>
            <table border="1" cellpadding="4" cellspacing="0" style="border-collapse: collapse; width: 100%; border-color: #CBD5E1;">
              <tr bgcolor="#F8FAFC"><td><b>Escenario</b></td><td>4_Valle_Hortifruticola_Guano</td></tr>
              <tr><td><b>Superficie Útil</b></td><td><b>0.0309 ha</b> (308.7 m²)</td></tr>
              <tr bgcolor="#F8FAFC"><td><b>Vértices LADM</b></td><td>5 vértices (Conforme 4-10)</td></tr>
              <tr><td><b>Clase de Uso</b></td><td>Pastizal_Mixto</td></tr>
              <tr bgcolor="#F8FAFC"><td><b>Solape Habitacional</b></td><td>0.00% (Segregado LADM)</td></tr>
              <tr><td><b>Lindero Vial</b></td><td>Infranqueable (Búfer LPIS 3.5m)</td></tr>
              <tr bgcolor="#F8FAFC"><td><b>Estándar Registral</b></td><td>✅ 100% Conforme ISO 19152</td></tr>
            </table>
          </div>
        ]]></description>
      <Polygon>
        <outerBoundaryIs><LinearRing>
          <coordinates>-78.63880097866058,-1.6060305125631937,0 -78.63880097866058,-1.6061860196921183,0 -78.63865077495575,-1.6061967443216991,0 -78.63864004611969,-1.6060412371927748,0 -78.63865077495575,-1.6060305125631937,0 -78.63880097866058,-1.6060305125631937,0</coordinates>
        </LinearRing></outerBoundaryIs>
      </Polygon>
      </Placemark>
      <Placemark>
        <name>UPA-305 (0.03 ha)</name>
        <styleUrl>#upa_wireframe_style</styleUrl>
        <description><![CDATA[
          <div style="font-family: Arial, sans-serif; font-size: 12px; color: #1E293B;">
            <h3 style="color: #0F766E; margin-bottom: 4px;">FICHA PREDIAL: UPA-305</h3>
            <table border="1" cellpadding="4" cellspacing="0" style="border-collapse: collapse; width: 100%; border-color: #CBD5E1;">
              <tr bgcolor="#F8FAFC"><td><b>Escenario</b></td><td>4_Valle_Hortifruticola_Guano</td></tr>
              <tr><td><b>Superficie Útil</b></td><td><b>0.0305 ha</b> (304.8 m²)</td></tr>
              <tr bgcolor="#F8FAFC"><td><b>Vértices LADM</b></td><td>8 vértices (Conforme 4-10)</td></tr>
              <tr><td><b>Clase de Uso</b></td><td>Cultivo_Verde_Intensivo</td></tr>
              <tr bgcolor="#F8FAFC"><td><b>Solape Habitacional</b></td><td>0.00% (Segregado LADM)</td></tr>
              <tr><td><b>Lindero Vial</b></td><td>Infranqueable (Búfer LPIS 3.5m)</td></tr>
              <tr bgcolor="#F8FAFC"><td><b>Estándar Registral</b></td><td>✅ 100% Conforme ISO 19152</td></tr>
            </table>
          </div>
        ]]></description>
      <Polygon>
        <outerBoundaryIs><LinearRing>
          <coordinates>-78.6389672756195,-1.6048400786797037,0 -78.63901555538177,-1.6048990641423992,0 -78.6389672756195,-1.6049205134015612,0 -78.6389672756195,-1.6050438466417425,0 -78.63890290260315,-1.6050974697896476,0 -78.63888680934906,-1.604995585808628,0 -78.63881170749664,-1.6049312380311422,0 -78.63884925842285,-1.604877614883237,0 -78.6389672756195,-1.6048400786797037,0</coordinates>
        </LinearRing></outerBoundaryIs>
      </Polygon>
      </Placemark>
      <Placemark>
        <name>UPA-306 (0.03 ha)</name>
        <styleUrl>#upa_wireframe_style</styleUrl>
        <description><![CDATA[
          <div style="font-family: Arial, sans-serif; font-size: 12px; color: #1E293B;">
            <h3 style="color: #0F766E; margin-bottom: 4px;">FICHA PREDIAL: UPA-306</h3>
            <table border="1" cellpadding="4" cellspacing="0" style="border-collapse: collapse; width: 100%; border-color: #CBD5E1;">
              <tr bgcolor="#F8FAFC"><td><b>Escenario</b></td><td>4_Valle_Hortifruticola_Guano</td></tr>
              <tr><td><b>Superficie Útil</b></td><td><b>0.0305 ha</b> (304.8 m²)</td></tr>
              <tr bgcolor="#F8FAFC"><td><b>Vértices LADM</b></td><td>7 vértices (Conforme 4-10)</td></tr>
              <tr><td><b>Clase de Uso</b></td><td>Pastizal_Mixto</td></tr>
              <tr bgcolor="#F8FAFC"><td><b>Solape Habitacional</b></td><td>0.00% (Segregado LADM)</td></tr>
              <tr><td><b>Lindero Vial</b></td><td>Infranqueable (Búfer LPIS 3.5m)</td></tr>
              <tr bgcolor="#F8FAFC"><td><b>Estándar Registral</b></td><td>✅ 100% Conforme ISO 19152</td></tr>
            </table>
          </div>
        ]]></description>
      <Polygon>
        <outerBoundaryIs><LinearRing>
          <coordinates>-78.64207327365875,-1.6067115265415868,0 -78.64210546016693,-1.606765149689492,0 -78.6421000957489,-1.607027903114226,0 -78.64205181598663,-1.6069099321888352,0 -78.64207327365875,-1.607135149410036,0 -78.64203035831451,-1.607135149410036,0 -78.64202499389648,-1.606732975800749,0 -78.64207327365875,-1.6067115265415868,0</coordinates>
        </LinearRing></outerBoundaryIs>
      </Polygon>
      </Placemark>
      <Placemark>
        <name>UPA-307 (0.03 ha)</name>
        <styleUrl>#upa_wireframe_style</styleUrl>
        <description><![CDATA[
          <div style="font-family: Arial, sans-serif; font-size: 12px; color: #1E293B;">
            <h3 style="color: #0F766E; margin-bottom: 4px;">FICHA PREDIAL: UPA-307</h3>
            <table border="1" cellpadding="4" cellspacing="0" style="border-collapse: collapse; width: 100%; border-color: #CBD5E1;">
              <tr bgcolor="#F8FAFC"><td><b>Escenario</b></td><td>4_Valle_Hortifruticola_Guano</td></tr>
              <tr><td><b>Superficie Útil</b></td><td><b>0.0301 ha</b> (301.3 m²)</td></tr>
              <tr bgcolor="#F8FAFC"><td><b>Vértices LADM</b></td><td>6 vértices (Conforme 4-10)</td></tr>
              <tr><td><b>Clase de Uso</b></td><td>Cultivo_Verde_Intensivo</td></tr>
              <tr bgcolor="#F8FAFC"><td><b>Solape Habitacional</b></td><td>0.00% (Segregado LADM)</td></tr>
              <tr><td><b>Lindero Vial</b></td><td>Infranqueable (Búfer LPIS 3.5m)</td></tr>
              <tr bgcolor="#F8FAFC"><td><b>Estándar Registral</b></td><td>✅ 100% Conforme ISO 19152</td></tr>
            </table>
          </div>
        ]]></description>
      <Polygon>
        <outerBoundaryIs><LinearRing>
          <coordinates>-78.64140272140503,-1.6055908027503731,0 -78.64146173000336,-1.6056015273799542,0 -78.64149928092957,-1.6055961650651636,0 -78.64149928092957,-1.605848193860317,0 -78.64141881465912,-1.6058535561751075,0 -78.64140272140503,-1.6058428315455264,0 -78.64140272140503,-1.6055908027503731,0</coordinates>
        </LinearRing></outerBoundaryIs>
      </Polygon>
      </Placemark>
      <Placemark>
        <name>UPA-308 (0.03 ha)</name>
        <styleUrl>#upa_wireframe_style</styleUrl>
        <description><![CDATA[
          <div style="font-family: Arial, sans-serif; font-size: 12px; color: #1E293B;">
            <h3 style="color: #0F766E; margin-bottom: 4px;">FICHA PREDIAL: UPA-308</h3>
            <table border="1" cellpadding="4" cellspacing="0" style="border-collapse: collapse; width: 100%; border-color: #CBD5E1;">
              <tr bgcolor="#F8FAFC"><td><b>Escenario</b></td><td>4_Valle_Hortifruticola_Guano</td></tr>
              <tr><td><b>Superficie Útil</b></td><td><b>0.0286 ha</b> (286.3 m²)</td></tr>
              <tr bgcolor="#F8FAFC"><td><b>Vértices LADM</b></td><td>8 vértices (Conforme 4-10)</td></tr>
              <tr><td><b>Clase de Uso</b></td><td>Cultivo_Verde_Intensivo</td></tr>
              <tr bgcolor="#F8FAFC"><td><b>Solape Habitacional</b></td><td>0.00% (Segregado LADM)</td></tr>
              <tr><td><b>Lindero Vial</b></td><td>Infranqueable (Búfer LPIS 3.5m)</td></tr>
              <tr bgcolor="#F8FAFC"><td><b>Estándar Registral</b></td><td>✅ 100% Conforme ISO 19152</td></tr>
            </table>
          </div>
        ]]></description>
      <Polygon>
        <outerBoundaryIs><LinearRing>
          <coordinates>-78.63988995552063,-1.6062664544139758,0 -78.63984167575836,-1.6061592081181657,0 -78.63978803157806,-1.6061538458033753,0 -78.63971292972565,-1.6061967443216991,0 -78.63969683647156,-1.6062289182104421,0 -78.63972902297974,-1.6063308021914615,0 -78.63984060287476,-1.606302918154551,0 -78.63988800482316,-1.6062713292456035,0 -78.63988995552063,-1.6062664544139758,0</coordinates>
        </LinearRing></outerBoundaryIs>
      </Polygon>
      </Placemark>
      <Placemark>
        <name>UPA-309 (0.03 ha)</name>
        <styleUrl>#upa_wireframe_style</styleUrl>
        <description><![CDATA[
          <div style="font-family: Arial, sans-serif; font-size: 12px; color: #1E293B;">
            <h3 style="color: #0F766E; margin-bottom: 4px;">FICHA PREDIAL: UPA-309</h3>
            <table border="1" cellpadding="4" cellspacing="0" style="border-collapse: collapse; width: 100%; border-color: #CBD5E1;">
              <tr bgcolor="#F8FAFC"><td><b>Escenario</b></td><td>4_Valle_Hortifruticola_Guano</td></tr>
              <tr><td><b>Superficie Útil</b></td><td><b>0.0291 ha</b> (290.8 m²)</td></tr>
              <tr bgcolor="#F8FAFC"><td><b>Vértices LADM</b></td><td>8 vértices (Conforme 4-10)</td></tr>
              <tr><td><b>Clase de Uso</b></td><td>Suelo_Arado_Seco</td></tr>
              <tr bgcolor="#F8FAFC"><td><b>Solape Habitacional</b></td><td>0.00% (Segregado LADM)</td></tr>
              <tr><td><b>Lindero Vial</b></td><td>Infranqueable (Búfer LPIS 3.5m)</td></tr>
              <tr bgcolor="#F8FAFC"><td><b>Estándar Registral</b></td><td>✅ 100% Conforme ISO 19152</td></tr>
            </table>
          </div>
        ]]></description>
      <Polygon>
        <outerBoundaryIs><LinearRing>
          <coordinates>-78.6392730474472,-1.6057892083976215,0 -78.63939106464386,-1.605826744601155,0 -78.63946616649628,-1.605816019971574,0 -78.63944470882416,-1.6058642808046886,0 -78.63945543766022,-1.605901817008222,0 -78.63949298858643,-1.6059179039525935,0 -78.63924622535706,-1.605933990896965,0 -78.63925695419312,-1.6058106576567834,0 -78.6392730474472,-1.6057892083976215,0</coordinates>
        </LinearRing></outerBoundaryIs>
      </Polygon>
      </Placemark>
      <Placemark>
        <name>UPA-310 (0.03 ha)</name>
        <styleUrl>#upa_wireframe_style</styleUrl>
        <description><![CDATA[
          <div style="font-family: Arial, sans-serif; font-size: 12px; color: #1E293B;">
            <h3 style="color: #0F766E; margin-bottom: 4px;">FICHA PREDIAL: UPA-310</h3>
            <table border="1" cellpadding="4" cellspacing="0" style="border-collapse: collapse; width: 100%; border-color: #CBD5E1;">
              <tr bgcolor="#F8FAFC"><td><b>Escenario</b></td><td>4_Valle_Hortifruticola_Guano</td></tr>
              <tr><td><b>Superficie Útil</b></td><td><b>0.0273 ha</b> (273.3 m²)</td></tr>
              <tr bgcolor="#F8FAFC"><td><b>Vértices LADM</b></td><td>6 vértices (Conforme 4-10)</td></tr>
              <tr><td><b>Clase de Uso</b></td><td>Suelo_Arado_Seco</td></tr>
              <tr bgcolor="#F8FAFC"><td><b>Solape Habitacional</b></td><td>0.00% (Segregado LADM)</td></tr>
              <tr><td><b>Lindero Vial</b></td><td>Infranqueable (Búfer LPIS 3.5m)</td></tr>
              <tr bgcolor="#F8FAFC"><td><b>Estándar Registral</b></td><td>✅ 100% Conforme ISO 19152</td></tr>
            </table>
          </div>
        ]]></description>
      <Polygon>
        <outerBoundaryIs><LinearRing>
          <coordinates>-78.64091455936432,-1.6042663109971207,0 -78.64095747470856,-1.6041429777569391,0 -78.64112377166748,-1.6041483400717298,0 -78.64112377166748,-1.6042502240527492,0 -78.64104330539703,-1.6042555863675396,0 -78.64101648330688,-1.6042770356267015,0 -78.64091455936432,-1.6042663109971207,0</coordinates>
        </LinearRing></outerBoundaryIs>
      </Polygon>
      </Placemark>
      <Placemark>
        <name>UPA-311 (0.03 ha)</name>
        <styleUrl>#upa_wireframe_style</styleUrl>
        <description><![CDATA[
          <div style="font-family: Arial, sans-serif; font-size: 12px; color: #1E293B;">
            <h3 style="color: #0F766E; margin-bottom: 4px;">FICHA PREDIAL: UPA-311</h3>
            <table border="1" cellpadding="4" cellspacing="0" style="border-collapse: collapse; width: 100%; border-color: #CBD5E1;">
              <tr bgcolor="#F8FAFC"><td><b>Escenario</b></td><td>4_Valle_Hortifruticola_Guano</td></tr>
              <tr><td><b>Superficie Útil</b></td><td><b>0.0267 ha</b> (266.5 m²)</td></tr>
              <tr bgcolor="#F8FAFC"><td><b>Vértices LADM</b></td><td>5 vértices (Conforme 4-10)</td></tr>
              <tr><td><b>Clase de Uso</b></td><td>Pastizal_Mixto</td></tr>
              <tr bgcolor="#F8FAFC"><td><b>Solape Habitacional</b></td><td>0.00% (Segregado LADM)</td></tr>
              <tr><td><b>Lindero Vial</b></td><td>Infranqueable (Búfer LPIS 3.5m)</td></tr>
              <tr bgcolor="#F8FAFC"><td><b>Estándar Registral</b></td><td>✅ 100% Conforme ISO 19152</td></tr>
            </table>
          </div>
        ]]></description>
      <Polygon>
        <outerBoundaryIs><LinearRing>
          <coordinates>-78.63918721675873,-1.6048990641423992,0 -78.63920331001282,-1.6050760205304855,0 -78.63910675048828,-1.605102832104438,0 -78.63907992839813,-1.6050652959009046,0 -78.63907992839813,-1.6049044264571897,0 -78.63918721675873,-1.6048990641423992,0</coordinates>
        </LinearRing></outerBoundaryIs>
      </Polygon>
      </Placemark>
      <Placemark>
        <name>UPA-312 (0.03 ha)</name>
        <styleUrl>#upa_wireframe_style</styleUrl>
        <description><![CDATA[
          <div style="font-family: Arial, sans-serif; font-size: 12px; color: #1E293B;">
            <h3 style="color: #0F766E; margin-bottom: 4px;">FICHA PREDIAL: UPA-312</h3>
            <table border="1" cellpadding="4" cellspacing="0" style="border-collapse: collapse; width: 100%; border-color: #CBD5E1;">
              <tr bgcolor="#F8FAFC"><td><b>Escenario</b></td><td>4_Valle_Hortifruticola_Guano</td></tr>
              <tr><td><b>Superficie Útil</b></td><td><b>0.0265 ha</b> (264.8 m²)</td></tr>
              <tr bgcolor="#F8FAFC"><td><b>Vértices LADM</b></td><td>8 vértices (Conforme 4-10)</td></tr>
              <tr><td><b>Clase de Uso</b></td><td>Cultivo_Verde_Intensivo</td></tr>
              <tr bgcolor="#F8FAFC"><td><b>Solape Habitacional</b></td><td>0.00% (Segregado LADM)</td></tr>
              <tr><td><b>Lindero Vial</b></td><td>Infranqueable (Búfer LPIS 3.5m)</td></tr>
              <tr bgcolor="#F8FAFC"><td><b>Estándar Registral</b></td><td>✅ 100% Conforme ISO 19152</td></tr>
            </table>
          </div>
        ]]></description>
      <Polygon>
        <outerBoundaryIs><LinearRing>
          <coordinates>-78.64168167114258,-1.6068884829296732,0 -78.64170849323273,-1.6069099321888352,0 -78.64171385765076,-1.6070064538550641,0 -78.64169776439667,-1.607081526262131,0 -78.64165484905243,-1.607135149410036,0 -78.64164412021637,-1.607081526262131,0 -78.6415958404541,-1.6070332654290167,0 -78.64159047603607,-1.6069045698740447,0 -78.64168167114258,-1.6068884829296732,0</coordinates>
        </LinearRing></outerBoundaryIs>
      </Polygon>
      </Placemark>
      <Placemark>
        <name>UPA-313 (0.03 ha)</name>
        <styleUrl>#upa_wireframe_style</styleUrl>
        <description><![CDATA[
          <div style="font-family: Arial, sans-serif; font-size: 12px; color: #1E293B;">
            <h3 style="color: #0F766E; margin-bottom: 4px;">FICHA PREDIAL: UPA-313</h3>
            <table border="1" cellpadding="4" cellspacing="0" style="border-collapse: collapse; width: 100%; border-color: #CBD5E1;">
              <tr bgcolor="#F8FAFC"><td><b>Escenario</b></td><td>4_Valle_Hortifruticola_Guano</td></tr>
              <tr><td><b>Superficie Útil</b></td><td><b>0.0258 ha</b> (258.0 m²)</td></tr>
              <tr bgcolor="#F8FAFC"><td><b>Vértices LADM</b></td><td>7 vértices (Conforme 4-10)</td></tr>
              <tr><td><b>Clase de Uso</b></td><td>Pastizal_Mixto</td></tr>
              <tr bgcolor="#F8FAFC"><td><b>Solape Habitacional</b></td><td>0.00% (Segregado LADM)</td></tr>
              <tr><td><b>Lindero Vial</b></td><td>Infranqueable (Búfer LPIS 3.5m)</td></tr>
              <tr bgcolor="#F8FAFC"><td><b>Estándar Registral</b></td><td>✅ 100% Conforme ISO 19152</td></tr>
            </table>
          </div>
        ]]></description>
      <Polygon>
        <outerBoundaryIs><LinearRing>
          <coordinates>-78.64200353622437,-1.6054460202510297,0 -78.64200353622437,-1.6055479042320493,0 -78.64197671413422,-1.6055693534912112,0 -78.64182114601135,-1.6055639911764208,0 -78.64182114601135,-1.6055157303433063,0 -78.64180505275726,-1.6054889187693537,0 -78.64183723926544,-1.6054567448806107,0 -78.64200353622437,-1.6054460202510297,0</coordinates>
        </LinearRing></outerBoundaryIs>
      </Polygon>
      </Placemark>
      <Placemark>
        <name>UPA-314 (0.03 ha)</name>
        <styleUrl>#upa_wireframe_style</styleUrl>
        <description><![CDATA[
          <div style="font-family: Arial, sans-serif; font-size: 12px; color: #1E293B;">
            <h3 style="color: #0F766E; margin-bottom: 4px;">FICHA PREDIAL: UPA-314</h3>
            <table border="1" cellpadding="4" cellspacing="0" style="border-collapse: collapse; width: 100%; border-color: #CBD5E1;">
              <tr bgcolor="#F8FAFC"><td><b>Escenario</b></td><td>4_Valle_Hortifruticola_Guano</td></tr>
              <tr><td><b>Superficie Útil</b></td><td><b>0.0257 ha</b> (256.5 m²)</td></tr>
              <tr bgcolor="#F8FAFC"><td><b>Vértices LADM</b></td><td>8 vértices (Conforme 4-10)</td></tr>
              <tr><td><b>Clase de Uso</b></td><td>Cultivo_Verde_Intensivo</td></tr>
              <tr bgcolor="#F8FAFC"><td><b>Solape Habitacional</b></td><td>0.00% (Segregado LADM)</td></tr>
              <tr><td><b>Lindero Vial</b></td><td>Infranqueable (Búfer LPIS 3.5m)</td></tr>
              <tr bgcolor="#F8FAFC"><td><b>Estándar Registral</b></td><td>✅ 100% Conforme ISO 19152</td></tr>
            </table>
          </div>
        ]]></description>
      <Polygon>
        <outerBoundaryIs><LinearRing>
          <coordinates>-78.64102184772491,-1.6032367465573454,0 -78.64090919494629,-1.6032528335017169,0 -78.64087700843811,-1.6032796450756694,0 -78.64087164402008,-1.6033225435939933,0 -78.64095747470856,-1.6034083406306412,0 -78.64098966121674,-1.6034029783158508,0 -78.641037940979,-1.6033493551679459,0 -78.64104045437766,-1.6032785951119342,0 -78.64102184772491,-1.6032367465573454,0</coordinates>
        </LinearRing></outerBoundaryIs>
      </Polygon>
      </Placemark>
      <Placemark>
        <name>UPA-315 (0.03 ha)</name>
        <styleUrl>#upa_wireframe_style</styleUrl>
        <description><![CDATA[
          <div style="font-family: Arial, sans-serif; font-size: 12px; color: #1E293B;">
            <h3 style="color: #0F766E; margin-bottom: 4px;">FICHA PREDIAL: UPA-315</h3>
            <table border="1" cellpadding="4" cellspacing="0" style="border-collapse: collapse; width: 100%; border-color: #CBD5E1;">
              <tr bgcolor="#F8FAFC"><td><b>Escenario</b></td><td>4_Valle_Hortifruticola_Guano</td></tr>
              <tr><td><b>Superficie Útil</b></td><td><b>0.0256 ha</b> (255.5 m²)</td></tr>
              <tr bgcolor="#F8FAFC"><td><b>Vértices LADM</b></td><td>6 vértices (Conforme 4-10)</td></tr>
              <tr><td><b>Clase de Uso</b></td><td>Cultivo_Verde_Intensivo</td></tr>
              <tr bgcolor="#F8FAFC"><td><b>Solape Habitacional</b></td><td>0.00% (Segregado LADM)</td></tr>
              <tr><td><b>Lindero Vial</b></td><td>Infranqueable (Búfer LPIS 3.5m)</td></tr>
              <tr bgcolor="#F8FAFC"><td><b>Estándar Registral</b></td><td>✅ 100% Conforme ISO 19152</td></tr>
            </table>
          </div>
        ]]></description>
      <Polygon>
        <outerBoundaryIs><LinearRing>
          <coordinates>-78.64163339138031,-1.6061860196921183,0 -78.64166021347046,-1.6060841357110989,0 -78.64172995090485,-1.6061377588590038,0 -78.64192843437195,-1.6061377588590038,0 -78.641756772995,-1.606261092099185,0 -78.6417406797409,-1.6062128312660706,0 -78.64163339138031,-1.6061860196921183,0</coordinates>
        </LinearRing></outerBoundaryIs>
      </Polygon>
      </Placemark>
      <Placemark>
        <name>UPA-316 (0.03 ha)</name>
        <styleUrl>#upa_wireframe_style</styleUrl>
        <description><![CDATA[
          <div style="font-family: Arial, sans-serif; font-size: 12px; color: #1E293B;">
            <h3 style="color: #0F766E; margin-bottom: 4px;">FICHA PREDIAL: UPA-316</h3>
            <table border="1" cellpadding="4" cellspacing="0" style="border-collapse: collapse; width: 100%; border-color: #CBD5E1;">
              <tr bgcolor="#F8FAFC"><td><b>Escenario</b></td><td>4_Valle_Hortifruticola_Guano</td></tr>
              <tr><td><b>Superficie Útil</b></td><td><b>0.0255 ha</b> (254.7 m²)</td></tr>
              <tr bgcolor="#F8FAFC"><td><b>Vértices LADM</b></td><td>8 vértices (Conforme 4-10)</td></tr>
              <tr><td><b>Clase de Uso</b></td><td>Suelo_Arado_Seco</td></tr>
              <tr bgcolor="#F8FAFC"><td><b>Solape Habitacional</b></td><td>0.00% (Segregado LADM)</td></tr>
              <tr><td><b>Lindero Vial</b></td><td>Infranqueable (Búfer LPIS 3.5m)</td></tr>
              <tr bgcolor="#F8FAFC"><td><b>Estándar Registral</b></td><td>✅ 100% Conforme ISO 19152</td></tr>
            </table>
          </div>
        ]]></description>
      <Polygon>
        <outerBoundaryIs><LinearRing>
          <coordinates>-78.64091992378235,-1.6035531231299847,0 -78.64093065261841,-1.6036710940553756,0 -78.6408394575119,-1.6036818186849566,0 -78.6407858133316,-1.603676456370166,0 -78.64076435565948,-1.6036603694257947,0 -78.64076435565948,-1.6035799347039372,0 -78.64078044891357,-1.6035477608151942,0 -78.64087164402008,-1.6035423985004036,0 -78.64091992378235,-1.6035531231299847,0</coordinates>
        </LinearRing></outerBoundaryIs>
      </Polygon>
      </Placemark>
      <Placemark>
        <name>UPA-317 (0.03 ha)</name>
        <styleUrl>#upa_wireframe_style</styleUrl>
        <description><![CDATA[
          <div style="font-family: Arial, sans-serif; font-size: 12px; color: #1E293B;">
            <h3 style="color: #0F766E; margin-bottom: 4px;">FICHA PREDIAL: UPA-317</h3>
            <table border="1" cellpadding="4" cellspacing="0" style="border-collapse: collapse; width: 100%; border-color: #CBD5E1;">
              <tr bgcolor="#F8FAFC"><td><b>Escenario</b></td><td>4_Valle_Hortifruticola_Guano</td></tr>
              <tr><td><b>Superficie Útil</b></td><td><b>0.0250 ha</b> (250.0 m²)</td></tr>
              <tr bgcolor="#F8FAFC"><td><b>Vértices LADM</b></td><td>8 vértices (Conforme 4-10)</td></tr>
              <tr><td><b>Clase de Uso</b></td><td>Pastizal_Mixto</td></tr>
              <tr bgcolor="#F8FAFC"><td><b>Solape Habitacional</b></td><td>0.00% (Segregado LADM)</td></tr>
              <tr><td><b>Lindero Vial</b></td><td>Infranqueable (Búfer LPIS 3.5m)</td></tr>
              <tr bgcolor="#F8FAFC"><td><b>Estándar Registral</b></td><td>✅ 100% Conforme ISO 19152</td></tr>
            </table>
          </div>
        ]]></description>
      <Polygon>
        <outerBoundaryIs><LinearRing>
          <coordinates>-78.64017426967621,-1.6048293540501228,0 -78.64018499851227,-1.605070658215695,0 -78.64010989665985,-1.6050652959009046,0 -78.6400830745697,-1.6049794988642567,0 -78.64003479480743,-1.6050813828452761,0 -78.64002406597137,-1.6048668902536563,0 -78.64003479480743,-1.6049366003459327,0 -78.64012598991394,-1.6049312380311422,0 -78.64017426967621,-1.6048293540501228,0</coordinates>
        </LinearRing></outerBoundaryIs>
      </Polygon>
      </Placemark>
      <Placemark>
        <name>UPA-318 (0.02 ha)</name>
        <styleUrl>#upa_wireframe_style</styleUrl>
        <description><![CDATA[
          <div style="font-family: Arial, sans-serif; font-size: 12px; color: #1E293B;">
            <h3 style="color: #0F766E; margin-bottom: 4px;">FICHA PREDIAL: UPA-318</h3>
            <table border="1" cellpadding="4" cellspacing="0" style="border-collapse: collapse; width: 100%; border-color: #CBD5E1;">
              <tr bgcolor="#F8FAFC"><td><b>Escenario</b></td><td>4_Valle_Hortifruticola_Guano</td></tr>
              <tr><td><b>Superficie Útil</b></td><td><b>0.0247 ha</b> (246.5 m²)</td></tr>
              <tr bgcolor="#F8FAFC"><td><b>Vértices LADM</b></td><td>6 vértices (Conforme 4-10)</td></tr>
              <tr><td><b>Clase de Uso</b></td><td>Pastizal_Mixto</td></tr>
              <tr bgcolor="#F8FAFC"><td><b>Solape Habitacional</b></td><td>0.00% (Segregado LADM)</td></tr>
              <tr><td><b>Lindero Vial</b></td><td>Infranqueable (Búfer LPIS 3.5m)</td></tr>
              <tr bgcolor="#F8FAFC"><td><b>Estándar Registral</b></td><td>✅ 100% Conforme ISO 19152</td></tr>
            </table>
          </div>
        ]]></description>
      <Polygon>
        <outerBoundaryIs><LinearRing>
          <coordinates>-78.63969683647156,-1.6067758743190728,0 -78.63970756530762,-1.6068402220965587,0 -78.63971292972565,-1.607135149410036,0 -78.63966464996338,-1.607135149410036,0 -78.63965392112732,-1.6071083378360835,0 -78.63964855670929,-1.6067973235782347,0 -78.63969683647156,-1.6067758743190728,0</coordinates>
        </LinearRing></outerBoundaryIs>
      </Polygon>
      </Placemark>
      <Placemark>
        <name>UPA-319 (0.02 ha)</name>
        <styleUrl>#upa_wireframe_style</styleUrl>
        <description><![CDATA[
          <div style="font-family: Arial, sans-serif; font-size: 12px; color: #1E293B;">
            <h3 style="color: #0F766E; margin-bottom: 4px;">FICHA PREDIAL: UPA-319</h3>
            <table border="1" cellpadding="4" cellspacing="0" style="border-collapse: collapse; width: 100%; border-color: #CBD5E1;">
              <tr bgcolor="#F8FAFC"><td><b>Escenario</b></td><td>4_Valle_Hortifruticola_Guano</td></tr>
              <tr><td><b>Superficie Útil</b></td><td><b>0.0247 ha</b> (246.5 m²)</td></tr>
              <tr bgcolor="#F8FAFC"><td><b>Vértices LADM</b></td><td>8 vértices (Conforme 4-10)</td></tr>
              <tr><td><b>Clase de Uso</b></td><td>Pastizal_Mixto</td></tr>
              <tr bgcolor="#F8FAFC"><td><b>Solape Habitacional</b></td><td>0.00% (Segregado LADM)</td></tr>
              <tr><td><b>Lindero Vial</b></td><td>Infranqueable (Búfer LPIS 3.5m)</td></tr>
              <tr bgcolor="#F8FAFC"><td><b>Estándar Registral</b></td><td>✅ 100% Conforme ISO 19152</td></tr>
            </table>
          </div>
        ]]></description>
      <Polygon>
        <outerBoundaryIs><LinearRing>
          <coordinates>-78.63979876041412,-1.6059822517300795,0 -78.63980412483215,-1.6060197879336129,0 -78.6398309469223,-1.6060680487667274,0 -78.63983631134033,-1.6061484834885849,0 -78.6397933959961,-1.6061431211737942,0 -78.63971292972565,-1.6061645704329564,0 -78.63970220088959,-1.6061484834885849,0 -78.63970220088959,-1.60598761404487,0 -78.63979876041412,-1.6059822517300795,0</coordinates>
        </LinearRing></outerBoundaryIs>
      </Polygon>
      </Placemark>
      <Placemark>
        <name>UPA-320 (0.02 ha)</name>
        <styleUrl>#upa_wireframe_style</styleUrl>
        <description><![CDATA[
          <div style="font-family: Arial, sans-serif; font-size: 12px; color: #1E293B;">
            <h3 style="color: #0F766E; margin-bottom: 4px;">FICHA PREDIAL: UPA-320</h3>
            <table border="1" cellpadding="4" cellspacing="0" style="border-collapse: collapse; width: 100%; border-color: #CBD5E1;">
              <tr bgcolor="#F8FAFC"><td><b>Escenario</b></td><td>4_Valle_Hortifruticola_Guano</td></tr>
              <tr><td><b>Superficie Útil</b></td><td><b>0.0241 ha</b> (241.0 m²)</td></tr>
              <tr bgcolor="#F8FAFC"><td><b>Vértices LADM</b></td><td>8 vértices (Conforme 4-10)</td></tr>
              <tr><td><b>Clase de Uso</b></td><td>Cultivo_Verde_Intensivo</td></tr>
              <tr bgcolor="#F8FAFC"><td><b>Solape Habitacional</b></td><td>0.00% (Segregado LADM)</td></tr>
              <tr><td><b>Lindero Vial</b></td><td>Infranqueable (Búfer LPIS 3.5m)</td></tr>
              <tr bgcolor="#F8FAFC"><td><b>Estándar Registral</b></td><td>✅ 100% Conforme ISO 19152</td></tr>
            </table>
          </div>
        ]]></description>
      <Polygon>
        <outerBoundaryIs><LinearRing>
          <coordinates>-78.6410915851593,-1.6058535561751075,0 -78.64099502563477,-1.605858918489898,0 -78.6410003900528,-1.6057302229349262,0 -78.6409467458725,-1.6056926867313925,0 -78.64085555076599,-1.6057784837680404,0 -78.64085555076599,-1.605719498305345,0 -78.64087700843811,-1.6056980490461832,0 -78.64108085632324,-1.6056819621018117,0 -78.6410915851593,-1.6058535561751075,0</coordinates>
        </LinearRing></outerBoundaryIs>
      </Polygon>
      </Placemark>
      <Placemark>
        <name>UPA-321 (0.02 ha)</name>
        <styleUrl>#upa_wireframe_style</styleUrl>
        <description><![CDATA[
          <div style="font-family: Arial, sans-serif; font-size: 12px; color: #1E293B;">
            <h3 style="color: #0F766E; margin-bottom: 4px;">FICHA PREDIAL: UPA-321</h3>
            <table border="1" cellpadding="4" cellspacing="0" style="border-collapse: collapse; width: 100%; border-color: #CBD5E1;">
              <tr bgcolor="#F8FAFC"><td><b>Escenario</b></td><td>4_Valle_Hortifruticola_Guano</td></tr>
              <tr><td><b>Superficie Útil</b></td><td><b>0.0236 ha</b> (235.9 m²)</td></tr>
              <tr bgcolor="#F8FAFC"><td><b>Vértices LADM</b></td><td>6 vértices (Conforme 4-10)</td></tr>
              <tr><td><b>Clase de Uso</b></td><td>Cultivo_Verde_Intensivo</td></tr>
              <tr bgcolor="#F8FAFC"><td><b>Solape Habitacional</b></td><td>0.00% (Segregado LADM)</td></tr>
              <tr><td><b>Lindero Vial</b></td><td>Infranqueable (Búfer LPIS 3.5m)</td></tr>
              <tr bgcolor="#F8FAFC"><td><b>Estándar Registral</b></td><td>✅ 100% Conforme ISO 19152</td></tr>
            </table>
          </div>
        ]]></description>
      <Polygon>
        <outerBoundaryIs><LinearRing>
          <coordinates>-78.63997042179108,-1.6057248606201355,0 -78.63998651504517,-1.60588036774906,0 -78.63986849784851,-1.605891092378641,0 -78.63985240459442,-1.6057784837680404,0 -78.63985776901245,-1.605740947564507,0 -78.63987922668457,-1.6057248606201355,0 -78.63997042179108,-1.6057248606201355,0</coordinates>
        </LinearRing></outerBoundaryIs>
      </Polygon>
      </Placemark>
      <Placemark>
        <name>UPA-322 (0.02 ha)</name>
        <styleUrl>#upa_wireframe_style</styleUrl>
        <description><![CDATA[
          <div style="font-family: Arial, sans-serif; font-size: 12px; color: #1E293B;">
            <h3 style="color: #0F766E; margin-bottom: 4px;">FICHA PREDIAL: UPA-322</h3>
            <table border="1" cellpadding="4" cellspacing="0" style="border-collapse: collapse; width: 100%; border-color: #CBD5E1;">
              <tr bgcolor="#F8FAFC"><td><b>Escenario</b></td><td>4_Valle_Hortifruticola_Guano</td></tr>
              <tr><td><b>Superficie Útil</b></td><td><b>0.0235 ha</b> (235.3 m²)</td></tr>
              <tr bgcolor="#F8FAFC"><td><b>Vértices LADM</b></td><td>8 vértices (Conforme 4-10)</td></tr>
              <tr><td><b>Clase de Uso</b></td><td>Pastizal_Mixto</td></tr>
              <tr bgcolor="#F8FAFC"><td><b>Solape Habitacional</b></td><td>0.00% (Segregado LADM)</td></tr>
              <tr><td><b>Lindero Vial</b></td><td>Infranqueable (Búfer LPIS 3.5m)</td></tr>
              <tr bgcolor="#F8FAFC"><td><b>Estándar Registral</b></td><td>✅ 100% Conforme ISO 19152</td></tr>
            </table>
          </div>
        ]]></description>
      <Polygon>
        <outerBoundaryIs><LinearRing>
          <coordinates>-78.63958418369293,-1.605156455252343,0 -78.63960027694702,-1.6053441362700103,0 -78.6395412683487,-1.6053441362700103,0 -78.63953590393066,-1.6053923971031248,0 -78.63958954811096,-1.6053977594179154,0 -78.6395251750946,-1.6054084840474963,0 -78.63948225975037,-1.6052476146037815,0 -78.63950908184052,-1.6051725421967145,0 -78.63958418369293,-1.605156455252343,0</coordinates>
        </LinearRing></outerBoundaryIs>
      </Polygon>
      </Placemark>
      <Placemark>
        <name>UPA-323 (0.02 ha)</name>
        <styleUrl>#upa_wireframe_style</styleUrl>
        <description><![CDATA[
          <div style="font-family: Arial, sans-serif; font-size: 12px; color: #1E293B;">
            <h3 style="color: #0F766E; margin-bottom: 4px;">FICHA PREDIAL: UPA-323</h3>
            <table border="1" cellpadding="4" cellspacing="0" style="border-collapse: collapse; width: 100%; border-color: #CBD5E1;">
              <tr bgcolor="#F8FAFC"><td><b>Escenario</b></td><td>4_Valle_Hortifruticola_Guano</td></tr>
              <tr><td><b>Superficie Útil</b></td><td><b>0.0233 ha</b> (233.2 m²)</td></tr>
              <tr bgcolor="#F8FAFC"><td><b>Vértices LADM</b></td><td>5 vértices (Conforme 4-10)</td></tr>
              <tr><td><b>Clase de Uso</b></td><td>Cultivo_Verde_Intensivo</td></tr>
              <tr bgcolor="#F8FAFC"><td><b>Solape Habitacional</b></td><td>0.00% (Segregado LADM)</td></tr>
              <tr><td><b>Lindero Vial</b></td><td>Infranqueable (Búfer LPIS 3.5m)</td></tr>
              <tr bgcolor="#F8FAFC"><td><b>Estándar Registral</b></td><td>✅ 100% Conforme ISO 19152</td></tr>
            </table>
          </div>
        ]]></description>
      <Polygon>
        <outerBoundaryIs><LinearRing>
          <coordinates>-78.64036202430725,-1.6057141359905547,0 -78.64036738872528,-1.605869643119479,0 -78.6402440071106,-1.6058750054342694,0 -78.6402440071106,-1.6057248606201355,0 -78.64027619361877,-1.6057141359905547,0 -78.64036202430725,-1.6057141359905547,0</coordinates>
        </LinearRing></outerBoundaryIs>
      </Polygon>
      </Placemark>
      <Placemark>
        <name>UPA-324 (0.02 ha)</name>
        <styleUrl>#upa_wireframe_style</styleUrl>
        <description><![CDATA[
          <div style="font-family: Arial, sans-serif; font-size: 12px; color: #1E293B;">
            <h3 style="color: #0F766E; margin-bottom: 4px;">FICHA PREDIAL: UPA-324</h3>
            <table border="1" cellpadding="4" cellspacing="0" style="border-collapse: collapse; width: 100%; border-color: #CBD5E1;">
              <tr bgcolor="#F8FAFC"><td><b>Escenario</b></td><td>4_Valle_Hortifruticola_Guano</td></tr>
              <tr><td><b>Superficie Útil</b></td><td><b>0.0233 ha</b> (232.9 m²)</td></tr>
              <tr bgcolor="#F8FAFC"><td><b>Vértices LADM</b></td><td>7 vértices (Conforme 4-10)</td></tr>
              <tr><td><b>Clase de Uso</b></td><td>Pastizal_Mixto</td></tr>
              <tr bgcolor="#F8FAFC"><td><b>Solape Habitacional</b></td><td>0.00% (Segregado LADM)</td></tr>
              <tr><td><b>Lindero Vial</b></td><td>Infranqueable (Búfer LPIS 3.5m)</td></tr>
              <tr bgcolor="#F8FAFC"><td><b>Estándar Registral</b></td><td>✅ 100% Conforme ISO 19152</td></tr>
            </table>
          </div>
        ]]></description>
      <Polygon>
        <outerBoundaryIs><LinearRing>
          <coordinates>-78.64214837551117,-1.6067168888563774,0 -78.64210546016693,-1.6067437004303298,0 -78.64207327365875,-1.6067061642267964,0 -78.64202499389648,-1.6067276134859583,0 -78.64201962947845,-1.6066525410788914,0 -78.64205181598663,-1.6065667440422435,0 -78.64214837551117,-1.6065613817274529,0 -78.64214837551117,-1.6067168888563774,0</coordinates>
        </LinearRing></outerBoundaryIs>
      </Polygon>
      </Placemark>
      <Placemark>
        <name>UPA-325 (0.02 ha)</name>
        <styleUrl>#upa_wireframe_style</styleUrl>
        <description><![CDATA[
          <div style="font-family: Arial, sans-serif; font-size: 12px; color: #1E293B;">
            <h3 style="color: #0F766E; margin-bottom: 4px;">FICHA PREDIAL: UPA-325</h3>
            <table border="1" cellpadding="4" cellspacing="0" style="border-collapse: collapse; width: 100%; border-color: #CBD5E1;">
              <tr bgcolor="#F8FAFC"><td><b>Escenario</b></td><td>4_Valle_Hortifruticola_Guano</td></tr>
              <tr><td><b>Superficie Útil</b></td><td><b>0.0231 ha</b> (231.4 m²)</td></tr>
              <tr bgcolor="#F8FAFC"><td><b>Vértices LADM</b></td><td>7 vértices (Conforme 4-10)</td></tr>
              <tr><td><b>Clase de Uso</b></td><td>Cultivo_Verde_Intensivo</td></tr>
              <tr bgcolor="#F8FAFC"><td><b>Solape Habitacional</b></td><td>0.00% (Segregado LADM)</td></tr>
              <tr><td><b>Lindero Vial</b></td><td>Infranqueable (Búfer LPIS 3.5m)</td></tr>
              <tr bgcolor="#F8FAFC"><td><b>Estándar Registral</b></td><td>✅ 100% Conforme ISO 19152</td></tr>
            </table>
          </div>
        ]]></description>
      <Polygon>
        <outerBoundaryIs><LinearRing>
          <coordinates>-78.6389672756195,-1.6060197879336129,0 -78.63899409770966,-1.6060894980258893,0 -78.63899409770966,-1.6061860196921183,0 -78.63888680934906,-1.6061913820069087,0 -78.638876080513,-1.6061699327477468,0 -78.638876080513,-1.6060358748779844,0 -78.63889217376709,-1.6060197879336129,0 -78.6389672756195,-1.6060197879336129,0</coordinates>
        </LinearRing></outerBoundaryIs>
      </Polygon>
      </Placemark>
      <Placemark>
        <name>UPA-326 (0.02 ha)</name>
        <styleUrl>#upa_wireframe_style</styleUrl>
        <description><![CDATA[
          <div style="font-family: Arial, sans-serif; font-size: 12px; color: #1E293B;">
            <h3 style="color: #0F766E; margin-bottom: 4px;">FICHA PREDIAL: UPA-326</h3>
            <table border="1" cellpadding="4" cellspacing="0" style="border-collapse: collapse; width: 100%; border-color: #CBD5E1;">
              <tr bgcolor="#F8FAFC"><td><b>Escenario</b></td><td>4_Valle_Hortifruticola_Guano</td></tr>
              <tr><td><b>Superficie Útil</b></td><td><b>0.0231 ha</b> (231.4 m²)</td></tr>
              <tr bgcolor="#F8FAFC"><td><b>Vértices LADM</b></td><td>6 vértices (Conforme 4-10)</td></tr>
              <tr><td><b>Clase de Uso</b></td><td>Pastizal_Mixto</td></tr>
              <tr bgcolor="#F8FAFC"><td><b>Solape Habitacional</b></td><td>0.00% (Segregado LADM)</td></tr>
              <tr><td><b>Lindero Vial</b></td><td>Infranqueable (Búfer LPIS 3.5m)</td></tr>
              <tr bgcolor="#F8FAFC"><td><b>Estándar Registral</b></td><td>✅ 100% Conforme ISO 19152</td></tr>
            </table>
          </div>
        ]]></description>
      <Polygon>
        <outerBoundaryIs><LinearRing>
          <coordinates>-78.64089846611023,-1.6067490627451204,0 -78.64090383052826,-1.60696355533674,0 -78.64080727100372,-1.6069903669106926,0 -78.64085018634796,-1.6067758743190728,0 -78.64079117774963,-1.6068402220965587,0 -78.64078044891357,-1.606765149689492,0 -78.64089846611023,-1.6067490627451204,0</coordinates>
        </LinearRing></outerBoundaryIs>
      </Polygon>
      </Placemark>
      <Placemark>
        <name>UPA-327 (0.02 ha)</name>
        <styleUrl>#upa_wireframe_style</styleUrl>
        <description><![CDATA[
          <div style="font-family: Arial, sans-serif; font-size: 12px; color: #1E293B;">
            <h3 style="color: #0F766E; margin-bottom: 4px;">FICHA PREDIAL: UPA-327</h3>
            <table border="1" cellpadding="4" cellspacing="0" style="border-collapse: collapse; width: 100%; border-color: #CBD5E1;">
              <tr bgcolor="#F8FAFC"><td><b>Escenario</b></td><td>4_Valle_Hortifruticola_Guano</td></tr>
              <tr><td><b>Superficie Útil</b></td><td><b>0.0231 ha</b> (230.9 m²)</td></tr>
              <tr bgcolor="#F8FAFC"><td><b>Vértices LADM</b></td><td>8 vértices (Conforme 4-10)</td></tr>
              <tr><td><b>Clase de Uso</b></td><td>Cultivo_Verde_Intensivo</td></tr>
              <tr bgcolor="#F8FAFC"><td><b>Solape Habitacional</b></td><td>0.00% (Segregado LADM)</td></tr>
              <tr><td><b>Lindero Vial</b></td><td>Infranqueable (Búfer LPIS 3.5m)</td></tr>
              <tr bgcolor="#F8FAFC"><td><b>Estándar Registral</b></td><td>✅ 100% Conforme ISO 19152</td></tr>
            </table>
          </div>
        ]]></description>
      <Polygon>
        <outerBoundaryIs><LinearRing>
          <coordinates>-78.64103257656097,-1.6045612383105978,0 -78.64103257656097,-1.6045987745141315,0 -78.64097356796265,-1.6046899338655698,0 -78.64088773727417,-1.6046899338655698,0 -78.64088773727417,-1.604647035347246,0 -78.64086627960205,-1.6046202237732934,0 -78.64087164402008,-1.6045666006253885,0 -78.64098966121674,-1.604539789051436,0 -78.64103257656097,-1.6045612383105978,0</coordinates>
        </LinearRing></outerBoundaryIs>
      </Polygon>
      </Placemark>
      <Placemark>
        <name>UPA-328 (0.02 ha)</name>
        <styleUrl>#upa_wireframe_style</styleUrl>
        <description><![CDATA[
          <div style="font-family: Arial, sans-serif; font-size: 12px; color: #1E293B;">
            <h3 style="color: #0F766E; margin-bottom: 4px;">FICHA PREDIAL: UPA-328</h3>
            <table border="1" cellpadding="4" cellspacing="0" style="border-collapse: collapse; width: 100%; border-color: #CBD5E1;">
              <tr bgcolor="#F8FAFC"><td><b>Escenario</b></td><td>4_Valle_Hortifruticola_Guano</td></tr>
              <tr><td><b>Superficie Útil</b></td><td><b>0.0230 ha</b> (230.0 m²)</td></tr>
              <tr bgcolor="#F8FAFC"><td><b>Vértices LADM</b></td><td>8 vértices (Conforme 4-10)</td></tr>
              <tr><td><b>Clase de Uso</b></td><td>Pastizal_Mixto</td></tr>
              <tr bgcolor="#F8FAFC"><td><b>Solape Habitacional</b></td><td>0.00% (Segregado LADM)</td></tr>
              <tr><td><b>Lindero Vial</b></td><td>Infranqueable (Búfer LPIS 3.5m)</td></tr>
              <tr bgcolor="#F8FAFC"><td><b>Estándar Registral</b></td><td>✅ 100% Conforme ISO 19152</td></tr>
            </table>
          </div>
        ]]></description>
      <Polygon>
        <outerBoundaryIs><LinearRing>
          <coordinates>-78.64140272140503,-1.6059179039525935,0 -78.64140272140503,-1.6060894980258893,0 -78.64129543304443,-1.6060894980258893,0 -78.64132761955261,-1.6060841357110989,0 -78.64132761955261,-1.6060412371927748,0 -78.64127933979034,-1.6060358748779844,0 -78.64127933979034,-1.605933990896965,0 -78.64129543304443,-1.6059179039525935,0 -78.64140272140503,-1.6059179039525935,0</coordinates>
        </LinearRing></outerBoundaryIs>
      </Polygon>
      </Placemark>
      <Placemark>
        <name>UPA-329 (0.02 ha)</name>
        <styleUrl>#upa_wireframe_style</styleUrl>
        <description><![CDATA[
          <div style="font-family: Arial, sans-serif; font-size: 12px; color: #1E293B;">
            <h3 style="color: #0F766E; margin-bottom: 4px;">FICHA PREDIAL: UPA-329</h3>
            <table border="1" cellpadding="4" cellspacing="0" style="border-collapse: collapse; width: 100%; border-color: #CBD5E1;">
              <tr bgcolor="#F8FAFC"><td><b>Escenario</b></td><td>4_Valle_Hortifruticola_Guano</td></tr>
              <tr><td><b>Superficie Útil</b></td><td><b>0.0228 ha</b> (227.7 m²)</td></tr>
              <tr bgcolor="#F8FAFC"><td><b>Vértices LADM</b></td><td>7 vértices (Conforme 4-10)</td></tr>
              <tr><td><b>Clase de Uso</b></td><td>Pastizal_Mixto</td></tr>
              <tr bgcolor="#F8FAFC"><td><b>Solape Habitacional</b></td><td>0.00% (Segregado LADM)</td></tr>
              <tr><td><b>Lindero Vial</b></td><td>Infranqueable (Búfer LPIS 3.5m)</td></tr>
              <tr bgcolor="#F8FAFC"><td><b>Estándar Registral</b></td><td>✅ 100% Conforme ISO 19152</td></tr>
            </table>
          </div>
        ]]></description>
      <Polygon>
        <outerBoundaryIs><LinearRing>
          <coordinates>-78.6401903629303,-1.6028506598924297,0 -78.64019572734833,-1.6028881960959631,0 -78.64016890525818,-1.6029310946142872,0 -78.6400830745697,-1.6029310946142872,0 -78.6400294303894,-1.6029471815586587,0 -78.6399757862091,-1.6029364569290776,0 -78.63996505737305,-1.6028506598924297,0 -78.6401903629303,-1.6028506598924297,0</coordinates>
        </LinearRing></outerBoundaryIs>
      </Polygon>
      </Placemark>
      <Placemark>
        <name>UPA-330 (0.02 ha)</name>
        <styleUrl>#upa_wireframe_style</styleUrl>
        <description><![CDATA[
          <div style="font-family: Arial, sans-serif; font-size: 12px; color: #1E293B;">
            <h3 style="color: #0F766E; margin-bottom: 4px;">FICHA PREDIAL: UPA-330</h3>
            <table border="1" cellpadding="4" cellspacing="0" style="border-collapse: collapse; width: 100%; border-color: #CBD5E1;">
              <tr bgcolor="#F8FAFC"><td><b>Escenario</b></td><td>4_Valle_Hortifruticola_Guano</td></tr>
              <tr><td><b>Superficie Útil</b></td><td><b>0.0227 ha</b> (227.0 m²)</td></tr>
              <tr bgcolor="#F8FAFC"><td><b>Vértices LADM</b></td><td>7 vértices (Conforme 4-10)</td></tr>
              <tr><td><b>Clase de Uso</b></td><td>Pastizal_Mixto</td></tr>
              <tr bgcolor="#F8FAFC"><td><b>Solape Habitacional</b></td><td>0.00% (Segregado LADM)</td></tr>
              <tr><td><b>Lindero Vial</b></td><td>Infranqueable (Búfer LPIS 3.5m)</td></tr>
              <tr bgcolor="#F8FAFC"><td><b>Estándar Registral</b></td><td>✅ 100% Conforme ISO 19152</td></tr>
            </table>
          </div>
        ]]></description>
      <Polygon>
        <outerBoundaryIs><LinearRing>
          <coordinates>-78.63798022270203,-1.6061163095998419,0 -78.63799095153809,-1.6062128312660706,0 -78.63796949386597,-1.6062503674696043,0 -78.63792657852173,-1.6062825413583472,0 -78.63786220550537,-1.606293265987928,0 -78.63786220550537,-1.6061538458033753,0 -78.63789975643158,-1.6061216719146323,0 -78.63798022270203,-1.6061163095998419,0</coordinates>
        </LinearRing></outerBoundaryIs>
      </Polygon>
      </Placemark>
      <Placemark>
        <name>UPA-331 (0.02 ha)</name>
        <styleUrl>#upa_wireframe_style</styleUrl>
        <description><![CDATA[
          <div style="font-family: Arial, sans-serif; font-size: 12px; color: #1E293B;">
            <h3 style="color: #0F766E; margin-bottom: 4px;">FICHA PREDIAL: UPA-331</h3>
            <table border="1" cellpadding="4" cellspacing="0" style="border-collapse: collapse; width: 100%; border-color: #CBD5E1;">
              <tr bgcolor="#F8FAFC"><td><b>Escenario</b></td><td>4_Valle_Hortifruticola_Guano</td></tr>
              <tr><td><b>Superficie Útil</b></td><td><b>0.0225 ha</b> (225.4 m²)</td></tr>
              <tr bgcolor="#F8FAFC"><td><b>Vértices LADM</b></td><td>6 vértices (Conforme 4-10)</td></tr>
              <tr><td><b>Clase de Uso</b></td><td>Pastizal_Mixto</td></tr>
              <tr bgcolor="#F8FAFC"><td><b>Solape Habitacional</b></td><td>0.00% (Segregado LADM)</td></tr>
              <tr><td><b>Lindero Vial</b></td><td>Infranqueable (Búfer LPIS 3.5m)</td></tr>
              <tr bgcolor="#F8FAFC"><td><b>Estándar Registral</b></td><td>✅ 100% Conforme ISO 19152</td></tr>
            </table>
          </div>
        ]]></description>
      <Polygon>
        <outerBoundaryIs><LinearRing>
          <coordinates>-78.6400455236435,-1.606325439876671,0 -78.6400455236435,-1.6065023962647575,0 -78.64003479480743,-1.6065131208943384,0 -78.63994896411896,-1.606507758579548,0 -78.63994359970093,-1.6063361645062522,0 -78.63995432853699,-1.606325439876671,0 -78.6400455236435,-1.606325439876671,0</coordinates>
        </LinearRing></outerBoundaryIs>
      </Polygon>
      </Placemark>
      <Placemark>
        <name>UPA-332 (0.02 ha)</name>
        <styleUrl>#upa_wireframe_style</styleUrl>
        <description><![CDATA[
          <div style="font-family: Arial, sans-serif; font-size: 12px; color: #1E293B;">
            <h3 style="color: #0F766E; margin-bottom: 4px;">FICHA PREDIAL: UPA-332</h3>
            <table border="1" cellpadding="4" cellspacing="0" style="border-collapse: collapse; width: 100%; border-color: #CBD5E1;">
              <tr bgcolor="#F8FAFC"><td><b>Escenario</b></td><td>4_Valle_Hortifruticola_Guano</td></tr>
              <tr><td><b>Superficie Útil</b></td><td><b>0.0224 ha</b> (224.0 m²)</td></tr>
              <tr bgcolor="#F8FAFC"><td><b>Vértices LADM</b></td><td>7 vértices (Conforme 4-10)</td></tr>
              <tr><td><b>Clase de Uso</b></td><td>Cultivo_Verde_Intensivo</td></tr>
              <tr bgcolor="#F8FAFC"><td><b>Solape Habitacional</b></td><td>0.00% (Segregado LADM)</td></tr>
              <tr><td><b>Lindero Vial</b></td><td>Infranqueable (Búfer LPIS 3.5m)</td></tr>
              <tr bgcolor="#F8FAFC"><td><b>Estándar Registral</b></td><td>✅ 100% Conforme ISO 19152</td></tr>
            </table>
          </div>
        ]]></description>
      <Polygon>
        <outerBoundaryIs><LinearRing>
          <coordinates>-78.63925158977509,-1.604464716644369,0 -78.63927841186523,-1.604550513681017,0 -78.6392730474472,-1.6046845715507794,0 -78.63926231861115,-1.6047113831247317,0 -78.63922476768494,-1.6047221077543128,0 -78.63919258117676,-1.604679209235989,0 -78.63919794559479,-1.6044808035887406,0 -78.63925158977509,-1.604464716644369,0</coordinates>
        </LinearRing></outerBoundaryIs>
      </Polygon>
      </Placemark>
      <Placemark>
        <name>UPA-333 (0.02 ha)</name>
        <styleUrl>#upa_wireframe_style</styleUrl>
        <description><![CDATA[
          <div style="font-family: Arial, sans-serif; font-size: 12px; color: #1E293B;">
            <h3 style="color: #0F766E; margin-bottom: 4px;">FICHA PREDIAL: UPA-333</h3>
            <table border="1" cellpadding="4" cellspacing="0" style="border-collapse: collapse; width: 100%; border-color: #CBD5E1;">
              <tr bgcolor="#F8FAFC"><td><b>Escenario</b></td><td>4_Valle_Hortifruticola_Guano</td></tr>
              <tr><td><b>Superficie Útil</b></td><td><b>0.0207 ha</b> (206.9 m²)</td></tr>
              <tr bgcolor="#F8FAFC"><td><b>Vértices LADM</b></td><td>9 vértices (Conforme 4-10)</td></tr>
              <tr><td><b>Clase de Uso</b></td><td>Cultivo_Verde_Intensivo</td></tr>
              <tr bgcolor="#F8FAFC"><td><b>Solape Habitacional</b></td><td>0.00% (Segregado LADM)</td></tr>
              <tr><td><b>Lindero Vial</b></td><td>Infranqueable (Búfer LPIS 3.5m)</td></tr>
              <tr bgcolor="#F8FAFC"><td><b>Estándar Registral</b></td><td>✅ 100% Conforme ISO 19152</td></tr>
            </table>
          </div>
        ]]></description>
      <Polygon>
        <outerBoundaryIs><LinearRing>
          <coordinates>-78.64085555076599,-1.605826744601155,0 -78.64087700843811,-1.605848193860317,0 -78.64098966121674,-1.605858918489898,0 -78.64099502563477,-1.6057302229349262,0 -78.6409467458725,-1.6056980490461832,0 -78.64093872070313,-1.6057002368706152,0 -78.64088726929516,-1.6057486427391323,0 -78.6408599281311,-1.6057743655102812,0 -78.64085555076599,-1.605783846082831,0 -78.64085555076599,-1.605826744601155,0</coordinates>
        </LinearRing></outerBoundaryIs>
      </Polygon>
      </Placemark>
      <Placemark>
        <name>UPA-334 (0.02 ha)</name>
        <styleUrl>#upa_wireframe_style</styleUrl>
        <description><![CDATA[
          <div style="font-family: Arial, sans-serif; font-size: 12px; color: #1E293B;">
            <h3 style="color: #0F766E; margin-bottom: 4px;">FICHA PREDIAL: UPA-334</h3>
            <table border="1" cellpadding="4" cellspacing="0" style="border-collapse: collapse; width: 100%; border-color: #CBD5E1;">
              <tr bgcolor="#F8FAFC"><td><b>Escenario</b></td><td>4_Valle_Hortifruticola_Guano</td></tr>
              <tr><td><b>Superficie Útil</b></td><td><b>0.0222 ha</b> (221.5 m²)</td></tr>
              <tr bgcolor="#F8FAFC"><td><b>Vértices LADM</b></td><td>6 vértices (Conforme 4-10)</td></tr>
              <tr><td><b>Clase de Uso</b></td><td>Cultivo_Verde_Intensivo</td></tr>
              <tr bgcolor="#F8FAFC"><td><b>Solape Habitacional</b></td><td>0.00% (Segregado LADM)</td></tr>
              <tr><td><b>Lindero Vial</b></td><td>Infranqueable (Búfer LPIS 3.5m)</td></tr>
              <tr bgcolor="#F8FAFC"><td><b>Estándar Registral</b></td><td>✅ 100% Conforme ISO 19152</td></tr>
            </table>
          </div>
        ]]></description>
      <Polygon>
        <outerBoundaryIs><LinearRing>
          <coordinates>-78.6392730474472,-1.6048990641423992,0 -78.63932132720947,-1.6049366003459327,0 -78.63931596279144,-1.6050492089565331,0 -78.63924086093903,-1.605102832104438,0 -78.63921403884888,-1.6050652959009046,0 -78.63920867443085,-1.60490978877198,0 -78.6392730474472,-1.6048990641423992,0</coordinates>
        </LinearRing></outerBoundaryIs>
      </Polygon>
      </Placemark>
      <Placemark>
        <name>UPA-335 (0.02 ha)</name>
        <styleUrl>#upa_wireframe_style</styleUrl>
        <description><![CDATA[
          <div style="font-family: Arial, sans-serif; font-size: 12px; color: #1E293B;">
            <h3 style="color: #0F766E; margin-bottom: 4px;">FICHA PREDIAL: UPA-335</h3>
            <table border="1" cellpadding="4" cellspacing="0" style="border-collapse: collapse; width: 100%; border-color: #CBD5E1;">
              <tr bgcolor="#F8FAFC"><td><b>Escenario</b></td><td>4_Valle_Hortifruticola_Guano</td></tr>
              <tr><td><b>Superficie Útil</b></td><td><b>0.0221 ha</b> (220.8 m²)</td></tr>
              <tr bgcolor="#F8FAFC"><td><b>Vértices LADM</b></td><td>8 vértices (Conforme 4-10)</td></tr>
              <tr><td><b>Clase de Uso</b></td><td>Pastizal_Mixto</td></tr>
              <tr bgcolor="#F8FAFC"><td><b>Solape Habitacional</b></td><td>0.00% (Segregado LADM)</td></tr>
              <tr><td><b>Lindero Vial</b></td><td>Infranqueable (Búfer LPIS 3.5m)</td></tr>
              <tr bgcolor="#F8FAFC"><td><b>Estándar Registral</b></td><td>✅ 100% Conforme ISO 19152</td></tr>
            </table>
          </div>
        ]]></description>
      <Polygon>
        <outerBoundaryIs><LinearRing>
          <coordinates>-78.63867223262787,-1.6051832668262955,0 -78.6387151479721,-1.6051832668262955,0 -78.63875806331635,-1.605199353770667,0 -78.63876342773438,-1.6053387739552198,0 -78.63875269889832,-1.6053709478439628,0 -78.63870978355408,-1.6053709478439628,0 -78.63866686820984,-1.605349498584801,0 -78.63865077495575,-1.605220803029829,0 -78.63867223262787,-1.6051832668262955,0</coordinates>
        </LinearRing></outerBoundaryIs>
      </Polygon>
      </Placemark>
      <Placemark>
        <name>UPA-336 (0.02 ha)</name>
        <styleUrl>#upa_wireframe_style</styleUrl>
        <description><![CDATA[
          <div style="font-family: Arial, sans-serif; font-size: 12px; color: #1E293B;">
            <h3 style="color: #0F766E; margin-bottom: 4px;">FICHA PREDIAL: UPA-336</h3>
            <table border="1" cellpadding="4" cellspacing="0" style="border-collapse: collapse; width: 100%; border-color: #CBD5E1;">
              <tr bgcolor="#F8FAFC"><td><b>Escenario</b></td><td>4_Valle_Hortifruticola_Guano</td></tr>
              <tr><td><b>Superficie Útil</b></td><td><b>0.0218 ha</b> (218.0 m²)</td></tr>
              <tr bgcolor="#F8FAFC"><td><b>Vértices LADM</b></td><td>6 vértices (Conforme 4-10)</td></tr>
              <tr><td><b>Clase de Uso</b></td><td>Pastizal_Mixto</td></tr>
              <tr bgcolor="#F8FAFC"><td><b>Solape Habitacional</b></td><td>0.00% (Segregado LADM)</td></tr>
              <tr><td><b>Lindero Vial</b></td><td>Infranqueable (Búfer LPIS 3.5m)</td></tr>
              <tr bgcolor="#F8FAFC"><td><b>Estándar Registral</b></td><td>✅ 100% Conforme ISO 19152</td></tr>
            </table>
          </div>
        ]]></description>
      <Polygon>
        <outerBoundaryIs><LinearRing>
          <coordinates>-78.64158511161804,-1.6067276134859583,0 -78.6415958404541,-1.6068670336705113,0 -78.64158511161804,-1.6068777583000922,0 -78.6414885520935,-1.6068723959853017,0 -78.64146173000336,-1.6068294974669777,0 -78.64146173000336,-1.6067383381155393,0 -78.64158511161804,-1.6067276134859583,0</coordinates>
        </LinearRing></outerBoundaryIs>
      </Polygon>
      </Placemark>
      <Placemark>
        <name>UPA-337 (0.02 ha)</name>
        <styleUrl>#upa_wireframe_style</styleUrl>
        <description><![CDATA[
          <div style="font-family: Arial, sans-serif; font-size: 12px; color: #1E293B;">
            <h3 style="color: #0F766E; margin-bottom: 4px;">FICHA PREDIAL: UPA-337</h3>
            <table border="1" cellpadding="4" cellspacing="0" style="border-collapse: collapse; width: 100%; border-color: #CBD5E1;">
              <tr bgcolor="#F8FAFC"><td><b>Escenario</b></td><td>4_Valle_Hortifruticola_Guano</td></tr>
              <tr><td><b>Superficie Útil</b></td><td><b>0.0218 ha</b> (217.6 m²)</td></tr>
              <tr bgcolor="#F8FAFC"><td><b>Vértices LADM</b></td><td>6 vértices (Conforme 4-10)</td></tr>
              <tr><td><b>Clase de Uso</b></td><td>Pastizal_Mixto</td></tr>
              <tr bgcolor="#F8FAFC"><td><b>Solape Habitacional</b></td><td>0.00% (Segregado LADM)</td></tr>
              <tr><td><b>Lindero Vial</b></td><td>Infranqueable (Búfer LPIS 3.5m)</td></tr>
              <tr bgcolor="#F8FAFC"><td><b>Estándar Registral</b></td><td>✅ 100% Conforme ISO 19152</td></tr>
            </table>
          </div>
        ]]></description>
      <Polygon>
        <outerBoundaryIs><LinearRing>
          <coordinates>-78.64162266254425,-1.605317324696058,0 -78.64163339138031,-1.6053977594179154,0 -78.64162266254425,-1.6054084840474963,0 -78.64151000976562,-1.6054192086770773,0 -78.64142954349518,-1.6053977594179154,0 -78.64142954349518,-1.6053280493256388,0 -78.64162266254425,-1.605317324696058,0</coordinates>
        </LinearRing></outerBoundaryIs>
      </Polygon>
      </Placemark>
      <Placemark>
        <name>UPA-338 (0.02 ha)</name>
        <styleUrl>#upa_wireframe_style</styleUrl>
        <description><![CDATA[
          <div style="font-family: Arial, sans-serif; font-size: 12px; color: #1E293B;">
            <h3 style="color: #0F766E; margin-bottom: 4px;">FICHA PREDIAL: UPA-338</h3>
            <table border="1" cellpadding="4" cellspacing="0" style="border-collapse: collapse; width: 100%; border-color: #CBD5E1;">
              <tr bgcolor="#F8FAFC"><td><b>Escenario</b></td><td>4_Valle_Hortifruticola_Guano</td></tr>
              <tr><td><b>Superficie Útil</b></td><td><b>0.0217 ha</b> (217.3 m²)</td></tr>
              <tr bgcolor="#F8FAFC"><td><b>Vértices LADM</b></td><td>7 vértices (Conforme 4-10)</td></tr>
              <tr><td><b>Clase de Uso</b></td><td>Pastizal_Mixto</td></tr>
              <tr bgcolor="#F8FAFC"><td><b>Solape Habitacional</b></td><td>0.00% (Segregado LADM)</td></tr>
              <tr><td><b>Lindero Vial</b></td><td>Infranqueable (Búfer LPIS 3.5m)</td></tr>
              <tr bgcolor="#F8FAFC"><td><b>Estándar Registral</b></td><td>✅ 100% Conforme ISO 19152</td></tr>
            </table>
          </div>
        ]]></description>
      <Polygon>
        <outerBoundaryIs><LinearRing>
          <coordinates>-78.64192843437195,-1.6028560222072201,0 -78.64192306995392,-1.6029364569290776,0 -78.64192306995392,-1.6029257322994965,0 -78.64190697669983,-1.6029150076699157,0 -78.64167094230652,-1.6029257322994965,0 -78.64166557788849,-1.6029686308178206,0 -78.64166557788849,-1.6028506598924297,0 -78.64192843437195,-1.6028560222072201,0</coordinates>
        </LinearRing></outerBoundaryIs>
      </Polygon>
      </Placemark>
      <Placemark>
        <name>UPA-339 (0.02 ha)</name>
        <styleUrl>#upa_wireframe_style</styleUrl>
        <description><![CDATA[
          <div style="font-family: Arial, sans-serif; font-size: 12px; color: #1E293B;">
            <h3 style="color: #0F766E; margin-bottom: 4px;">FICHA PREDIAL: UPA-339</h3>
            <table border="1" cellpadding="4" cellspacing="0" style="border-collapse: collapse; width: 100%; border-color: #CBD5E1;">
              <tr bgcolor="#F8FAFC"><td><b>Escenario</b></td><td>4_Valle_Hortifruticola_Guano</td></tr>
              <tr><td><b>Superficie Útil</b></td><td><b>0.0215 ha</b> (214.7 m²)</td></tr>
              <tr bgcolor="#F8FAFC"><td><b>Vértices LADM</b></td><td>8 vértices (Conforme 4-10)</td></tr>
              <tr><td><b>Clase de Uso</b></td><td>Pastizal_Mixto</td></tr>
              <tr bgcolor="#F8FAFC"><td><b>Solape Habitacional</b></td><td>0.00% (Segregado LADM)</td></tr>
              <tr><td><b>Lindero Vial</b></td><td>Infranqueable (Búfer LPIS 3.5m)</td></tr>
              <tr bgcolor="#F8FAFC"><td><b>Estándar Registral</b></td><td>✅ 100% Conforme ISO 19152</td></tr>
            </table>
          </div>
        ]]></description>
      <Polygon>
        <outerBoundaryIs><LinearRing>
          <coordinates>-78.63915503025055,-1.6068884829296732,0 -78.63913357257843,-1.6068348597817683,0 -78.63901555538177,-1.6068348597817683,0 -78.63899946212769,-1.6068455844113492,0 -78.63899946212769,-1.6069421060775781,0 -78.63901019096375,-1.6069581930219496,0 -78.63912105560303,-1.606949668316385,0 -78.6391499712798,-1.6069441097895105,0 -78.63915503025055,-1.6068884829296732,0</coordinates>
        </LinearRing></outerBoundaryIs>
      </Polygon>
      </Placemark>
      <Placemark>
        <name>UPA-340 (0.02 ha)</name>
        <styleUrl>#upa_wireframe_style</styleUrl>
        <description><![CDATA[
          <div style="font-family: Arial, sans-serif; font-size: 12px; color: #1E293B;">
            <h3 style="color: #0F766E; margin-bottom: 4px;">FICHA PREDIAL: UPA-340</h3>
            <table border="1" cellpadding="4" cellspacing="0" style="border-collapse: collapse; width: 100%; border-color: #CBD5E1;">
              <tr bgcolor="#F8FAFC"><td><b>Escenario</b></td><td>4_Valle_Hortifruticola_Guano</td></tr>
              <tr><td><b>Superficie Útil</b></td><td><b>0.0211 ha</b> (210.9 m²)</td></tr>
              <tr bgcolor="#F8FAFC"><td><b>Vértices LADM</b></td><td>7 vértices (Conforme 4-10)</td></tr>
              <tr><td><b>Clase de Uso</b></td><td>Cultivo_Verde_Intensivo</td></tr>
              <tr bgcolor="#F8FAFC"><td><b>Solape Habitacional</b></td><td>0.00% (Segregado LADM)</td></tr>
              <tr><td><b>Lindero Vial</b></td><td>Infranqueable (Búfer LPIS 3.5m)</td></tr>
              <tr bgcolor="#F8FAFC"><td><b>Estándar Registral</b></td><td>✅ 100% Conforme ISO 19152</td></tr>
            </table>
          </div>
        ]]></description>
      <Polygon>
        <outerBoundaryIs><LinearRing>
          <coordinates>-78.63820016384125,-1.6046952961803604,0 -78.63821625709534,-1.6046952961803604,0 -78.63823771476746,-1.6047167454395224,0 -78.63832890987396,-1.6047167454395224,0 -78.63835573196411,-1.6047596439578462,0 -78.63836109638214,-1.6048239917353322,0 -78.63821625709534,-1.6048400786797037,0 -78.63820016384125,-1.6046952961803604,0</coordinates>
        </LinearRing></outerBoundaryIs>
      </Polygon>
      </Placemark>
      <Placemark>
        <name>UPA-341 (0.02 ha)</name>
        <styleUrl>#upa_wireframe_style</styleUrl>
        <description><![CDATA[
          <div style="font-family: Arial, sans-serif; font-size: 12px; color: #1E293B;">
            <h3 style="color: #0F766E; margin-bottom: 4px;">FICHA PREDIAL: UPA-341</h3>
            <table border="1" cellpadding="4" cellspacing="0" style="border-collapse: collapse; width: 100%; border-color: #CBD5E1;">
              <tr bgcolor="#F8FAFC"><td><b>Escenario</b></td><td>4_Valle_Hortifruticola_Guano</td></tr>
              <tr><td><b>Superficie Útil</b></td><td><b>0.0208 ha</b> (207.8 m²)</td></tr>
              <tr bgcolor="#F8FAFC"><td><b>Vértices LADM</b></td><td>8 vértices (Conforme 4-10)</td></tr>
              <tr><td><b>Clase de Uso</b></td><td>Pastizal_Mixto</td></tr>
              <tr bgcolor="#F8FAFC"><td><b>Solape Habitacional</b></td><td>0.00% (Segregado LADM)</td></tr>
              <tr><td><b>Lindero Vial</b></td><td>Infranqueable (Búfer LPIS 3.5m)</td></tr>
              <tr bgcolor="#F8FAFC"><td><b>Estándar Registral</b></td><td>✅ 100% Conforme ISO 19152</td></tr>
            </table>
          </div>
        ]]></description>
      <Polygon>
        <outerBoundaryIs><LinearRing>
          <coordinates>-78.64006698131561,-1.6060787733963082,0 -78.64006698131561,-1.60598761404487,0 -78.63996505737305,-1.6059715271004984,0 -78.63994359970093,-1.6059822517300795,0 -78.63992750644684,-1.6060305125631937,0 -78.63993287086487,-1.6061109472850512,0 -78.63998339176177,-1.6061148319842107,0 -78.64003261677304,-1.6060988115199992,0 -78.64006698131561,-1.6060787733963082,0</coordinates>
        </LinearRing></outerBoundaryIs>
      </Polygon>
      </Placemark>
      <Placemark>
        <name>UPA-342 (0.02 ha)</name>
        <styleUrl>#upa_wireframe_style</styleUrl>
        <description><![CDATA[
          <div style="font-family: Arial, sans-serif; font-size: 12px; color: #1E293B;">
            <h3 style="color: #0F766E; margin-bottom: 4px;">FICHA PREDIAL: UPA-342</h3>
            <table border="1" cellpadding="4" cellspacing="0" style="border-collapse: collapse; width: 100%; border-color: #CBD5E1;">
              <tr bgcolor="#F8FAFC"><td><b>Escenario</b></td><td>4_Valle_Hortifruticola_Guano</td></tr>
              <tr><td><b>Superficie Útil</b></td><td><b>0.0186 ha</b> (185.5 m²)</td></tr>
              <tr bgcolor="#F8FAFC"><td><b>Vértices LADM</b></td><td>8 vértices (Conforme 4-10)</td></tr>
              <tr><td><b>Clase de Uso</b></td><td>Pastizal_Mixto</td></tr>
              <tr bgcolor="#F8FAFC"><td><b>Solape Habitacional</b></td><td>0.00% (Segregado LADM)</td></tr>
              <tr><td><b>Lindero Vial</b></td><td>Infranqueable (Búfer LPIS 3.5m)</td></tr>
              <tr bgcolor="#F8FAFC"><td><b>Estándar Registral</b></td><td>✅ 100% Conforme ISO 19152</td></tr>
            </table>
          </div>
        ]]></description>
      <Polygon>
        <outerBoundaryIs><LinearRing>
          <coordinates>-78.6415505842729,-1.6040312466160318,0 -78.64151241450475,-1.6041329927569845,0 -78.64151537418365,-1.6042394994231681,0 -78.64162802696228,-1.6042234124787966,0 -78.64161113475231,-1.604151648734047,0 -78.64158811168885,-1.6041015593599095,0 -78.64157232832399,-1.6040672207990065,0 -78.64155292510986,-1.604030369146339,0 -78.6415505842729,-1.6040312466160318,0</coordinates>
        </LinearRing></outerBoundaryIs>
      </Polygon>
      </Placemark>
      <Placemark>
        <name>UPA-343 (0.02 ha)</name>
        <styleUrl>#upa_wireframe_style</styleUrl>
        <description><![CDATA[
          <div style="font-family: Arial, sans-serif; font-size: 12px; color: #1E293B;">
            <h3 style="color: #0F766E; margin-bottom: 4px;">FICHA PREDIAL: UPA-343</h3>
            <table border="1" cellpadding="4" cellspacing="0" style="border-collapse: collapse; width: 100%; border-color: #CBD5E1;">
              <tr bgcolor="#F8FAFC"><td><b>Escenario</b></td><td>4_Valle_Hortifruticola_Guano</td></tr>
              <tr><td><b>Superficie Útil</b></td><td><b>0.0209 ha</b> (209.1 m²)</td></tr>
              <tr bgcolor="#F8FAFC"><td><b>Vértices LADM</b></td><td>5 vértices (Conforme 4-10)</td></tr>
              <tr><td><b>Clase de Uso</b></td><td>Pastizal_Mixto</td></tr>
              <tr bgcolor="#F8FAFC"><td><b>Solape Habitacional</b></td><td>0.00% (Segregado LADM)</td></tr>
              <tr><td><b>Lindero Vial</b></td><td>Infranqueable (Búfer LPIS 3.5m)</td></tr>
              <tr bgcolor="#F8FAFC"><td><b>Estándar Registral</b></td><td>✅ 100% Conforme ISO 19152</td></tr>
            </table>
          </div>
        ]]></description>
      <Polygon>
        <outerBoundaryIs><LinearRing>
          <coordinates>-78.64057660102844,-1.606346889135833,0 -78.64061951637268,-1.6064809470055954,0 -78.64049077033997,-1.606507758579548,0 -78.64047467708588,-1.6064916716351765,0 -78.64048540592194,-1.6063629760802045,0 -78.64057660102844,-1.606346889135833,0</coordinates>
        </LinearRing></outerBoundaryIs>
      </Polygon>
      </Placemark>
      <Placemark>
        <name>UPA-344 (0.02 ha)</name>
        <styleUrl>#upa_wireframe_style</styleUrl>
        <description><![CDATA[
          <div style="font-family: Arial, sans-serif; font-size: 12px; color: #1E293B;">
            <h3 style="color: #0F766E; margin-bottom: 4px;">FICHA PREDIAL: UPA-344</h3>
            <table border="1" cellpadding="4" cellspacing="0" style="border-collapse: collapse; width: 100%; border-color: #CBD5E1;">
              <tr bgcolor="#F8FAFC"><td><b>Escenario</b></td><td>4_Valle_Hortifruticola_Guano</td></tr>
              <tr><td><b>Superficie Útil</b></td><td><b>0.0209 ha</b> (209.1 m²)</td></tr>
              <tr bgcolor="#F8FAFC"><td><b>Vértices LADM</b></td><td>6 vértices (Conforme 4-10)</td></tr>
              <tr><td><b>Clase de Uso</b></td><td>Pastizal_Mixto</td></tr>
              <tr bgcolor="#F8FAFC"><td><b>Solape Habitacional</b></td><td>0.00% (Segregado LADM)</td></tr>
              <tr><td><b>Lindero Vial</b></td><td>Infranqueable (Búfer LPIS 3.5m)</td></tr>
              <tr bgcolor="#F8FAFC"><td><b>Estándar Registral</b></td><td>✅ 100% Conforme ISO 19152</td></tr>
            </table>
          </div>
        ]]></description>
      <Polygon>
        <outerBoundaryIs><LinearRing>
          <coordinates>-78.6386775970459,-1.605381672473544,0 -78.63868832588196,-1.6054406579362392,0 -78.6386775970459,-1.6055318172876778,0 -78.63863468170166,-1.6055479042320493,0 -78.63858103752136,-1.6055425419172586,0 -78.6385703086853,-1.6053870347883343,0 -78.6386775970459,-1.605381672473544,0</coordinates>
        </LinearRing></outerBoundaryIs>
      </Polygon>
      </Placemark>
      <Placemark>
        <name>UPA-345 (0.02 ha)</name>
        <styleUrl>#upa_wireframe_style</styleUrl>
        <description><![CDATA[
          <div style="font-family: Arial, sans-serif; font-size: 12px; color: #1E293B;">
            <h3 style="color: #0F766E; margin-bottom: 4px;">FICHA PREDIAL: UPA-345</h3>
            <table border="1" cellpadding="4" cellspacing="0" style="border-collapse: collapse; width: 100%; border-color: #CBD5E1;">
              <tr bgcolor="#F8FAFC"><td><b>Escenario</b></td><td>4_Valle_Hortifruticola_Guano</td></tr>
              <tr><td><b>Superficie Útil</b></td><td><b>0.0209 ha</b> (208.6 m²)</td></tr>
              <tr bgcolor="#F8FAFC"><td><b>Vértices LADM</b></td><td>8 vértices (Conforme 4-10)</td></tr>
              <tr><td><b>Clase de Uso</b></td><td>Suelo_Labrado_Humedo</td></tr>
              <tr bgcolor="#F8FAFC"><td><b>Solape Habitacional</b></td><td>0.00% (Segregado LADM)</td></tr>
              <tr><td><b>Lindero Vial</b></td><td>Infranqueable (Búfer LPIS 3.5m)</td></tr>
              <tr bgcolor="#F8FAFC"><td><b>Estándar Registral</b></td><td>✅ 100% Conforme ISO 19152</td></tr>
            </table>
          </div>
        ]]></description>
      <Polygon>
        <outerBoundaryIs><LinearRing>
          <coordinates>-78.63911211490631,-1.6060251502484033,0 -78.63911747932434,-1.6060305125631937,0 -78.63911747932434,-1.6060948603406797,0 -78.63912284374237,-1.6061002226554704,0 -78.63912284374237,-1.6061806573773276,0 -78.63911211490631,-1.6061913820069087,0 -78.6390209197998,-1.6061913820069087,0 -78.63901555538177,-1.6060251502484033,0 -78.63911211490631,-1.6060251502484033,0</coordinates>
        </LinearRing></outerBoundaryIs>
      </Polygon>
      </Placemark>
      <Placemark>
        <name>UPA-346 (0.02 ha)</name>
        <styleUrl>#upa_wireframe_style</styleUrl>
        <description><![CDATA[
          <div style="font-family: Arial, sans-serif; font-size: 12px; color: #1E293B;">
            <h3 style="color: #0F766E; margin-bottom: 4px;">FICHA PREDIAL: UPA-346</h3>
            <table border="1" cellpadding="4" cellspacing="0" style="border-collapse: collapse; width: 100%; border-color: #CBD5E1;">
              <tr bgcolor="#F8FAFC"><td><b>Escenario</b></td><td>4_Valle_Hortifruticola_Guano</td></tr>
              <tr><td><b>Superficie Útil</b></td><td><b>0.0206 ha</b> (206.3 m²)</td></tr>
              <tr bgcolor="#F8FAFC"><td><b>Vértices LADM</b></td><td>6 vértices (Conforme 4-10)</td></tr>
              <tr><td><b>Clase de Uso</b></td><td>Pastizal_Mixto</td></tr>
              <tr bgcolor="#F8FAFC"><td><b>Solape Habitacional</b></td><td>0.00% (Segregado LADM)</td></tr>
              <tr><td><b>Lindero Vial</b></td><td>Infranqueable (Búfer LPIS 3.5m)</td></tr>
              <tr bgcolor="#F8FAFC"><td><b>Estándar Registral</b></td><td>✅ 100% Conforme ISO 19152</td></tr>
            </table>
          </div>
        ]]></description>
      <Polygon>
        <outerBoundaryIs><LinearRing>
          <coordinates>-78.64065706729889,-1.6040571807202912,0 -78.64078044891357,-1.604062543035082,0 -78.64082872867584,-1.6041161661829868,0 -78.64082872867584,-1.6041590647013106,0 -78.6408019065857,-1.6041751516456821,0 -78.64066779613495,-1.6041644270161013,0 -78.64065706729889,-1.6040571807202912,0</coordinates>
        </LinearRing></outerBoundaryIs>
      </Polygon>
      </Placemark>
      <Placemark>
        <name>UPA-347 (0.02 ha)</name>
        <styleUrl>#upa_wireframe_style</styleUrl>
        <description><![CDATA[
          <div style="font-family: Arial, sans-serif; font-size: 12px; color: #1E293B;">
            <h3 style="color: #0F766E; margin-bottom: 4px;">FICHA PREDIAL: UPA-347</h3>
            <table border="1" cellpadding="4" cellspacing="0" style="border-collapse: collapse; width: 100%; border-color: #CBD5E1;">
              <tr bgcolor="#F8FAFC"><td><b>Escenario</b></td><td>4_Valle_Hortifruticola_Guano</td></tr>
              <tr><td><b>Superficie Útil</b></td><td><b>0.0205 ha</b> (204.9 m²)</td></tr>
              <tr bgcolor="#F8FAFC"><td><b>Vértices LADM</b></td><td>4 vértices (Conforme 4-10)</td></tr>
              <tr><td><b>Clase de Uso</b></td><td>Cultivo_Verde_Intensivo</td></tr>
              <tr bgcolor="#F8FAFC"><td><b>Solape Habitacional</b></td><td>0.00% (Segregado LADM)</td></tr>
              <tr><td><b>Lindero Vial</b></td><td>Infranqueable (Búfer LPIS 3.5m)</td></tr>
              <tr bgcolor="#F8FAFC"><td><b>Estándar Registral</b></td><td>✅ 100% Conforme ISO 19152</td></tr>
            </table>
          </div>
        ]]></description>
      <Polygon>
        <outerBoundaryIs><LinearRing>
          <coordinates>-78.6395251750946,-1.6068241351521872,0 -78.6395251750946,-1.6069528307071592,0 -78.63940179347992,-1.60696355533674,0 -78.63939106464386,-1.6068348597817683,0 -78.6395251750946,-1.6068241351521872,0</coordinates>
        </LinearRing></outerBoundaryIs>
      </Polygon>
      </Placemark>
      <Placemark>
        <name>UPA-348 (0.02 ha)</name>
        <styleUrl>#upa_wireframe_style</styleUrl>
        <description><![CDATA[
          <div style="font-family: Arial, sans-serif; font-size: 12px; color: #1E293B;">
            <h3 style="color: #0F766E; margin-bottom: 4px;">FICHA PREDIAL: UPA-348</h3>
            <table border="1" cellpadding="4" cellspacing="0" style="border-collapse: collapse; width: 100%; border-color: #CBD5E1;">
              <tr bgcolor="#F8FAFC"><td><b>Escenario</b></td><td>4_Valle_Hortifruticola_Guano</td></tr>
              <tr><td><b>Superficie Útil</b></td><td><b>0.0204 ha</b> (203.6 m²)</td></tr>
              <tr bgcolor="#F8FAFC"><td><b>Vértices LADM</b></td><td>7 vértices (Conforme 4-10)</td></tr>
              <tr><td><b>Clase de Uso</b></td><td>Pastizal_Mixto</td></tr>
              <tr bgcolor="#F8FAFC"><td><b>Solape Habitacional</b></td><td>0.00% (Segregado LADM)</td></tr>
              <tr><td><b>Lindero Vial</b></td><td>Infranqueable (Búfer LPIS 3.5m)</td></tr>
              <tr bgcolor="#F8FAFC"><td><b>Estándar Registral</b></td><td>✅ 100% Conforme ISO 19152</td></tr>
            </table>
          </div>
        ]]></description>
      <Polygon>
        <outerBoundaryIs><LinearRing>
          <coordinates>-78.64149391651154,-1.6032367465573454,0 -78.64151000976562,-1.6032474711869265,0 -78.64152610301971,-1.6034351522045938,0 -78.64145636558533,-1.6034405145193842,0 -78.64144563674927,-1.6034351522045938,0 -78.64142417907715,-1.6032689204460884,0 -78.64143490791321,-1.6032421088721358,0 -78.64149391651154,-1.6032367465573454,0</coordinates>
        </LinearRing></outerBoundaryIs>
      </Polygon>
      </Placemark>
      <Placemark>
        <name>UPA-349 (0.02 ha)</name>
        <styleUrl>#upa_wireframe_style</styleUrl>
        <description><![CDATA[
          <div style="font-family: Arial, sans-serif; font-size: 12px; color: #1E293B;">
            <h3 style="color: #0F766E; margin-bottom: 4px;">FICHA PREDIAL: UPA-349</h3>
            <table border="1" cellpadding="4" cellspacing="0" style="border-collapse: collapse; width: 100%; border-color: #CBD5E1;">
              <tr bgcolor="#F8FAFC"><td><b>Escenario</b></td><td>4_Valle_Hortifruticola_Guano</td></tr>
              <tr><td><b>Superficie Útil</b></td><td><b>0.0203 ha</b> (203.1 m²)</td></tr>
              <tr bgcolor="#F8FAFC"><td><b>Vértices LADM</b></td><td>6 vértices (Conforme 4-10)</td></tr>
              <tr><td><b>Clase de Uso</b></td><td>Cultivo_Verde_Intensivo</td></tr>
              <tr bgcolor="#F8FAFC"><td><b>Solape Habitacional</b></td><td>0.00% (Segregado LADM)</td></tr>
              <tr><td><b>Lindero Vial</b></td><td>Infranqueable (Búfer LPIS 3.5m)</td></tr>
              <tr bgcolor="#F8FAFC"><td><b>Estándar Registral</b></td><td>✅ 100% Conforme ISO 19152</td></tr>
            </table>
          </div>
        ]]></description>
      <Polygon>
        <outerBoundaryIs><LinearRing>
          <coordinates>-78.63950908184052,-1.606550657097872,0 -78.63953053951263,-1.6065774686718244,0 -78.6395251750946,-1.606700801912006,0 -78.63941788673401,-1.6067061642267964,0 -78.63941252231598,-1.606582830986615,0 -78.63945007324219,-1.606550657097872,0 -78.63950908184052,-1.606550657097872,0</coordinates>
        </LinearRing></outerBoundaryIs>
      </Polygon>
      </Placemark>
      <Placemark>
        <name>UPA-350 (0.02 ha)</name>
        <styleUrl>#upa_wireframe_style</styleUrl>
        <description><![CDATA[
          <div style="font-family: Arial, sans-serif; font-size: 12px; color: #1E293B;">
            <h3 style="color: #0F766E; margin-bottom: 4px;">FICHA PREDIAL: UPA-350</h3>
            <table border="1" cellpadding="4" cellspacing="0" style="border-collapse: collapse; width: 100%; border-color: #CBD5E1;">
              <tr bgcolor="#F8FAFC"><td><b>Escenario</b></td><td>4_Valle_Hortifruticola_Guano</td></tr>
              <tr><td><b>Superficie Útil</b></td><td><b>0.0202 ha</b> (202.4 m²)</td></tr>
              <tr bgcolor="#F8FAFC"><td><b>Vértices LADM</b></td><td>6 vértices (Conforme 4-10)</td></tr>
              <tr><td><b>Clase de Uso</b></td><td>Pastizal_Mixto</td></tr>
              <tr bgcolor="#F8FAFC"><td><b>Solape Habitacional</b></td><td>0.00% (Segregado LADM)</td></tr>
              <tr><td><b>Lindero Vial</b></td><td>Infranqueable (Búfer LPIS 3.5m)</td></tr>
              <tr bgcolor="#F8FAFC"><td><b>Estándar Registral</b></td><td>✅ 100% Conforme ISO 19152</td></tr>
            </table>
          </div>
        ]]></description>
      <Polygon>
        <outerBoundaryIs><LinearRing>
          <coordinates>-78.6410915851593,-1.6052422522889909,0 -78.64109694957733,-1.6053548608995913,0 -78.64099502563477,-1.6053066000664769,0 -78.6410003900528,-1.6053763101587533,0 -78.64093065261841,-1.605381672473544,0 -78.64093065261841,-1.6052583392333624,0 -78.6410915851593,-1.6052422522889909,0</coordinates>
        </LinearRing></outerBoundaryIs>
      </Polygon>
      </Placemark>
      <Placemark>
        <name>UPA-351 (0.02 ha)</name>
        <styleUrl>#upa_wireframe_style</styleUrl>
        <description><![CDATA[
          <div style="font-family: Arial, sans-serif; font-size: 12px; color: #1E293B;">
            <h3 style="color: #0F766E; margin-bottom: 4px;">FICHA PREDIAL: UPA-351</h3>
            <table border="1" cellpadding="4" cellspacing="0" style="border-collapse: collapse; width: 100%; border-color: #CBD5E1;">
              <tr bgcolor="#F8FAFC"><td><b>Escenario</b></td><td>4_Valle_Hortifruticola_Guano</td></tr>
              <tr><td><b>Superficie Útil</b></td><td><b>0.0202 ha</b> (201.7 m²)</td></tr>
              <tr bgcolor="#F8FAFC"><td><b>Vértices LADM</b></td><td>8 vértices (Conforme 4-10)</td></tr>
              <tr><td><b>Clase de Uso</b></td><td>Suelo_Labrado_Humedo</td></tr>
              <tr bgcolor="#F8FAFC"><td><b>Solape Habitacional</b></td><td>0.00% (Segregado LADM)</td></tr>
              <tr><td><b>Lindero Vial</b></td><td>Infranqueable (Búfer LPIS 3.5m)</td></tr>
              <tr bgcolor="#F8FAFC"><td><b>Estándar Registral</b></td><td>✅ 100% Conforme ISO 19152</td></tr>
            </table>
          </div>
        ]]></description>
      <Polygon>
        <outerBoundaryIs><LinearRing>
          <coordinates>-78.64006161689758,-1.6069796422811116,0 -78.64010989665985,-1.6069367437627877,0 -78.6401903629303,-1.6069474683923686,0 -78.64020645618439,-1.6069581930219496,0 -78.64023327827454,-1.6070118161698546,0 -78.64022254943848,-1.6070386277438071,0 -78.64020109176636,-1.6070547146881786,0 -78.64006161689758,-1.6070493523733882,0 -78.64006161689758,-1.6069796422811116,0</coordinates>
        </LinearRing></outerBoundaryIs>
      </Polygon>
      </Placemark>
      <Placemark>
        <name>UPA-352 (0.02 ha)</name>
        <styleUrl>#upa_wireframe_style</styleUrl>
        <description><![CDATA[
          <div style="font-family: Arial, sans-serif; font-size: 12px; color: #1E293B;">
            <h3 style="color: #0F766E; margin-bottom: 4px;">FICHA PREDIAL: UPA-352</h3>
            <table border="1" cellpadding="4" cellspacing="0" style="border-collapse: collapse; width: 100%; border-color: #CBD5E1;">
              <tr bgcolor="#F8FAFC"><td><b>Escenario</b></td><td>4_Valle_Hortifruticola_Guano</td></tr>
              <tr><td><b>Superficie Útil</b></td><td><b>0.0202 ha</b> (201.7 m²)</td></tr>
              <tr bgcolor="#F8FAFC"><td><b>Vértices LADM</b></td><td>8 vértices (Conforme 4-10)</td></tr>
              <tr><td><b>Clase de Uso</b></td><td>Cultivo_Verde_Intensivo</td></tr>
              <tr bgcolor="#F8FAFC"><td><b>Solape Habitacional</b></td><td>0.00% (Segregado LADM)</td></tr>
              <tr><td><b>Lindero Vial</b></td><td>Infranqueable (Búfer LPIS 3.5m)</td></tr>
              <tr bgcolor="#F8FAFC"><td><b>Estándar Registral</b></td><td>✅ 100% Conforme ISO 19152</td></tr>
            </table>
          </div>
        ]]></description>
      <Polygon>
        <outerBoundaryIs><LinearRing>
          <coordinates>-78.64191770553589,-1.6070708016325501,0 -78.64191770553589,-1.6071083378360835,0 -78.64189624786377,-1.607135149410036,0 -78.64170849323273,-1.607135149410036,0 -78.64170849323273,-1.607124424780455,0 -78.64175140857697,-1.607092250891712,0 -78.64177286624908,-1.6070332654290167,0 -78.64187479019165,-1.6070332654290167,0 -78.64191770553589,-1.6070708016325501,0</coordinates>
        </LinearRing></outerBoundaryIs>
      </Polygon>
      </Placemark>
      <Placemark>
        <name>UPA-353 (0.02 ha)</name>
        <styleUrl>#upa_wireframe_style</styleUrl>
        <description><![CDATA[
          <div style="font-family: Arial, sans-serif; font-size: 12px; color: #1E293B;">
            <h3 style="color: #0F766E; margin-bottom: 4px;">FICHA PREDIAL: UPA-353</h3>
            <table border="1" cellpadding="4" cellspacing="0" style="border-collapse: collapse; width: 100%; border-color: #CBD5E1;">
              <tr bgcolor="#F8FAFC"><td><b>Escenario</b></td><td>4_Valle_Hortifruticola_Guano</td></tr>
              <tr><td><b>Superficie Útil</b></td><td><b>0.0201 ha</b> (201.1 m²)</td></tr>
              <tr bgcolor="#F8FAFC"><td><b>Vértices LADM</b></td><td>8 vértices (Conforme 4-10)</td></tr>
              <tr><td><b>Clase de Uso</b></td><td>Pastizal_Mixto</td></tr>
              <tr bgcolor="#F8FAFC"><td><b>Solape Habitacional</b></td><td>0.00% (Segregado LADM)</td></tr>
              <tr><td><b>Lindero Vial</b></td><td>Infranqueable (Búfer LPIS 3.5m)</td></tr>
              <tr bgcolor="#F8FAFC"><td><b>Estándar Registral</b></td><td>✅ 100% Conforme ISO 19152</td></tr>
            </table>
          </div>
        ]]></description>
      <Polygon>
        <outerBoundaryIs><LinearRing>
          <coordinates>-78.63786220550537,-1.6070010915402737,0 -78.63788366317749,-1.6070010915402737,0 -78.63789975643158,-1.6070171784846452,0 -78.63792657852173,-1.6070064538550641,0 -78.63798022270203,-1.607027903114226,0 -78.63799631595612,-1.6070493523733882,0 -78.63800168037415,-1.607135149410036,0 -78.63786220550537,-1.607135149410036,0 -78.63786220550537,-1.6070010915402737,0</coordinates>
        </LinearRing></outerBoundaryIs>
      </Polygon>
      </Placemark>
      <Placemark>
        <name>UPA-354 (0.02 ha)</name>
        <styleUrl>#upa_wireframe_style</styleUrl>
        <description><![CDATA[
          <div style="font-family: Arial, sans-serif; font-size: 12px; color: #1E293B;">
            <h3 style="color: #0F766E; margin-bottom: 4px;">FICHA PREDIAL: UPA-354</h3>
            <table border="1" cellpadding="4" cellspacing="0" style="border-collapse: collapse; width: 100%; border-color: #CBD5E1;">
              <tr bgcolor="#F8FAFC"><td><b>Escenario</b></td><td>4_Valle_Hortifruticola_Guano</td></tr>
              <tr><td><b>Superficie Útil</b></td><td><b>0.0201 ha</b> (200.8 m²)</td></tr>
              <tr bgcolor="#F8FAFC"><td><b>Vértices LADM</b></td><td>5 vértices (Conforme 4-10)</td></tr>
              <tr><td><b>Clase de Uso</b></td><td>Pastizal_Mixto</td></tr>
              <tr bgcolor="#F8FAFC"><td><b>Solape Habitacional</b></td><td>0.00% (Segregado LADM)</td></tr>
              <tr><td><b>Lindero Vial</b></td><td>Infranqueable (Búfer LPIS 3.5m)</td></tr>
              <tr bgcolor="#F8FAFC"><td><b>Estándar Registral</b></td><td>✅ 100% Conforme ISO 19152</td></tr>
            </table>
          </div>
        ]]></description>
      <Polygon>
        <outerBoundaryIs><LinearRing>
          <coordinates>-78.63963782787323,-1.6067919612634443,0 -78.63964855670929,-1.6068670336705113,0 -78.63964319229126,-1.6069581930219496,0 -78.63954663276672,-1.6069581930219496,0 -78.63954663276672,-1.6067919612634443,0 -78.63963782787323,-1.6067919612634443,0</coordinates>
        </LinearRing></outerBoundaryIs>
      </Polygon>
      </Placemark>
    </Folder>
    <Folder>
      <name>🏠 Viviendas y Edificaciones (Relleno Translúcido)</name>
      <open>0</open>
      <Placemark>
        <name>Edif_008 (Vivienda_Campesina)</name>
        <styleUrl>#building_style</styleUrl>
        <description><![CDATA[
          <div style="font-family: Arial, sans-serif; font-size: 11px;">
            <b style="color: #9333EA;">Edificación Rural LADM: Edif_008</b><br/>
            <b>Escenario:</b> 4_Valle_Hortifruticola_Guano<br/>
            <b>Tipología:</b> Vivienda_Campesina<br/>
            <b>Superficie de Cubierta:</b> 114.8 m²<br/>
            <b>Elevación 3D:</b> ✅ Verificada (Sombra Suroeste 3D)<br/>
            <b>Geometría:</b> Ortogonal LADM (90°)<br/>
            <b>Estado en UPA:</b> 100% Segregada (Búfer 1.5m)
          </div>
        ]]></description>
      <Polygon>
        <outerBoundaryIs><LinearRing>
          <coordinates>-78.64089965820312,-1.607119083404541,0 -78.6410140991211,-1.607119083404541,0 -78.6410140991211,-1.606995701789856,0 -78.64089965820312,-1.606995701789856,0 -78.64089965820312,-1.607119083404541,0</coordinates>
        </LinearRing></outerBoundaryIs>
      </Polygon>
      </Placemark>
      <Placemark>
        <name>Edif_009 (Vivienda_Campesina)</name>
        <styleUrl>#building_style</styleUrl>
        <description><![CDATA[
          <div style="font-family: Arial, sans-serif; font-size: 11px;">
            <b style="color: #9333EA;">Edificación Rural LADM: Edif_009</b><br/>
            <b>Escenario:</b> 4_Valle_Hortifruticola_Guano<br/>
            <b>Tipología:</b> Vivienda_Campesina<br/>
            <b>Superficie de Cubierta:</b> 33.8 m²<br/>
            <b>Elevación 3D:</b> ✅ Verificada (Sombra Suroeste 3D)<br/>
            <b>Geometría:</b> Ortogonal LADM (90°)<br/>
            <b>Estado en UPA:</b> 100% Segregada (Búfer 1.5m)
          </div>
        ]]></description>
      <Polygon>
        <outerBoundaryIs><LinearRing>
          <coordinates>-78.640869140625,-1.6069153547286987,0 -78.64091491699219,-1.6069153547286987,0 -78.64091491699219,-1.6068402528762817,0 -78.640869140625,-1.6068402528762817,0 -78.640869140625,-1.6069153547286987,0</coordinates>
        </LinearRing></outerBoundaryIs>
      </Polygon>
      </Placemark>
      <Placemark>
        <name>Edif_010 (Vivienda_Campesina)</name>
        <styleUrl>#building_style</styleUrl>
        <description><![CDATA[
          <div style="font-family: Arial, sans-serif; font-size: 11px;">
            <b style="color: #9333EA;">Edificación Rural LADM: Edif_010</b><br/>
            <b>Escenario:</b> 4_Valle_Hortifruticola_Guano<br/>
            <b>Tipología:</b> Vivienda_Campesina<br/>
            <b>Superficie de Cubierta:</b> 64.5 m²<br/>
            <b>Elevación 3D:</b> ✅ Verificada (Sombra Suroeste 3D)<br/>
            <b>Geometría:</b> Ortogonal LADM (90°)<br/>
            <b>Estado en UPA:</b> 100% Segregada (Búfer 1.5m)
          </div>
        ]]></description>
      <Polygon>
        <outerBoundaryIs><LinearRing>
          <coordinates>-78.63993835449219,-1.6068938970565796,0 -78.64002990722656,-1.6068938970565796,0 -78.64002990722656,-1.6068134307861328,0 -78.63993835449219,-1.6068134307861328,0 -78.63993835449219,-1.6068938970565796,0</coordinates>
        </LinearRing></outerBoundaryIs>
      </Polygon>
      </Placemark>
      <Placemark>
        <name>Edif_011 (Vivienda_Campesina)</name>
        <styleUrl>#building_style</styleUrl>
        <description><![CDATA[
          <div style="font-family: Arial, sans-serif; font-size: 11px;">
            <b style="color: #9333EA;">Edificación Rural LADM: Edif_011</b><br/>
            <b>Escenario:</b> 4_Valle_Hortifruticola_Guano<br/>
            <b>Tipología:</b> Vivienda_Campesina<br/>
            <b>Superficie de Cubierta:</b> 39.7 m²<br/>
            <b>Elevación 3D:</b> Confirmada por Firma Espectral<br/>
            <b>Geometría:</b> Ortogonal LADM (90°)<br/>
            <b>Estado en UPA:</b> 100% Segregada (Búfer 1.5m)
          </div>
        ]]></description>
      <Polygon>
        <outerBoundaryIs><LinearRing>
          <coordinates>-78.64080047607422,-1.6068778038024902,0 -78.6408462524414,-1.6068778038024902,0 -78.6408462524414,-1.6067758798599243,0 -78.64080047607422,-1.6067758798599243,0 -78.64080047607422,-1.6068778038024902,0</coordinates>
        </LinearRing></outerBoundaryIs>
      </Polygon>
      </Placemark>
      <Placemark>
        <name>Edif_012 (Vivienda_Campesina)</name>
        <styleUrl>#building_style</styleUrl>
        <description><![CDATA[
          <div style="font-family: Arial, sans-serif; font-size: 11px;">
            <b style="color: #9333EA;">Edificación Rural LADM: Edif_012</b><br/>
            <b>Escenario:</b> 4_Valle_Hortifruticola_Guano<br/>
            <b>Tipología:</b> Vivienda_Campesina<br/>
            <b>Superficie de Cubierta:</b> 27.3 m²<br/>
            <b>Elevación 3D:</b> Confirmada por Firma Espectral<br/>
            <b>Geometría:</b> Ortogonal LADM (90°)<br/>
            <b>Estado en UPA:</b> 100% Segregada (Búfer 1.5m)
          </div>
        ]]></description>
      <Polygon>
        <outerBoundaryIs><LinearRing>
          <coordinates>-78.6387710571289,-1.6067758798599243,0 -78.63884735107422,-1.6067758798599243,0 -78.63884735107422,-1.6067436933517456,0 -78.6387710571289,-1.6067436933517456,0 -78.6387710571289,-1.6067758798599243,0</coordinates>
        </LinearRing></outerBoundaryIs>
      </Polygon>
      </Placemark>
      <Placemark>
        <name>Edif_013 (Vivienda_Campesina)</name>
        <styleUrl>#building_style</styleUrl>
        <description><![CDATA[
          <div style="font-family: Arial, sans-serif; font-size: 11px;">
            <b style="color: #9333EA;">Edificación Rural LADM: Edif_013</b><br/>
            <b>Escenario:</b> 4_Valle_Hortifruticola_Guano<br/>
            <b>Tipología:</b> Vivienda_Campesina<br/>
            <b>Superficie de Cubierta:</b> 35.6 m²<br/>
            <b>Elevación 3D:</b> ✅ Verificada (Sombra Suroeste 3D)<br/>
            <b>Geometría:</b> Ortogonal LADM (90°)<br/>
            <b>Estado en UPA:</b> 100% Segregada (Búfer 1.5m)
          </div>
        ]]></description>
      <Polygon>
        <outerBoundaryIs><LinearRing>
          <coordinates>-78.63910675048828,-1.6067705154418945,0 -78.63917541503906,-1.6067705154418945,0 -78.63917541503906,-1.606711506843567,0 -78.63910675048828,-1.606711506843567,0 -78.63910675048828,-1.6067705154418945,0</coordinates>
        </LinearRing></outerBoundaryIs>
      </Polygon>
      </Placemark>
      <Placemark>
        <name>Edif_014 (Vivienda_Campesina)</name>
        <styleUrl>#building_style</styleUrl>
        <description><![CDATA[
          <div style="font-family: Arial, sans-serif; font-size: 11px;">
            <b style="color: #9333EA;">Edificación Rural LADM: Edif_014</b><br/>
            <b>Escenario:</b> 4_Valle_Hortifruticola_Guano<br/>
            <b>Tipología:</b> Vivienda_Campesina<br/>
            <b>Superficie de Cubierta:</b> 26.6 m²<br/>
            <b>Elevación 3D:</b> ✅ Verificada (Sombra Suroeste 3D)<br/>
            <b>Geometría:</b> Ortogonal LADM (90°)<br/>
            <b>Estado en UPA:</b> 100% Segregada (Búfer 1.5m)
          </div>
        ]]></description>
      <Polygon>
        <outerBoundaryIs><LinearRing>
          <coordinates>-78.64152526855469,-1.6066900491714478,0 -78.64163208007812,-1.6066900491714478,0 -78.64163208007812,-1.606657862663269,0 -78.64152526855469,-1.606657862663269,0 -78.64152526855469,-1.6066900491714478,0</coordinates>
        </LinearRing></outerBoundaryIs>
      </Polygon>
      </Placemark>
      <Placemark>
        <name>Edif_015 (Vivienda_Campesina)</name>
        <styleUrl>#building_style</styleUrl>
        <description><![CDATA[
          <div style="font-family: Arial, sans-serif; font-size: 11px;">
            <b style="color: #9333EA;">Edificación Rural LADM: Edif_015</b><br/>
            <b>Escenario:</b> 4_Valle_Hortifruticola_Guano<br/>
            <b>Tipología:</b> Vivienda_Campesina<br/>
            <b>Superficie de Cubierta:</b> 81.7 m²<br/>
            <b>Elevación 3D:</b> Confirmada por Firma Espectral<br/>
            <b>Geometría:</b> Ortogonal LADM (90°)<br/>
            <b>Estado en UPA:</b> 100% Segregada (Búfer 1.5m)
          </div>
        ]]></description>
      <Polygon>
        <outerBoundaryIs><LinearRing>
          <coordinates>-78.63892364501953,-1.6066632270812988,0 -78.6390380859375,-1.6066632270812988,0 -78.6390380859375,-1.6065828800201416,0 -78.63892364501953,-1.6065828800201416,0 -78.63892364501953,-1.6066632270812988,0</coordinates>
        </LinearRing></outerBoundaryIs>
      </Polygon>
      </Placemark>
      <Placemark>
        <name>Edif_016 (Vivienda_Campesina)</name>
        <styleUrl>#building_style</styleUrl>
        <description><![CDATA[
          <div style="font-family: Arial, sans-serif; font-size: 11px;">
            <b style="color: #9333EA;">Edificación Rural LADM: Edif_016</b><br/>
            <b>Escenario:</b> 4_Valle_Hortifruticola_Guano<br/>
            <b>Tipología:</b> Vivienda_Campesina<br/>
            <b>Superficie de Cubierta:</b> 31.2 m²<br/>
            <b>Elevación 3D:</b> ✅ Verificada (Sombra Suroeste 3D)<br/>
            <b>Geometría:</b> Ortogonal LADM (90°)<br/>
            <b>Estado en UPA:</b> 100% Segregada (Búfer 1.5m)
          </div>
        ]]></description>
      <Polygon>
        <outerBoundaryIs><LinearRing>
          <coordinates>-78.63877868652344,-1.6064380407333374,0 -78.6388168334961,-1.6064380407333374,0 -78.6388168334961,-1.6063522100448608,0 -78.63877868652344,-1.6063522100448608,0 -78.63877868652344,-1.6064380407333374,0</coordinates>
        </LinearRing></outerBoundaryIs>
      </Polygon>
      </Placemark>
      <Placemark>
        <name>Edif_017 (Vivienda_Campesina)</name>
        <styleUrl>#building_style</styleUrl>
        <description><![CDATA[
          <div style="font-family: Arial, sans-serif; font-size: 11px;">
            <b style="color: #9333EA;">Edificación Rural LADM: Edif_017</b><br/>
            <b>Escenario:</b> 4_Valle_Hortifruticola_Guano<br/>
            <b>Tipología:</b> Vivienda_Campesina<br/>
            <b>Superficie de Cubierta:</b> 101.2 m²<br/>
            <b>Elevación 3D:</b> ✅ Verificada (Sombra Suroeste 3D)<br/>
            <b>Geometría:</b> Ortogonal LADM (90°)<br/>
            <b>Estado en UPA:</b> 100% Segregada (Búfer 1.5m)
          </div>
        ]]></description>
      <Polygon>
        <outerBoundaryIs><LinearRing>
          <coordinates>-78.64031982421875,-1.6064165830612183,0 -78.64042663574219,-1.6064165830612183,0 -78.64042663574219,-1.606309413909912,0 -78.64031982421875,-1.606309413909912,0 -78.64031982421875,-1.6064165830612183,0</coordinates>
        </LinearRing></outerBoundaryIs>
      </Polygon>
      </Placemark>
      <Placemark>
        <name>Edif_018 (Vivienda_Campesina)</name>
        <styleUrl>#building_style</styleUrl>
        <description><![CDATA[
          <div style="font-family: Arial, sans-serif; font-size: 11px;">
            <b style="color: #9333EA;">Edificación Rural LADM: Edif_018</b><br/>
            <b>Escenario:</b> 4_Valle_Hortifruticola_Guano<br/>
            <b>Tipología:</b> Vivienda_Campesina<br/>
            <b>Superficie de Cubierta:</b> 55.3 m²<br/>
            <b>Elevación 3D:</b> ✅ Verificada (Sombra Suroeste 3D)<br/>
            <b>Geometría:</b> Ortogonal LADM (90°)<br/>
            <b>Estado en UPA:</b> 100% Segregada (Búfer 1.5m)
          </div>
        ]]></description>
      <Polygon>
        <outerBoundaryIs><LinearRing>
          <coordinates>-78.63804626464844,-1.6063897609710693,0 -78.63810729980469,-1.6063897609710693,0 -78.63810729980469,-1.6062825918197632,0 -78.63804626464844,-1.6062825918197632,0 -78.63804626464844,-1.6063897609710693,0</coordinates>
        </LinearRing></outerBoundaryIs>
      </Polygon>
      </Placemark>
      <Placemark>
        <name>Edif_019 (Vivienda_Campesina)</name>
        <styleUrl>#building_style</styleUrl>
        <description><![CDATA[
          <div style="font-family: Arial, sans-serif; font-size: 11px;">
            <b style="color: #9333EA;">Edificación Rural LADM: Edif_019</b><br/>
            <b>Escenario:</b> 4_Valle_Hortifruticola_Guano<br/>
            <b>Tipología:</b> Vivienda_Campesina<br/>
            <b>Superficie de Cubierta:</b> 26.9 m²<br/>
            <b>Elevación 3D:</b> Confirmada por Firma Espectral<br/>
            <b>Geometría:</b> Ortogonal LADM (90°)<br/>
            <b>Estado en UPA:</b> 100% Segregada (Búfer 1.5m)
          </div>
        ]]></description>
      <Polygon>
        <outerBoundaryIs><LinearRing>
          <coordinates>-78.64187622070312,-1.606239676475525,0 -78.64193725585938,-1.606239676475525,0 -78.64193725585938,-1.6061806678771973,0 -78.64187622070312,-1.6061806678771973,0 -78.64187622070312,-1.606239676475525,0</coordinates>
        </LinearRing></outerBoundaryIs>
      </Polygon>
      </Placemark>
      <Placemark>
        <name>Edif_020 (Vivienda_Campesina)</name>
        <styleUrl>#building_style</styleUrl>
        <description><![CDATA[
          <div style="font-family: Arial, sans-serif; font-size: 11px;">
            <b style="color: #9333EA;">Edificación Rural LADM: Edif_020</b><br/>
            <b>Escenario:</b> 4_Valle_Hortifruticola_Guano<br/>
            <b>Tipología:</b> Vivienda_Campesina<br/>
            <b>Superficie de Cubierta:</b> 46.1 m²<br/>
            <b>Elevación 3D:</b> ✅ Verificada (Sombra Suroeste 3D)<br/>
            <b>Geometría:</b> Ortogonal LADM (90°)<br/>
            <b>Estado en UPA:</b> 100% Segregada (Búfer 1.5m)
          </div>
        ]]></description>
      <Polygon>
        <outerBoundaryIs><LinearRing>
          <coordinates>-78.6419448852539,-1.6061753034591675,0 -78.64201354980469,-1.6061753034591675,0 -78.64201354980469,-1.606089472770691,0 -78.6419448852539,-1.606089472770691,0 -78.6419448852539,-1.6061753034591675,0</coordinates>
        </LinearRing></outerBoundaryIs>
      </Polygon>
      </Placemark>
      <Placemark>
        <name>Edif_021 (Vivienda_Campesina)</name>
        <styleUrl>#building_style</styleUrl>
        <description><![CDATA[
          <div style="font-family: Arial, sans-serif; font-size: 11px;">
            <b style="color: #9333EA;">Edificación Rural LADM: Edif_021</b><br/>
            <b>Escenario:</b> 4_Valle_Hortifruticola_Guano<br/>
            <b>Tipología:</b> Vivienda_Campesina<br/>
            <b>Superficie de Cubierta:</b> 33.0 m²<br/>
            <b>Elevación 3D:</b> ✅ Verificada (Sombra Suroeste 3D)<br/>
            <b>Geometría:</b> Ortogonal LADM (90°)<br/>
            <b>Estado en UPA:</b> 100% Segregada (Búfer 1.5m)
          </div>
        ]]></description>
      <Polygon>
        <outerBoundaryIs><LinearRing>
          <coordinates>-78.64186096191406,-1.60611093044281,0 -78.64195251464844,-1.60611093044281,0 -78.64195251464844,-1.6060680150985718,0 -78.64186096191406,-1.6060680150985718,0 -78.64186096191406,-1.60611093044281,0</coordinates>
        </LinearRing></outerBoundaryIs>
      </Polygon>
      </Placemark>
      <Placemark>
        <name>Edif_022 (Vivienda_Campesina)</name>
        <styleUrl>#building_style</styleUrl>
        <description><![CDATA[
          <div style="font-family: Arial, sans-serif; font-size: 11px;">
            <b style="color: #9333EA;">Edificación Rural LADM: Edif_022</b><br/>
            <b>Escenario:</b> 4_Valle_Hortifruticola_Guano<br/>
            <b>Tipología:</b> Vivienda_Campesina<br/>
            <b>Superficie de Cubierta:</b> 53.5 m²<br/>
            <b>Elevación 3D:</b> ✅ Verificada (Sombra Suroeste 3D)<br/>
            <b>Geometría:</b> Ortogonal LADM (90°)<br/>
            <b>Estado en UPA:</b> 100% Segregada (Búfer 1.5m)
          </div>
        ]]></description>
      <Polygon>
        <outerBoundaryIs><LinearRing>
          <coordinates>-78.64021301269531,-1.6061241626739502,0 -78.64022064208984,-1.6060510873794556,0 -78.64013671875,-1.6060417890548706,0 -78.64012908935547,-1.6061148643493652,0 -78.64021301269531,-1.6061241626739502,0</coordinates>
        </LinearRing></outerBoundaryIs>
      </Polygon>
      </Placemark>
      <Placemark>
        <name>Edif_023 (Vivienda_Campesina)</name>
        <styleUrl>#building_style</styleUrl>
        <description><![CDATA[
          <div style="font-family: Arial, sans-serif; font-size: 11px;">
            <b style="color: #9333EA;">Edificación Rural LADM: Edif_023</b><br/>
            <b>Escenario:</b> 4_Valle_Hortifruticola_Guano<br/>
            <b>Tipología:</b> Vivienda_Campesina<br/>
            <b>Superficie de Cubierta:</b> 25.5 m²<br/>
            <b>Elevación 3D:</b> ✅ Verificada (Sombra Suroeste 3D)<br/>
            <b>Geometría:</b> Ortogonal LADM (90°)<br/>
            <b>Estado en UPA:</b> 100% Segregada (Búfer 1.5m)
          </div>
        ]]></description>
      <Polygon>
        <outerBoundaryIs><LinearRing>
          <coordinates>-78.64126586914062,-1.6060841083526611,0 -78.64132690429688,-1.6060841083526611,0 -78.64132690429688,-1.6060413122177124,0 -78.64126586914062,-1.6060413122177124,0 -78.64126586914062,-1.6060841083526611,0</coordinates>
        </LinearRing></outerBoundaryIs>
      </Polygon>
      </Placemark>
      <Placemark>
        <name>Edif_024 (Vivienda_Campesina)</name>
        <styleUrl>#building_style</styleUrl>
        <description><![CDATA[
          <div style="font-family: Arial, sans-serif; font-size: 11px;">
            <b style="color: #9333EA;">Edificación Rural LADM: Edif_024</b><br/>
            <b>Escenario:</b> 4_Valle_Hortifruticola_Guano<br/>
            <b>Tipología:</b> Vivienda_Campesina<br/>
            <b>Superficie de Cubierta:</b> 81.7 m²<br/>
            <b>Elevación 3D:</b> Confirmada por Firma Espectral<br/>
            <b>Geometría:</b> Ortogonal LADM (90°)<br/>
            <b>Estado en UPA:</b> 100% Segregada (Búfer 1.5m)
          </div>
        ]]></description>
      <Polygon>
        <outerBoundaryIs><LinearRing>
          <coordinates>-78.63819885253906,-1.6061506271362305,0 -78.63829040527344,-1.6061362028121948,0 -78.63826751708984,-1.6060274839401245,0 -78.63818359375,-1.6060420274734497,0 -78.63819885253906,-1.6061506271362305,0</coordinates>
        </LinearRing></outerBoundaryIs>
      </Polygon>
      </Placemark>
      <Placemark>
        <name>Edif_025 (Vivienda_Campesina)</name>
        <styleUrl>#building_style</styleUrl>
        <description><![CDATA[
          <div style="font-family: Arial, sans-serif; font-size: 11px;">
            <b style="color: #9333EA;">Edificación Rural LADM: Edif_025</b><br/>
            <b>Escenario:</b> 4_Valle_Hortifruticola_Guano<br/>
            <b>Tipología:</b> Vivienda_Campesina<br/>
            <b>Superficie de Cubierta:</b> 40.9 m²<br/>
            <b>Elevación 3D:</b> ✅ Verificada (Sombra Suroeste 3D)<br/>
            <b>Geometría:</b> Ortogonal LADM (90°)<br/>
            <b>Estado en UPA:</b> 100% Segregada (Búfer 1.5m)
          </div>
        ]]></description>
      <Polygon>
        <outerBoundaryIs><LinearRing>
          <coordinates>-78.6408920288086,-1.6061055660247803,0 -78.64094543457031,-1.6061055660247803,0 -78.64094543457031,-1.6060091257095337,0 -78.6408920288086,-1.6060091257095337,0 -78.6408920288086,-1.6061055660247803,0</coordinates>
        </LinearRing></outerBoundaryIs>
      </Polygon>
      </Placemark>
      <Placemark>
        <name>Edif_026 (Vivienda_Campesina)</name>
        <styleUrl>#building_style</styleUrl>
        <description><![CDATA[
          <div style="font-family: Arial, sans-serif; font-size: 11px;">
            <b style="color: #9333EA;">Edificación Rural LADM: Edif_026</b><br/>
            <b>Escenario:</b> 4_Valle_Hortifruticola_Guano<br/>
            <b>Tipología:</b> Vivienda_Campesina<br/>
            <b>Superficie de Cubierta:</b> 112.9 m²<br/>
            <b>Elevación 3D:</b> Confirmada por Firma Espectral<br/>
            <b>Geometría:</b> Ortogonal LADM (90°)<br/>
            <b>Estado en UPA:</b> 100% Segregada (Búfer 1.5m)
          </div>
        ]]></description>
      <Polygon>
        <outerBoundaryIs><LinearRing>
          <coordinates>-78.64054870605469,-1.606089472770691,0 -78.640625,-1.606089472770691,0 -78.640625,-1.6059393882751465,0 -78.64054870605469,-1.6059393882751465,0 -78.64054870605469,-1.606089472770691,0</coordinates>
        </LinearRing></outerBoundaryIs>
      </Polygon>
      </Placemark>
      <Placemark>
        <name>Edif_027 (Vivienda_Campesina)</name>
        <styleUrl>#building_style</styleUrl>
        <description><![CDATA[
          <div style="font-family: Arial, sans-serif; font-size: 11px;">
            <b style="color: #9333EA;">Edificación Rural LADM: Edif_027</b><br/>
            <b>Escenario:</b> 4_Valle_Hortifruticola_Guano<br/>
            <b>Tipología:</b> Vivienda_Campesina<br/>
            <b>Superficie de Cubierta:</b> 38.5 m²<br/>
            <b>Elevación 3D:</b> Confirmada por Firma Espectral<br/>
            <b>Geometría:</b> Ortogonal LADM (90°)<br/>
            <b>Estado en UPA:</b> 100% Segregada (Búfer 1.5m)
          </div>
        ]]></description>
      <Polygon>
        <outerBoundaryIs><LinearRing>
          <coordinates>-78.64168548583984,-1.6059930324554443,0 -78.6417465209961,-1.6059930324554443,0 -78.6417465209961,-1.6059179306030273,0 -78.64168548583984,-1.6059179306030273,0 -78.64168548583984,-1.6059930324554443,0</coordinates>
        </LinearRing></outerBoundaryIs>
      </Polygon>
      </Placemark>
      <Placemark>
        <name>Edif_028 (Vivienda_Campesina)</name>
        <styleUrl>#building_style</styleUrl>
        <description><![CDATA[
          <div style="font-family: Arial, sans-serif; font-size: 11px;">
            <b style="color: #9333EA;">Edificación Rural LADM: Edif_028</b><br/>
            <b>Escenario:</b> 4_Valle_Hortifruticola_Guano<br/>
            <b>Tipología:</b> Vivienda_Campesina<br/>
            <b>Superficie de Cubierta:</b> 55.3 m²<br/>
            <b>Elevación 3D:</b> ✅ Verificada (Sombra Suroeste 3D)<br/>
            <b>Geometría:</b> Ortogonal LADM (90°)<br/>
            <b>Estado en UPA:</b> 100% Segregada (Búfer 1.5m)
          </div>
        ]]></description>
      <Polygon>
        <outerBoundaryIs><LinearRing>
          <coordinates>-78.63971710205078,-1.6059232950210571,0 -78.6397933959961,-1.6059232950210571,0 -78.6397933959961,-1.60585355758667,0 -78.63971710205078,-1.60585355758667,0 -78.63971710205078,-1.6059232950210571,0</coordinates>
        </LinearRing></outerBoundaryIs>
      </Polygon>
      </Placemark>
      <Placemark>
        <name>Edif_029 (Vivienda_Campesina)</name>
        <styleUrl>#building_style</styleUrl>
        <description><![CDATA[
          <div style="font-family: Arial, sans-serif; font-size: 11px;">
            <b style="color: #9333EA;">Edificación Rural LADM: Edif_029</b><br/>
            <b>Escenario:</b> 4_Valle_Hortifruticola_Guano<br/>
            <b>Tipología:</b> Vivienda_Campesina<br/>
            <b>Superficie de Cubierta:</b> 64.9 m²<br/>
            <b>Elevación 3D:</b> ✅ Verificada (Sombra Suroeste 3D)<br/>
            <b>Geometría:</b> Ortogonal LADM (90°)<br/>
            <b>Estado en UPA:</b> 100% Segregada (Búfer 1.5m)
          </div>
        ]]></description>
      <Polygon>
        <outerBoundaryIs><LinearRing>
          <coordinates>-78.63905334472656,-1.6058160066604614,0 -78.63915252685547,-1.6058160066604614,0 -78.63915252685547,-1.6057356595993042,0 -78.63905334472656,-1.6057356595993042,0 -78.63905334472656,-1.6058160066604614,0</coordinates>
        </LinearRing></outerBoundaryIs>
      </Polygon>
      </Placemark>
      <Placemark>
        <name>Edif_030 (Vivienda_Campesina)</name>
        <styleUrl>#building_style</styleUrl>
        <description><![CDATA[
          <div style="font-family: Arial, sans-serif; font-size: 11px;">
            <b style="color: #9333EA;">Edificación Rural LADM: Edif_030</b><br/>
            <b>Escenario:</b> 4_Valle_Hortifruticola_Guano<br/>
            <b>Tipología:</b> Vivienda_Campesina<br/>
            <b>Superficie de Cubierta:</b> 173.8 m²<br/>
            <b>Elevación 3D:</b> Confirmada por Firma Espectral<br/>
            <b>Geometría:</b> Ortogonal LADM (90°)<br/>
            <b>Estado en UPA:</b> 100% Segregada (Búfer 1.5m)
          </div>
        ]]></description>
      <Polygon>
        <outerBoundaryIs><LinearRing>
          <coordinates>-78.64203643798828,-1.6058589220046997,0 -78.64215087890625,-1.6058589220046997,0 -78.64215087890625,-1.6057249307632446,0 -78.64203643798828,-1.6057249307632446,0 -78.64203643798828,-1.6058589220046997,0</coordinates>
        </LinearRing></outerBoundaryIs>
      </Polygon>
      </Placemark>
      <Placemark>
        <name>Edif_031 (Vivienda_Campesina)</name>
        <styleUrl>#building_style</styleUrl>
        <description><![CDATA[
          <div style="font-family: Arial, sans-serif; font-size: 11px;">
            <b style="color: #9333EA;">Edificación Rural LADM: Edif_031</b><br/>
            <b>Escenario:</b> 4_Valle_Hortifruticola_Guano<br/>
            <b>Tipología:</b> Vivienda_Campesina<br/>
            <b>Superficie de Cubierta:</b> 26.6 m²<br/>
            <b>Elevación 3D:</b> Confirmada por Firma Espectral<br/>
            <b>Geometría:</b> Ortogonal LADM (90°)<br/>
            <b>Estado en UPA:</b> 100% Segregada (Búfer 1.5m)
          </div>
        ]]></description>
      <Polygon>
        <outerBoundaryIs><LinearRing>
          <coordinates>-78.63968658447266,-1.6057623624801636,0 -78.63971710205078,-1.6057623624801636,0 -78.63971710205078,-1.6056873798370361,0 -78.63968658447266,-1.6056873798370361,0 -78.63968658447266,-1.6057623624801636,0</coordinates>
        </LinearRing></outerBoundaryIs>
      </Polygon>
      </Placemark>
      <Placemark>
        <name>Edif_032 (Vivienda_Campesina)</name>
        <styleUrl>#building_style</styleUrl>
        <description><![CDATA[
          <div style="font-family: Arial, sans-serif; font-size: 11px;">
            <b style="color: #9333EA;">Edificación Rural LADM: Edif_032</b><br/>
            <b>Escenario:</b> 4_Valle_Hortifruticola_Guano<br/>
            <b>Tipología:</b> Vivienda_Campesina<br/>
            <b>Superficie de Cubierta:</b> 28.4 m²<br/>
            <b>Elevación 3D:</b> Confirmada por Firma Espectral<br/>
            <b>Geometría:</b> Ortogonal LADM (90°)<br/>
            <b>Estado en UPA:</b> 100% Segregada (Búfer 1.5m)
          </div>
        ]]></description>
      <Polygon>
        <outerBoundaryIs><LinearRing>
          <coordinates>-78.63905334472656,-1.6057088375091553,0 -78.63909149169922,-1.6057088375091553,0 -78.63909149169922,-1.605617642402649,0 -78.63905334472656,-1.605617642402649,0 -78.63905334472656,-1.6057088375091553,0</coordinates>
        </LinearRing></outerBoundaryIs>
      </Polygon>
      </Placemark>
      <Placemark>
        <name>Edif_033 (Vivienda_Campesina)</name>
        <styleUrl>#building_style</styleUrl>
        <description><![CDATA[
          <div style="font-family: Arial, sans-serif; font-size: 11px;">
            <b style="color: #9333EA;">Edificación Rural LADM: Edif_033</b><br/>
            <b>Escenario:</b> 4_Valle_Hortifruticola_Guano<br/>
            <b>Tipología:</b> Vivienda_Campesina<br/>
            <b>Superficie de Cubierta:</b> 33.1 m²<br/>
            <b>Elevación 3D:</b> ✅ Verificada (Sombra Suroeste 3D)<br/>
            <b>Geometría:</b> Ortogonal LADM (90°)<br/>
            <b>Estado en UPA:</b> 100% Segregada (Búfer 1.5m)
          </div>
        ]]></description>
      <Polygon>
        <outerBoundaryIs><LinearRing>
          <coordinates>-78.63921356201172,-1.6055747270584106,0 -78.6393051147461,-1.6055747270584106,0 -78.6393051147461,-1.6055264472961426,0 -78.63921356201172,-1.6055264472961426,0 -78.63921356201172,-1.6055747270584106,0</coordinates>
        </LinearRing></outerBoundaryIs>
      </Polygon>
      </Placemark>
      <Placemark>
        <name>Edif_034 (Vivienda_Campesina)</name>
        <styleUrl>#building_style</styleUrl>
        <description><![CDATA[
          <div style="font-family: Arial, sans-serif; font-size: 11px;">
            <b style="color: #9333EA;">Edificación Rural LADM: Edif_034</b><br/>
            <b>Escenario:</b> 4_Valle_Hortifruticola_Guano<br/>
            <b>Tipología:</b> Vivienda_Campesina<br/>
            <b>Superficie de Cubierta:</b> 66.3 m²<br/>
            <b>Elevación 3D:</b> ✅ Verificada (Sombra Suroeste 3D)<br/>
            <b>Geometría:</b> Ortogonal LADM (90°)<br/>
            <b>Estado en UPA:</b> 100% Segregada (Búfer 1.5m)
          </div>
        ]]></description>
      <Polygon>
        <outerBoundaryIs><LinearRing>
          <coordinates>-78.64045715332031,-1.6055908203125,0 -78.64053344726562,-1.6055908203125,0 -78.64053344726562,-1.605488896369934,0 -78.64045715332031,-1.605488896369934,0 -78.64045715332031,-1.6055908203125,0</coordinates>
        </LinearRing></outerBoundaryIs>
      </Polygon>
      </Placemark>
      <Placemark>
        <name>Edif_035 (Vivienda_Campesina)</name>
        <styleUrl>#building_style</styleUrl>
        <description><![CDATA[
          <div style="font-family: Arial, sans-serif; font-size: 11px;">
            <b style="color: #9333EA;">Edificación Rural LADM: Edif_035</b><br/>
            <b>Escenario:</b> 4_Valle_Hortifruticola_Guano<br/>
            <b>Tipología:</b> Vivienda_Campesina<br/>
            <b>Superficie de Cubierta:</b> 27.3 m²<br/>
            <b>Elevación 3D:</b> ✅ Verificada (Sombra Suroeste 3D)<br/>
            <b>Geometría:</b> Ortogonal LADM (90°)<br/>
            <b>Estado en UPA:</b> 100% Segregada (Búfer 1.5m)
          </div>
        ]]></description>
      <Polygon>
        <outerBoundaryIs><LinearRing>
          <coordinates>-78.63954162597656,-1.6053924560546875,0 -78.6396255493164,-1.6053924560546875,0 -78.6396255493164,-1.6053495407104492,0 -78.63954162597656,-1.6053495407104492,0 -78.63954162597656,-1.6053924560546875,0</coordinates>
        </LinearRing></outerBoundaryIs>
      </Polygon>
      </Placemark>
      <Placemark>
        <name>Edif_036 (Vivienda_Campesina)</name>
        <styleUrl>#building_style</styleUrl>
        <description><![CDATA[
          <div style="font-family: Arial, sans-serif; font-size: 11px;">
            <b style="color: #9333EA;">Edificación Rural LADM: Edif_036</b><br/>
            <b>Escenario:</b> 4_Valle_Hortifruticola_Guano<br/>
            <b>Tipología:</b> Vivienda_Campesina<br/>
            <b>Superficie de Cubierta:</b> 32.8 m²<br/>
            <b>Elevación 3D:</b> Confirmada por Firma Espectral<br/>
            <b>Geometría:</b> Ortogonal LADM (90°)<br/>
            <b>Estado en UPA:</b> 100% Segregada (Búfer 1.5m)
          </div>
        ]]></description>
      <Polygon>
        <outerBoundaryIs><LinearRing>
          <coordinates>-78.64099884033203,-1.6053709983825684,0 -78.64105987548828,-1.6053709983825684,0 -78.64105987548828,-1.6053119897842407,0 -78.64099884033203,-1.6053119897842407,0 -78.64099884033203,-1.6053709983825684,0</coordinates>
        </LinearRing></outerBoundaryIs>
      </Polygon>
      </Placemark>
      <Placemark>
        <name>Edif_037 (Vivienda_Campesina)</name>
        <styleUrl>#building_style</styleUrl>
        <description><![CDATA[
          <div style="font-family: Arial, sans-serif; font-size: 11px;">
            <b style="color: #9333EA;">Edificación Rural LADM: Edif_037</b><br/>
            <b>Escenario:</b> 4_Valle_Hortifruticola_Guano<br/>
            <b>Tipología:</b> Vivienda_Campesina<br/>
            <b>Superficie de Cubierta:</b> 25.2 m²<br/>
            <b>Elevación 3D:</b> ✅ Verificada (Sombra Suroeste 3D)<br/>
            <b>Geometría:</b> Ortogonal LADM (90°)<br/>
            <b>Estado en UPA:</b> 100% Segregada (Búfer 1.5m)
          </div>
        ]]></description>
      <Polygon>
        <outerBoundaryIs><LinearRing>
          <coordinates>-78.64073944091797,-1.6051510572433472,0 -78.64082336425781,-1.6051510572433472,0 -78.64082336425781,-1.6051243543624878,0 -78.64073944091797,-1.6051243543624878,0 -78.64073944091797,-1.6051510572433472,0</coordinates>
        </LinearRing></outerBoundaryIs>
      </Polygon>
      </Placemark>
      <Placemark>
        <name>Edif_038 (Vivienda_Campesina)</name>
        <styleUrl>#building_style</styleUrl>
        <description><![CDATA[
          <div style="font-family: Arial, sans-serif; font-size: 11px;">
            <b style="color: #9333EA;">Edificación Rural LADM: Edif_038</b><br/>
            <b>Escenario:</b> 4_Valle_Hortifruticola_Guano<br/>
            <b>Tipología:</b> Vivienda_Campesina<br/>
            <b>Superficie de Cubierta:</b> 34.4 m²<br/>
            <b>Elevación 3D:</b> Confirmada por Firma Espectral<br/>
            <b>Geometría:</b> Ortogonal LADM (90°)<br/>
            <b>Estado en UPA:</b> 100% Segregada (Búfer 1.5m)
          </div>
        ]]></description>
      <Polygon>
        <outerBoundaryIs><LinearRing>
          <coordinates>-78.64138793945312,-1.605177879333496,0 -78.6414566040039,-1.605177879333496,0 -78.6414566040039,-1.6051243543624878,0 -78.64138793945312,-1.6051243543624878,0 -78.64138793945312,-1.605177879333496,0</coordinates>
        </LinearRing></outerBoundaryIs>
      </Polygon>
      </Placemark>
      <Placemark>
        <name>Edif_039 (Vivienda_Campesina)</name>
        <styleUrl>#building_style</styleUrl>
        <description><![CDATA[
          <div style="font-family: Arial, sans-serif; font-size: 11px;">
            <b style="color: #9333EA;">Edificación Rural LADM: Edif_039</b><br/>
            <b>Escenario:</b> 4_Valle_Hortifruticola_Guano<br/>
            <b>Tipología:</b> Vivienda_Campesina<br/>
            <b>Superficie de Cubierta:</b> 82.2 m²<br/>
            <b>Elevación 3D:</b> ✅ Verificada (Sombra Suroeste 3D)<br/>
            <b>Geometría:</b> Ortogonal LADM (90°)<br/>
            <b>Estado en UPA:</b> 100% Segregada (Búfer 1.5m)
          </div>
        ]]></description>
      <Polygon>
        <outerBoundaryIs><LinearRing>
          <coordinates>-78.64091491699219,-1.6052261590957642,0 -78.64099884033203,-1.6052261590957642,0 -78.64099884033203,-1.6051136255264282,0 -78.64091491699219,-1.6051136255264282,0 -78.64091491699219,-1.6052261590957642,0</coordinates>
        </LinearRing></outerBoundaryIs>
      </Polygon>
      </Placemark>
      <Placemark>
        <name>Edif_040 (Vivienda_Campesina)</name>
        <styleUrl>#building_style</styleUrl>
        <description><![CDATA[
          <div style="font-family: Arial, sans-serif; font-size: 11px;">
            <b style="color: #9333EA;">Edificación Rural LADM: Edif_040</b><br/>
            <b>Escenario:</b> 4_Valle_Hortifruticola_Guano<br/>
            <b>Tipología:</b> Vivienda_Campesina<br/>
            <b>Superficie de Cubierta:</b> 57.8 m²<br/>
            <b>Elevación 3D:</b> Confirmada por Firma Espectral<br/>
            <b>Geometría:</b> Ortogonal LADM (90°)<br/>
            <b>Estado en UPA:</b> 100% Segregada (Búfer 1.5m)
          </div>
        ]]></description>
      <Polygon>
        <outerBoundaryIs><LinearRing>
          <coordinates>-78.64190673828125,-1.605092167854309,0 -78.64202117919922,-1.605092167854309,0 -78.64202117919922,-1.6050277948379517,0 -78.64190673828125,-1.6050277948379517,0 -78.64190673828125,-1.605092167854309,0</coordinates>
        </LinearRing></outerBoundaryIs>
      </Polygon>
      </Placemark>
      <Placemark>
        <name>Edif_041 (Vivienda_Campesina)</name>
        <styleUrl>#building_style</styleUrl>
        <description><![CDATA[
          <div style="font-family: Arial, sans-serif; font-size: 11px;">
            <b style="color: #9333EA;">Edificación Rural LADM: Edif_041</b><br/>
            <b>Escenario:</b> 4_Valle_Hortifruticola_Guano<br/>
            <b>Tipología:</b> Vivienda_Campesina<br/>
            <b>Superficie de Cubierta:</b> 27.1 m²<br/>
            <b>Elevación 3D:</b> ✅ Verificada (Sombra Suroeste 3D)<br/>
            <b>Geometría:</b> Ortogonal LADM (90°)<br/>
            <b>Estado en UPA:</b> 100% Segregada (Búfer 1.5m)
          </div>
        ]]></description>
      <Polygon>
        <outerBoundaryIs><LinearRing>
          <coordinates>-78.64208221435547,-1.6050525903701782,0 -78.64210510253906,-1.6050306558609009,0 -78.64204406738281,-1.6049561500549316,0 -78.64202117919922,-1.604978084564209,0 -78.64208221435547,-1.6050525903701782,0</coordinates>
        </LinearRing></outerBoundaryIs>
      </Polygon>
      </Placemark>
      <Placemark>
        <name>Edif_042 (Vivienda_Campesina)</name>
        <styleUrl>#building_style</styleUrl>
        <description><![CDATA[
          <div style="font-family: Arial, sans-serif; font-size: 11px;">
            <b style="color: #9333EA;">Edificación Rural LADM: Edif_042</b><br/>
            <b>Escenario:</b> 4_Valle_Hortifruticola_Guano<br/>
            <b>Tipología:</b> Vivienda_Campesina<br/>
            <b>Superficie de Cubierta:</b> 26.4 m²<br/>
            <b>Elevación 3D:</b> ✅ Verificada (Sombra Suroeste 3D)<br/>
            <b>Geometría:</b> Ortogonal LADM (90°)<br/>
            <b>Estado en UPA:</b> 100% Segregada (Búfer 1.5m)
          </div>
        ]]></description>
      <Polygon>
        <outerBoundaryIs><LinearRing>
          <coordinates>-78.6412582397461,-1.6049994230270386,0 -78.641357421875,-1.6049867868423462,0 -78.64134979248047,-1.60495126247406,0 -78.6412582397461,-1.6049638986587524,0 -78.6412582397461,-1.6049994230270386,0</coordinates>
        </LinearRing></outerBoundaryIs>
      </Polygon>
      </Placemark>
      <Placemark>
        <name>Edif_043 (Vivienda_Campesina)</name>
        <styleUrl>#building_style</styleUrl>
        <description><![CDATA[
          <div style="font-family: Arial, sans-serif; font-size: 11px;">
            <b style="color: #9333EA;">Edificación Rural LADM: Edif_043</b><br/>
            <b>Escenario:</b> 4_Valle_Hortifruticola_Guano<br/>
            <b>Tipología:</b> Vivienda_Campesina<br/>
            <b>Superficie de Cubierta:</b> 66.8 m²<br/>
            <b>Elevación 3D:</b> Confirmada por Firma Espectral<br/>
            <b>Geometría:</b> Ortogonal LADM (90°)<br/>
            <b>Estado en UPA:</b> 100% Segregada (Búfer 1.5m)
          </div>
        ]]></description>
      <Polygon>
        <outerBoundaryIs><LinearRing>
          <coordinates>-78.641845703125,-1.604995608329773,0 -78.64192962646484,-1.604995608329773,0 -78.64192962646484,-1.6049097776412964,0 -78.641845703125,-1.6049097776412964,0 -78.641845703125,-1.604995608329773,0</coordinates>
        </LinearRing></outerBoundaryIs>
      </Polygon>
      </Placemark>
      <Placemark>
        <name>Edif_044 (Vivienda_Campesina)</name>
        <styleUrl>#building_style</styleUrl>
        <description><![CDATA[
          <div style="font-family: Arial, sans-serif; font-size: 11px;">
            <b style="color: #9333EA;">Edificación Rural LADM: Edif_044</b><br/>
            <b>Escenario:</b> 4_Valle_Hortifruticola_Guano<br/>
            <b>Tipología:</b> Vivienda_Campesina<br/>
            <b>Superficie de Cubierta:</b> 32.8 m²<br/>
            <b>Elevación 3D:</b> Confirmada por Firma Espectral<br/>
            <b>Geometría:</b> Ortogonal LADM (90°)<br/>
            <b>Estado en UPA:</b> 100% Segregada (Búfer 1.5m)
          </div>
        ]]></description>
      <Polygon>
        <outerBoundaryIs><LinearRing>
          <coordinates>-78.64031982421875,-1.6046524047851562,0 -78.64036560058594,-1.6046524047851562,0 -78.64036560058594,-1.6045665740966797,0 -78.64031982421875,-1.6045665740966797,0 -78.64031982421875,-1.6046524047851562,0</coordinates>
        </LinearRing></outerBoundaryIs>
      </Polygon>
      </Placemark>
      <Placemark>
        <name>Edif_045 (Vivienda_Campesina)</name>
        <styleUrl>#building_style</styleUrl>
        <description><![CDATA[
          <div style="font-family: Arial, sans-serif; font-size: 11px;">
            <b style="color: #9333EA;">Edificación Rural LADM: Edif_045</b><br/>
            <b>Escenario:</b> 4_Valle_Hortifruticola_Guano<br/>
            <b>Tipología:</b> Vivienda_Campesina<br/>
            <b>Superficie de Cubierta:</b> 171.0 m²<br/>
            <b>Elevación 3D:</b> Confirmada por Firma Espectral<br/>
            <b>Geometría:</b> Ortogonal LADM (90°)<br/>
            <b>Estado en UPA:</b> 100% Segregada (Búfer 1.5m)
          </div>
        ]]></description>
      <Polygon>
        <outerBoundaryIs><LinearRing>
          <coordinates>-78.64199829101562,-1.6045773029327393,0 -78.64215087890625,-1.6045773029327393,0 -78.64215087890625,-1.6044433116912842,0 -78.64199829101562,-1.6044433116912842,0 -78.64199829101562,-1.6045773029327393,0</coordinates>
        </LinearRing></outerBoundaryIs>
      </Polygon>
      </Placemark>
      <Placemark>
        <name>Edif_046 (Vivienda_Campesina)</name>
        <styleUrl>#building_style</styleUrl>
        <description><![CDATA[
          <div style="font-family: Arial, sans-serif; font-size: 11px;">
            <b style="color: #9333EA;">Edificación Rural LADM: Edif_046</b><br/>
            <b>Escenario:</b> 4_Valle_Hortifruticola_Guano<br/>
            <b>Tipología:</b> Vivienda_Campesina<br/>
            <b>Superficie de Cubierta:</b> 165.2 m²<br/>
            <b>Elevación 3D:</b> ✅ Verificada (Sombra Suroeste 3D)<br/>
            <b>Geometría:</b> Ortogonal LADM (90°)<br/>
            <b>Estado en UPA:</b> 100% Segregada (Búfer 1.5m)
          </div>
        ]]></description>
      <Polygon>
        <outerBoundaryIs><LinearRing>
          <coordinates>-78.63818359375,-1.6045491695404053,0 -78.6382827758789,-1.6043862104415894,0 -78.63819122314453,-1.6043295860290527,0 -78.63809204101562,-1.6044925451278687,0 -78.63818359375,-1.6045491695404053,0</coordinates>
        </LinearRing></outerBoundaryIs>
      </Polygon>
      </Placemark>
      <Placemark>
        <name>Edif_047 (Vivienda_Campesina)</name>
        <styleUrl>#building_style</styleUrl>
        <description><![CDATA[
          <div style="font-family: Arial, sans-serif; font-size: 11px;">
            <b style="color: #9333EA;">Edificación Rural LADM: Edif_047</b><br/>
            <b>Escenario:</b> 4_Valle_Hortifruticola_Guano<br/>
            <b>Tipología:</b> Vivienda_Campesina<br/>
            <b>Superficie de Cubierta:</b> 51.7 m²<br/>
            <b>Elevación 3D:</b> ✅ Verificada (Sombra Suroeste 3D)<br/>
            <b>Geometría:</b> Ortogonal LADM (90°)<br/>
            <b>Estado en UPA:</b> 100% Segregada (Búfer 1.5m)
          </div>
        ]]></description>
      <Polygon>
        <outerBoundaryIs><LinearRing>
          <coordinates>-78.64100646972656,-1.6038856506347656,0 -78.64110565185547,-1.6038856506347656,0 -78.64110565185547,-1.6038212776184082,0 -78.64100646972656,-1.6038212776184082,0 -78.64100646972656,-1.6038856506347656,0</coordinates>
        </LinearRing></outerBoundaryIs>
      </Polygon>
      </Placemark>
      <Placemark>
        <name>Edif_048 (Vivienda_Campesina)</name>
        <styleUrl>#building_style</styleUrl>
        <description><![CDATA[
          <div style="font-family: Arial, sans-serif; font-size: 11px;">
            <b style="color: #9333EA;">Edificación Rural LADM: Edif_048</b><br/>
            <b>Escenario:</b> 4_Valle_Hortifruticola_Guano<br/>
            <b>Tipología:</b> Vivienda_Campesina<br/>
            <b>Superficie de Cubierta:</b> 28.9 m²<br/>
            <b>Elevación 3D:</b> ✅ Verificada (Sombra Suroeste 3D)<br/>
            <b>Geometría:</b> Ortogonal LADM (90°)<br/>
            <b>Estado en UPA:</b> 100% Segregada (Búfer 1.5m)
          </div>
        ]]></description>
      <Polygon>
        <outerBoundaryIs><LinearRing>
          <coordinates>-78.64083862304688,-1.6036549806594849,0 -78.64092254638672,-1.6036549806594849,0 -78.64092254638672,-1.6036227941513062,0 -78.64083862304688,-1.6036227941513062,0 -78.64083862304688,-1.6036549806594849,0</coordinates>
        </LinearRing></outerBoundaryIs>
      </Polygon>
      </Placemark>
      <Placemark>
        <name>Edif_049 (Vivienda_Campesina)</name>
        <styleUrl>#building_style</styleUrl>
        <description><![CDATA[
          <div style="font-family: Arial, sans-serif; font-size: 11px;">
            <b style="color: #9333EA;">Edificación Rural LADM: Edif_049</b><br/>
            <b>Escenario:</b> 4_Valle_Hortifruticola_Guano<br/>
            <b>Tipología:</b> Vivienda_Campesina<br/>
            <b>Superficie de Cubierta:</b> 39.0 m²<br/>
            <b>Elevación 3D:</b> Confirmada por Firma Espectral<br/>
            <b>Geometría:</b> Ortogonal LADM (90°)<br/>
            <b>Estado en UPA:</b> 100% Segregada (Búfer 1.5m)
          </div>
        ]]></description>
      <Polygon>
        <outerBoundaryIs><LinearRing>
          <coordinates>-78.6413803100586,-1.6035531759262085,0 -78.64144897460938,-1.6035531759262085,0 -78.64144897460938,-1.603488802909851,0 -78.6413803100586,-1.603488802909851,0 -78.6413803100586,-1.6035531759262085,0</coordinates>
        </LinearRing></outerBoundaryIs>
      </Polygon>
      </Placemark>
      <Placemark>
        <name>Edif_050 (Vivienda_Campesina)</name>
        <styleUrl>#building_style</styleUrl>
        <description><![CDATA[
          <div style="font-family: Arial, sans-serif; font-size: 11px;">
            <b style="color: #9333EA;">Edificación Rural LADM: Edif_050</b><br/>
            <b>Escenario:</b> 4_Valle_Hortifruticola_Guano<br/>
            <b>Tipología:</b> Vivienda_Campesina<br/>
            <b>Superficie de Cubierta:</b> 99.9 m²<br/>
            <b>Elevación 3D:</b> Confirmada por Firma Espectral<br/>
            <b>Geometría:</b> Ortogonal LADM (90°)<br/>
            <b>Estado en UPA:</b> 100% Segregada (Búfer 1.5m)
          </div>
        ]]></description>
      <Polygon>
        <outerBoundaryIs><LinearRing>
          <coordinates>-78.64107513427734,-1.6033600568771362,0 -78.64116668701172,-1.6033600568771362,0 -78.64116668701172,-1.6032260656356812,0 -78.64107513427734,-1.6032260656356812,0 -78.64107513427734,-1.6033600568771362,0</coordinates>
        </LinearRing></outerBoundaryIs>
      </Polygon>
      </Placemark>
      <Placemark>
        <name>Edif_051 (Vivienda_Campesina)</name>
        <styleUrl>#building_style</styleUrl>
        <description><![CDATA[
          <div style="font-family: Arial, sans-serif; font-size: 11px;">
            <b style="color: #9333EA;">Edificación Rural LADM: Edif_051</b><br/>
            <b>Escenario:</b> 4_Valle_Hortifruticola_Guano<br/>
            <b>Tipología:</b> Vivienda_Campesina<br/>
            <b>Superficie de Cubierta:</b> 26.2 m²<br/>
            <b>Elevación 3D:</b> ✅ Verificada (Sombra Suroeste 3D)<br/>
            <b>Geometría:</b> Ortogonal LADM (90°)<br/>
            <b>Estado en UPA:</b> 100% Segregada (Búfer 1.5m)
          </div>
        ]]></description>
      <Polygon>
        <outerBoundaryIs><LinearRing>
          <coordinates>-78.64151000976562,-1.6030168533325195,0 -78.64154815673828,-1.6030168533325195,0 -78.64154815673828,-1.602941870689392,0 -78.64151000976562,-1.602941870689392,0 -78.64151000976562,-1.6030168533325195,0</coordinates>
        </LinearRing></outerBoundaryIs>
      </Polygon>
      </Placemark>
    </Folder>
    <Folder>
      <name>🛣️ Red Vial Rural (Calles y Caminos de Terracería)</name>
      <open>0</open>
      <Placemark>
        <name>Eje_Vial_43</name>
        <styleUrl>#road_style</styleUrl>
        <description><![CDATA[
          <b>Eje Vial Rural Oficial (OSM / LPIS)</b><br/>
          Escenario: 4_Valle_Hortifruticola_Guano<br/>
          Búfer de Infranqueabilidad: 3.5 metros<br/>
          Solape con UPAs: 0.00%
        ]]></description>
        <LineString>
          <coordinates>-78.64095211029053,-1.6070118161698546,0 -78.64098966121674,-1.6070225407994356,0 -78.6409842967987,-1.6070493523733882,0 -78.64097356796265,-1.607092250891712,0 -78.64095747470856,-1.607092250891712,0 -78.64094138145447,-1.6070976132065025,0 -78.64092528820038,-1.607135149410036,0 -78.64091455936432,-1.6071190624656646,0 -78.64091992378235,-1.607102975521293,0 -78.64093065261841,-1.6070868885769216,0 -78.6409467458725,-1.6070171784846452,0</coordinates>
        </LineString>
      </Placemark>
      <Placemark>
        <name>Eje_Vial_44</name>
        <styleUrl>#road_style</styleUrl>
        <description><![CDATA[
          <b>Eje Vial Rural Oficial (OSM / LPIS)</b><br/>
          Escenario: 4_Valle_Hortifruticola_Guano<br/>
          Búfer de Infranqueabilidad: 3.5 metros<br/>
          Solape con UPAs: 0.00%
        ]]></description>
        <LineString>
          <coordinates>-78.63951444625854,-1.6069689176515307,0 -78.63953590393066,-1.6069850045959022,0 -78.63954663276672,-1.6069850045959022,0 -78.63955736160278,-1.6070118161698546,0 -78.6395788192749,-1.6070171784846452,0 -78.63958954811096,-1.607027903114226,0 -78.63960027694702,-1.6070439900585975,0 -78.63955736160278,-1.6070493523733882,0 -78.63954663276672,-1.6070761639473405,0 -78.6395412683487,-1.6070761639473405,0 -78.63953053951263,-1.6070493523733882,0 -78.63951444625854,-1.6070493523733882,0 -78.63949298858643,-1.607027903114226,0 -78.63949835300446,-1.6070171784846452,0 -78.63951444625854,-1.6070064538550641,0</coordinates>
        </LineString>
      </Placemark>
      <Placemark>
        <name>Eje_Vial_45</name>
        <styleUrl>#road_style</styleUrl>
        <description><![CDATA[
          <b>Eje Vial Rural Oficial (OSM / LPIS)</b><br/>
          Escenario: 4_Valle_Hortifruticola_Guano<br/>
          Búfer de Infranqueabilidad: 3.5 metros<br/>
          Solape con UPAs: 0.00%
        ]]></description>
        <LineString>
          <coordinates>-78.64205718040466,-1.6069260191332067,0 -78.64206790924072,-1.6069367437627877,0 -78.64207863807678,-1.6069581930219496,0 -78.64208936691284,-1.6070547146881786,0 -78.64210546016693,-1.6070547146881786,0 -78.64211618900299,-1.6070654393177597,0 -78.64214837551117,-1.6071083378360835,0 -78.64213228225708,-1.6071083378360835,0 -78.64210546016693,-1.607135149410036,0 -78.64207327365875,-1.6071190624656646,0 -78.64206254482269,-1.6070493523733882,0 -78.64205181598663,-1.6069260191332067,0</coordinates>
        </LineString>
      </Placemark>
      <Placemark>
        <name>Eje_Vial_46</name>
        <styleUrl>#road_style</styleUrl>
        <description><![CDATA[
          <b>Eje Vial Rural Oficial (OSM / LPIS)</b><br/>
          Escenario: 4_Valle_Hortifruticola_Guano<br/>
          Búfer de Infranqueabilidad: 3.5 metros<br/>
          Solape con UPAs: 0.00%
        ]]></description>
        <LineString>
          <coordinates>-78.63830208778381,-1.6068831206148828,0 -78.63830745220184,-1.6069367437627877,0 -78.63833963871002,-1.60696355533674,0 -78.63836109638214,-1.60696355533674,0 -78.63836646080017,-1.6069689176515307,0 -78.63835573196411,-1.6069850045959022,0 -78.63836109638214,-1.6070171784846452,0 -78.63835036754608,-1.6070493523733882,0 -78.63833963871002,-1.606995729225483,0 -78.6383181810379,-1.6069796422811116,0 -78.63830745220184,-1.6069796422811116,0 -78.63828599452972,-1.60696355533674,0 -78.63828599452972,-1.6069421060775781,0 -78.63828599452972,-1.6069152945036258,0 -78.63828599452972,-1.6068992075592543,0</coordinates>
        </LineString>
      </Placemark>
      <Placemark>
        <name>Eje_Vial_47</name>
        <styleUrl>#road_style</styleUrl>
        <description><![CDATA[
          <b>Eje Vial Rural Oficial (OSM / LPIS)</b><br/>
          Escenario: 4_Valle_Hortifruticola_Guano<br/>
          Búfer de Infranqueabilidad: 3.5 metros<br/>
          Solape con UPAs: 0.00%
        ]]></description>
        <LineString>
          <coordinates>-78.63811433315277,-1.6068723959853017,0 -78.63812506198883,-1.6069528307071592,0 -78.6381196975708,-1.6069581930219496,0 -78.63809287548065,-1.6069581930219496,0 -78.63809287548065,-1.6068777583000922,0</coordinates>
        </LineString>
      </Placemark>
      <Placemark>
        <name>Eje_Vial_48</name>
        <styleUrl>#road_style</styleUrl>
        <description><![CDATA[
          <b>Eje Vial Rural Oficial (OSM / LPIS)</b><br/>
          Escenario: 4_Valle_Hortifruticola_Guano<br/>
          Búfer de Infranqueabilidad: 3.5 metros<br/>
          Solape con UPAs: 0.00%
        ]]></description>
        <LineString>
          <coordinates>-78.63984704017639,-1.6067758743190728,0 -78.63985776901245,-1.6068080482078158,0 -78.63984704017639,-1.6068509467261398,0 -78.63985776901245,-1.6068616713557207,0 -78.63984704017639,-1.6068723959853017,0 -78.6398309469223,-1.6068723959853017,0 -78.63981485366821,-1.6068777583000922,0 -78.63979876041412,-1.6068777583000922,0 -78.63977193832397,-1.6068938452444637,0 -78.639777302742,-1.6068616713557207,0 -78.63979876041412,-1.6068563090409302,0 -78.63981485366821,-1.6068455844113492,0 -78.63982558250427,-1.6067812366338632,0 -78.63984167575836,-1.6067812366338632,0</coordinates>
        </LineString>
      </Placemark>
      <Placemark>
        <name>Eje_Vial_49</name>
        <styleUrl>#road_style</styleUrl>
        <description><![CDATA[
          <b>Eje Vial Rural Oficial (OSM / LPIS)</b><br/>
          Escenario: 4_Valle_Hortifruticola_Guano<br/>
          Búfer de Infranqueabilidad: 3.5 metros<br/>
          Solape con UPAs: 0.00%
        ]]></description>
        <LineString>
          <coordinates>-78.63850593566895,-1.606765149689492,0 -78.63844692707062,-1.6067705120042823,0 -78.63840937614441,-1.6067865989486538,0 -78.63839328289032,-1.6067973235782347,0 -78.63838255405426,-1.6068080482078158,0 -78.63816797733307,-1.6068134105226062,0 -78.63815188407898,-1.6068026858930253,0 -78.63807678222656,-1.6067973235782347,0 -78.63818943500519,-1.6067973235782347,0 -78.63836109638214,-1.6067919612634443,0 -78.63841474056244,-1.6067812366338632,0 -78.6384254693985,-1.606765149689492,0</coordinates>
        </LineString>
      </Placemark>
      <Placemark>
        <name>Eje_Vial_50</name>
        <styleUrl>#road_style</styleUrl>
        <description><![CDATA[
          <b>Eje Vial Rural Oficial (OSM / LPIS)</b><br/>
          Escenario: 4_Valle_Hortifruticola_Guano<br/>
          Búfer de Infranqueabilidad: 3.5 metros<br/>
          Solape con UPAs: 0.00%
        ]]></description>
        <LineString>
          <coordinates>-78.64066779613495,-1.6067437004303298,0 -78.64073753356934,-1.6067544250599108,0 -78.64065706729889,-1.6067597873747013,0 -78.6406409740448,-1.6067705120042823,0 -78.64064633846283,-1.6068026858930253,0 -78.64066243171692,-1.6068134105226062,0 -78.64067852497101,-1.6068992075592543,0 -78.64066779613495,-1.6068938452444637,0 -78.64065170288086,-1.6068831206148828,0 -78.64063560962677,-1.6068831206148828,0 -78.64061415195465,-1.6068992075592543,0 -78.6405873298645,-1.6068402220965587,0 -78.64057123661041,-1.6068348597817683,0 -78.64055514335632,-1.6068294974669777,0 -78.6405497789383,-1.6067919612634443,0 -78.64054441452026,-1.6067544250599108,0 -78.64055514335632,-1.6067490627451204,0 -78.64057123661041,-1.6067490627451204,0 -78.64060342311859,-1.6067437004303298,0 -78.6406409740448,-1.6067437004303298,0 -78.64065706729889,-1.6067437004303298,0</coordinates>
        </LineString>
      </Placemark>
      <Placemark>
        <name>Eje_Vial_51</name>
        <styleUrl>#road_style</styleUrl>
        <description><![CDATA[
          <b>Eje Vial Rural Oficial (OSM / LPIS)</b><br/>
          Escenario: 4_Valle_Hortifruticola_Guano<br/>
          Búfer de Infranqueabilidad: 3.5 metros<br/>
          Solape con UPAs: 0.00%
        ]]></description>
        <LineString>
          <coordinates>-78.64177286624908,-1.606700801912006,0 -78.64178895950317,-1.6067597873747013,0 -78.64176750183105,-1.6067919612634443,0 -78.641756772995,-1.6068134105226062,0 -78.64177286624908,-1.6068455844113492,0 -78.64178359508514,-1.6068777583000922,0 -78.64180505275726,-1.6069045698740447,0 -78.64178895950317,-1.6069045698740447,0 -78.64177286624908,-1.606931381447997,0 -78.641756772995,-1.6068777583000922,0 -78.6417406797409,-1.6068777583000922,0 -78.64172995090485,-1.6068563090409302,0 -78.6417031288147,-1.6068509467261398,0 -78.64169239997864,-1.6068402220965587,0 -78.64169776439667,-1.6068294974669777,0 -78.64171385765076,-1.6068187728373968,0 -78.64172995090485,-1.6068187728373968,0 -78.6417406797409,-1.6068026858930253,0 -78.64176750183105,-1.6067812366338632,0</coordinates>
        </LineString>
      </Placemark>
      <Placemark>
        <name>Eje_Vial_52</name>
        <styleUrl>#road_style</styleUrl>
        <description><![CDATA[
          <b>Eje Vial Rural Oficial (OSM / LPIS)</b><br/>
          Escenario: 4_Valle_Hortifruticola_Guano<br/>
          Búfer de Infranqueabilidad: 3.5 metros<br/>
          Solape con UPAs: 0.00%
        ]]></description>
        <LineString>
          <coordinates>-78.64060342311859,-1.606572106357034,0 -78.64061415195465,-1.606615004875358,0 -78.64061415195465,-1.6066954395972153,0 -78.64059269428253,-1.6066954395972153,0 -78.64057660102844,-1.606700801912006,0 -78.64056587219238,-1.606668628023263,0 -78.64056050777435,-1.6066632657084723,0 -78.64057660102844,-1.6066525410788914,0 -78.6405873298645,-1.6066310918197293,0 -78.64060342311859,-1.6066203671901484,0</coordinates>
        </LineString>
      </Placemark>
      <Placemark>
        <name>Eje_Vial_53</name>
        <styleUrl>#road_style</styleUrl>
        <description><![CDATA[
          <b>Eje Vial Rural Oficial (OSM / LPIS)</b><br/>
          Escenario: 4_Valle_Hortifruticola_Guano<br/>
          Búfer de Infranqueabilidad: 3.5 metros<br/>
          Solape con UPAs: 0.00%
        ]]></description>
        <LineString>
          <coordinates>-78.6386239528656,-1.6065613817274529,0 -78.63863468170166,-1.6065935556161959,0 -78.63865077495575,-1.6065935556161959,0 -78.63866150379181,-1.6065935556161959,0 -78.63861858844757,-1.6066579033936819,0 -78.63860249519348,-1.6066579033936819,0 -78.63859176635742,-1.6067168888563774,0 -78.63858103752136,-1.6066900772824249,0 -78.63856494426727,-1.6066900772824249,0 -78.63858103752136,-1.6066632657084723,0 -78.63859713077545,-1.6066418164493104,0 -78.63861322402954,-1.6066310918197293,0</coordinates>
        </LineString>
      </Placemark>
      <Placemark>
        <name>Eje_Vial_54</name>
        <styleUrl>#road_style</styleUrl>
        <description><![CDATA[
          <b>Eje Vial Rural Oficial (OSM / LPIS)</b><br/>
          Escenario: 4_Valle_Hortifruticola_Guano<br/>
          Búfer de Infranqueabilidad: 3.5 metros<br/>
          Solape con UPAs: 0.00%
        ]]></description>
        <LineString>
          <coordinates>-78.63904774188995,-1.6065560194126625,0 -78.63905847072601,-1.6065935556161959,0 -78.63905847072601,-1.606604280245777,0 -78.63906383514404,-1.60663645413452,0 -78.63905310630798,-1.606668628023263,0 -78.63901019096375,-1.6066847149676344,0 -78.63899946212769,-1.6066954395972153,0 -78.63898873329163,-1.6066900772824249,0 -78.63897264003754,-1.6066793526528438,0 -78.63895654678345,-1.6066793526528438,0 -78.63893508911133,-1.6066954395972153,0 -78.63894581794739,-1.6067276134859583,0 -78.63904237747192,-1.6067383381155393,0 -78.63906919956207,-1.6067437004303298,0 -78.63904774188995,-1.6067490627451204,0 -78.63903164863586,-1.6067597873747013,0 -78.6390209197998,-1.6067705120042823,0 -78.63893508911133,-1.606765149689492,0 -78.63891899585724,-1.6067544250599108,0 -78.63890290260315,-1.606765149689492,0 -78.63888680934906,-1.6067490627451204,0 -78.638876080513,-1.6067383381155393,0 -78.63889753818512,-1.6067061642267964,0 -78.63888680934906,-1.6066632657084723,0 -78.63889753818512,-1.6066471787641008,0 -78.63890826702118,-1.606615004875358,0 -78.63891363143921,-1.6065989179309865,0 -78.6389297246933,-1.6065989179309865,0 -78.63894045352936,-1.6065667440422435,0 -78.6390370130539,-1.6065613817274529,0</coordinates>
        </LineString>
      </Placemark>
      <Placemark>
        <name>Eje_Vial_55</name>
        <styleUrl>#road_style</styleUrl>
        <description><![CDATA[
          <b>Eje Vial Rural Oficial (OSM / LPIS)</b><br/>
          Escenario: 4_Valle_Hortifruticola_Guano<br/>
          Búfer de Infranqueabilidad: 3.5 metros<br/>
          Solape con UPAs: 0.00%
        ]]></description>
        <LineString>
          <coordinates>-78.63910675048828,-1.6065452947830814,0 -78.63911747932434,-1.606572106357034,0 -78.63912284374237,-1.6065774686718244,0 -78.63910675048828,-1.6065881933014055,0 -78.6391282081604,-1.6066471787641008,0 -78.63919794559479,-1.6066579033936819,0 -78.63921403884888,-1.6066632657084723,0 -78.63923013210297,-1.6066525410788914,0 -78.639235496521,-1.606732975800749,0 -78.63928377628326,-1.6067383381155393,0 -78.63936960697174,-1.6067383381155393,0 -78.6394876241684,-1.606732975800749,0 -78.6395412683487,-1.6067222511711678,0 -78.63961637020111,-1.6067276134859583,0 -78.63958954811096,-1.6067383381155393,0 -78.63953590393066,-1.6067437004303298,0 -78.63945007324219,-1.6067544250599108,0 -78.63936424255371,-1.6067490627451204,0 -78.63934814929962,-1.6067490627451204,0 -78.63924622535706,-1.6067597873747013,0 -78.639235496521,-1.6067490627451204,0 -78.6392194032669,-1.6067383381155393,0 -78.6392194032669,-1.606732975800749,0 -78.63923013210297,-1.6066739903380534,0 -78.63921403884888,-1.6066632657084723,0 -78.63917648792267,-1.606668628023263,0 -78.63916039466858,-1.6066793526528438,0 -78.63914430141449,-1.6066739903380534,0 -78.63909602165222,-1.6066632657084723,0 -78.63909065723419,-1.6066525410788914,0 -78.63907992839813,-1.60663645413452,0 -78.63909065723419,-1.606615004875358,0 -78.63909065723419,-1.6065989179309865,0 -78.63909065723419,-1.606572106357034,0 -78.63910138607025,-1.606550657097872,0</coordinates>
        </LineString>
      </Placemark>
      <Placemark>
        <name>Eje_Vial_56</name>
        <styleUrl>#road_style</styleUrl>
        <description><![CDATA[
          <b>Eje Vial Rural Oficial (OSM / LPIS)</b><br/>
          Escenario: 4_Valle_Hortifruticola_Guano<br/>
          Búfer de Infranqueabilidad: 3.5 metros<br/>
          Solape con UPAs: 0.00%
        ]]></description>
        <LineString>
          <coordinates>-78.64064633846283,-1.60652920783871,0 -78.64050686359406,-1.606539932468291,0 -78.640496134758,-1.6066203671901484,0 -78.64048540592194,-1.6066418164493104,0 -78.64049077033997,-1.60652920783871,0 -78.64050686359406,-1.60652920783871,0</coordinates>
        </LineString>
      </Placemark>
      <Placemark>
        <name>Eje_Vial_57</name>
        <styleUrl>#road_style</styleUrl>
        <description><![CDATA[
          <b>Eje Vial Rural Oficial (OSM / LPIS)</b><br/>
          Escenario: 4_Valle_Hortifruticola_Guano<br/>
          Búfer de Infranqueabilidad: 3.5 metros<br/>
          Solape con UPAs: 0.00%
        ]]></description>
        <LineString>
          <coordinates>-78.64186406135559,-1.606486309320386,0 -78.64188551902771,-1.6065023962647575,0 -78.6419016122818,-1.6065023962647575,0 -78.64191770553589,-1.6065023962647575,0 -78.64193379878998,-1.6065023962647575,0 -78.64194452762604,-1.6065345701535005,0 -78.64194452762604,-1.6065560194126625,0 -78.64196062088013,-1.6065560194126625,0 -78.6419552564621,-1.6065774686718244,0 -78.6419552564621,-1.606604280245777,0 -78.64193916320801,-1.6065989179309865,0 -78.64192306995392,-1.6065989179309865,0 -78.64192843437195,-1.6066257295049389,0 -78.64192306995392,-1.6066525410788914,0 -78.64189624786377,-1.6066793526528438,0 -78.64188015460968,-1.6066793526528438,0 -78.64186942577362,-1.606732975800749,0 -78.64185869693756,-1.6067222511711678,0 -78.64183723926544,-1.6067061642267964,0 -78.64184260368347,-1.6066954395972153,0 -78.64184260368347,-1.6066632657084723,0 -78.64182651042938,-1.6066632657084723,0 -78.6417943239212,-1.6066418164493104,0 -78.6417943239212,-1.60663645413452,0 -78.64181578159332,-1.60663645413452,0 -78.64182651042938,-1.6066096425605674,0 -78.6418104171753,-1.6065989179309865,0 -78.64178359508514,-1.6066203671901484,0 -78.64183187484741,-1.606572106357034,0 -78.64183723926544,-1.6065238455239195,0 -78.64183723926544,-1.606507758579548,0 -78.64185869693756,-1.6064916716351765,0</coordinates>
        </LineString>
      </Placemark>
      <Placemark>
        <name>Eje_Vial_58</name>
        <styleUrl>#road_style</styleUrl>
        <description><![CDATA[
          <b>Eje Vial Rural Oficial (OSM / LPIS)</b><br/>
          Escenario: 4_Valle_Hortifruticola_Guano<br/>
          Búfer de Infranqueabilidad: 3.5 metros<br/>
          Solape con UPAs: 0.00%
        ]]></description>
        <LineString>
          <coordinates>-78.63822162151337,-1.6064058745985286,0 -78.63821089267731,-1.6065023962647575,0 -78.63820016384125,-1.60652920783871,0 -78.63818407058716,-1.606539932468291,0 -78.63817870616913,-1.6066203671901484,0 -78.63816261291504,-1.6066096425605674,0 -78.63815188407898,-1.6065131208943384,0 -78.63816261291504,-1.606550657097872,0 -78.63817870616913,-1.606550657097872,0 -78.63818943500519,-1.6065345701535005,0 -78.63820016384125,-1.606454135431643,0 -78.63820552825928,-1.6064058745985286,0</coordinates>
        </LineString>
      </Placemark>
      <Placemark>
        <name>Eje_Vial_59</name>
        <styleUrl>#road_style</styleUrl>
        <description><![CDATA[
          <b>Eje Vial Rural Oficial (OSM / LPIS)</b><br/>
          Escenario: 4_Valle_Hortifruticola_Guano<br/>
          Búfer de Infranqueabilidad: 3.5 metros<br/>
          Solape con UPAs: 0.00%
        ]]></description>
        <LineString>
          <coordinates>-78.6392730474472,-1.6063951499689475,0 -78.639235496521,-1.6064594977464335,0 -78.63925158977509,-1.6064648600612241,0 -78.63924086093903,-1.606475584690805,0 -78.63923013210297,-1.6065131208943384,0 -78.6392194032669,-1.606475584690805,0 -78.63920331001282,-1.6064702223760146,0 -78.63917648792267,-1.6064916716351765,0 -78.63916575908661,-1.606475584690805,0 -78.63913893699646,-1.6064648600612241,0 -78.63920867443085,-1.6064594977464335,0 -78.63923013210297,-1.6064326861724811,0</coordinates>
        </LineString>
      </Placemark>
      <Placemark>
        <name>Eje_Vial_60</name>
        <styleUrl>#road_style</styleUrl>
        <description><![CDATA[
          <b>Eje Vial Rural Oficial (OSM / LPIS)</b><br/>
          Escenario: 4_Valle_Hortifruticola_Guano<br/>
          Búfer de Infranqueabilidad: 3.5 metros<br/>
          Solape con UPAs: 0.00%
        ]]></description>
        <LineString>
          <coordinates>-78.63950371742249,-1.606357613765414,0 -78.63951981067657,-1.6063629760802045,0 -78.63950371742249,-1.6063737007097856,0 -78.63950908184052,-1.606497033949967,0 -78.63949835300446,-1.606486309320386,0 -78.63950371742249,-1.6063629760802045,0</coordinates>
        </LineString>
      </Placemark>
      <Placemark>
        <name>Eje_Vial_61</name>
        <styleUrl>#road_style</styleUrl>
        <description><![CDATA[
          <b>Eje Vial Rural Oficial (OSM / LPIS)</b><br/>
          Escenario: 4_Valle_Hortifruticola_Guano<br/>
          Búfer de Infranqueabilidad: 3.5 metros<br/>
          Solape con UPAs: 0.00%
        ]]></description>
        <LineString>
          <coordinates>-78.63986849784851,-1.606346889135833,0 -78.63984704017639,-1.6063737007097856,0 -78.63985776901245,-1.6064487731168526,0 -78.63984704017639,-1.6064594977464335,0 -78.6398309469223,-1.6064594977464335,0 -78.63980948925018,-1.6064594977464335,0 -78.6397933959961,-1.6064702223760146,0 -78.6397933959961,-1.6065023962647575,0 -78.63980412483215,-1.606518483209129,0 -78.6397933959961,-1.6065345701535005,0 -78.63978266716003,-1.6065345701535005,0 -78.6397397518158,-1.6065345701535005,0 -78.6397236585617,-1.6065345701535005,0 -78.63970756530762,-1.6065452947830814,0 -78.63971829414368,-1.6066096425605674,0 -78.6397397518158,-1.6066257295049389,0 -78.639777302742,-1.6066310918197293,0 -78.6397933959961,-1.6066203671901484,0 -78.63980948925018,-1.6065989179309865,0 -78.63984167575836,-1.606572106357034,0 -78.63982021808624,-1.6065935556161959,0 -78.63981485366821,-1.6066257295049389,0 -78.6398309469223,-1.6066310918197293,0 -78.63984704017639,-1.6066203671901484,0 -78.63987922668457,-1.6066096425605674,0 -78.63991141319275,-1.6066096425605674,0 -78.63992750644684,-1.6066096425605674,0 -78.63994359970093,-1.6065881933014055,0 -78.63995969295502,-1.606582830986615,0 -78.63997042179108,-1.6065935556161959,0 -78.6399757862091,-1.6066203671901484,0 -78.63996505737305,-1.606668628023263,0 -78.63994359970093,-1.6066739903380534,0 -78.63992214202881,-1.6066900772824249,0 -78.63990604877472,-1.6066900772824249,0 -78.63988995552063,-1.606700801912006,0 -78.63987922668457,-1.6067276134859583,0 -78.63985776901245,-1.606700801912006,0 -78.63983631134033,-1.6066793526528438,0 -78.63982021808624,-1.6066793526528438,0 -78.63980948925018,-1.6067168888563774,0 -78.63981485366821,-1.6067276134859583,0 -78.63978266716003,-1.606732975800749,0 -78.63976657390594,-1.606732975800749,0 -78.63973438739777,-1.606732975800749,0 -78.63971829414368,-1.6067437004303298,0 -78.63970220088959,-1.606732975800749,0 -78.6396861076355,-1.606732975800749,0 -78.63967001438141,-1.6067222511711678,0 -78.63968074321747,-1.6067168888563774,0 -78.63969683647156,-1.6067061642267964,0 -78.63969147205353,-1.6066257295049389,0 -78.63970220088959,-1.6065774686718244,0 -78.63969147205353,-1.6065452947830814,0 -78.63967537879944,-1.6065452947830814,0 -78.6396861076355,-1.6064058745985286,0 -78.63969683647156,-1.6063951499689475,0 -78.63970756530762,-1.6064058745985286,0 -78.63978266716003,-1.6064058745985286,0 -78.6397933959961,-1.6063683383949952,0 -78.639777302742,-1.606357613765414,0 -78.6398309469223,-1.6063522514506237,0</coordinates>
        </LineString>
      </Placemark>
      <Placemark>
        <name>Eje_Vial_62</name>
        <styleUrl>#road_style</styleUrl>
        <description><![CDATA[
          <b>Eje Vial Rural Oficial (OSM / LPIS)</b><br/>
          Escenario: 4_Valle_Hortifruticola_Guano<br/>
          Búfer de Infranqueabilidad: 3.5 metros<br/>
          Solape con UPAs: 0.00%
        ]]></description>
        <LineString>
          <coordinates>-78.63880634307861,-1.6063361645062522,0 -78.6388224363327,-1.6063522514506237,0 -78.63880634307861,-1.606539932468291,0 -78.63879561424255,-1.6065774686718244,0 -78.63877415657043,-1.6065935556161959,0 -78.6387687921524,-1.606550657097872,0 -78.63875269889832,-1.606539932468291,0 -78.6387312412262,-1.6065560194126625,0 -78.63869905471802,-1.606582830986615,0 -78.63869369029999,-1.606539932468291,0 -78.63868296146393,-1.6065131208943384,0 -78.63876342773438,-1.6065023962647575,0 -78.63877415657043,-1.6064916716351765,0 -78.63879024982452,-1.606475584690805,0 -78.63879024982452,-1.606454135431643,0 -78.63877415657043,-1.606454135431643,0 -78.63868296146393,-1.6064594977464335,0 -78.63875806331635,-1.6064487731168526,0 -78.6387687921524,-1.6063737007097856,0 -78.63875269889832,-1.6063629760802045,0 -78.63873660564423,-1.6063522514506237,0 -78.63875269889832,-1.6063415268210426,0 -78.63877952098846,-1.6063415268210426,0 -78.63879561424255,-1.6063361645062522,0</coordinates>
        </LineString>
      </Placemark>
      <Placemark>
        <name>Eje_Vial_63</name>
        <styleUrl>#road_style</styleUrl>
        <description><![CDATA[
          <b>Eje Vial Rural Oficial (OSM / LPIS)</b><br/>
          Escenario: 4_Valle_Hortifruticola_Guano<br/>
          Búfer de Infranqueabilidad: 3.5 metros<br/>
          Solape con UPAs: 0.00%
        ]]></description>
        <LineString>
          <coordinates>-78.64042103290558,-1.6063093529322996,0 -78.64042639732361,-1.6063951499689475,0 -78.64042103290558,-1.6064219615429,0 -78.64036738872528,-1.6064219615429,0 -78.64031374454498,-1.6064165992281096,0 -78.64030838012695,-1.6063844253393667,0 -78.64030838012695,-1.6063629760802045,0 -78.64035665988922,-1.606346889135833,0 -78.64037811756134,-1.6063522514506237,0 -78.64039421081543,-1.6063415268210426,0</coordinates>
        </LineString>
      </Placemark>
      <Placemark>
        <name>Eje_Vial_64</name>
        <styleUrl>#road_style</styleUrl>
        <description><![CDATA[
          <b>Eje Vial Rural Oficial (OSM / LPIS)</b><br/>
          Escenario: 4_Valle_Hortifruticola_Guano<br/>
          Búfer de Infranqueabilidad: 3.5 metros<br/>
          Solape con UPAs: 0.00%
        ]]></description>
        <LineString>
          <coordinates>-78.63809823989868,-1.6062825413583472,0 -78.63809287548065,-1.606379063024576,0 -78.63807678222656,-1.6063737007097856,0 -78.63806068897247,-1.6063737007097856,0 -78.63804996013641,-1.6064219615429,0 -78.63804459571838,-1.606325439876671,0 -78.63806068897247,-1.6063308021914615,0 -78.63807678222656,-1.6063200775618807,0</coordinates>
        </LineString>
      </Placemark>
      <Placemark>
        <name>Eje_Vial_65</name>
        <styleUrl>#road_style</styleUrl>
        <description><![CDATA[
          <b>Eje Vial Rural Oficial (OSM / LPIS)</b><br/>
          Escenario: 4_Valle_Hortifruticola_Guano<br/>
          Búfer de Infranqueabilidad: 3.5 metros<br/>
          Solape con UPAs: 0.00%
        ]]></description>
        <LineString>
          <coordinates>-78.63893508911133,-1.6062396428400232,0 -78.6389297246933,-1.6062664544139758,0 -78.63891363143921,-1.6062664544139758,0 -78.63890290260315,-1.6063308021914615,0 -78.63889217376709,-1.6062664544139758,0 -78.638876080513,-1.606261092099185,0 -78.63885998725891,-1.6062718167287662,0 -78.63885462284088,-1.606261092099185,0 -78.63885998725891,-1.6062503674696043,0 -78.638876080513,-1.606261092099185,0 -78.63889217376709,-1.6062557297843947,0 -78.63890290260315,-1.6062396428400232,0 -78.63891363143921,-1.6062557297843947,0 -78.6389297246933,-1.6062557297843947,0</coordinates>
        </LineString>
      </Placemark>
      <Placemark>
        <name>Eje_Vial_66</name>
        <styleUrl>#road_style</styleUrl>
        <description><![CDATA[
          <b>Eje Vial Rural Oficial (OSM / LPIS)</b><br/>
          Escenario: 4_Valle_Hortifruticola_Guano<br/>
          Búfer de Infranqueabilidad: 3.5 metros<br/>
          Solape con UPAs: 0.00%
        ]]></description>
        <LineString>
          <coordinates>-78.6409842967987,-1.6062396428400232,0 -78.64101111888885,-1.606261092099185,0 -78.64109694957733,-1.606261092099185,0 -78.64108085632324,-1.6062664544139758,0 -78.6410540342331,-1.6062771790435566,0 -78.64104330539703,-1.606293265987928,0 -78.64107012748718,-1.6063147152470902,0 -78.64108085632324,-1.6063308021914615,0 -78.6410915851593,-1.6063522514506237,0 -78.64108085632324,-1.6064219615429,0 -78.64101648330688,-1.6062771790435566,0 -78.64098966121674,-1.6062718167287662,0 -78.6409842967987,-1.6062450051548136,0</coordinates>
        </LineString>
      </Placemark>
      <Placemark>
        <name>Eje_Vial_67</name>
        <styleUrl>#road_style</styleUrl>
        <description><![CDATA[
          <b>Eje Vial Rural Oficial (OSM / LPIS)</b><br/>
          Escenario: 4_Valle_Hortifruticola_Guano<br/>
          Búfer de Infranqueabilidad: 3.5 metros<br/>
          Solape con UPAs: 0.00%
        ]]></description>
        <LineString>
          <coordinates>-78.63881170749664,-1.6061323965442134,0 -78.63881707191467,-1.6062235558956517,0 -78.63880634307861,-1.6062289182104421,0 -78.63873660564423,-1.6062235558956517,0 -78.63872051239014,-1.6062128312660706,0 -78.63879561424255,-1.6062074689512802,0 -78.63881170749664,-1.6061967443216991,0</coordinates>
        </LineString>
      </Placemark>
      <Placemark>
        <name>Eje_Vial_68</name>
        <styleUrl>#road_style</styleUrl>
        <description><![CDATA[
          <b>Eje Vial Rural Oficial (OSM / LPIS)</b><br/>
          Escenario: 4_Valle_Hortifruticola_Guano<br/>
          Búfer de Infranqueabilidad: 3.5 metros<br/>
          Solape con UPAs: 0.00%
        ]]></description>
        <LineString>
          <coordinates>-78.64128470420837,-1.6061163095998419,0 -78.64129543304443,-1.6061484834885849,0 -78.64133834838867,-1.6061752950625372,0 -78.64129543304443,-1.6061860196921183,0 -78.64127933979034,-1.6061913820069087,0 -78.64127397537231,-1.6061967443216991,0 -78.64126324653625,-1.6061699327477468,0 -78.64126324653625,-1.6061538458033753,0</coordinates>
        </LineString>
      </Placemark>
      <Placemark>
        <name>Eje_Vial_69</name>
        <styleUrl>#road_style</styleUrl>
        <description><![CDATA[
          <b>Eje Vial Rural Oficial (OSM / LPIS)</b><br/>
          Escenario: 4_Valle_Hortifruticola_Guano<br/>
          Búfer de Infranqueabilidad: 3.5 metros<br/>
          Solape con UPAs: 0.00%
        ]]></description>
        <LineString>
          <coordinates>-78.64193916320801,-1.6060144256188225,0 -78.64187479019165,-1.6060251502484033,0 -78.64186406135559,-1.6060412371927748,0 -78.64189088344574,-1.6060626864519367,0 -78.64191234111786,-1.6060573241371463,0 -78.64192843437195,-1.6060680487667274,0 -78.64194452762604,-1.6060894980258893,0 -78.64196062088013,-1.6060948603406797,0 -78.64197671413422,-1.6060841357110989,0 -78.64198207855225,-1.6060894980258893,0 -78.6419928073883,-1.6061055849702608,0 -78.64198207855225,-1.6061216719146323,0 -78.64199817180634,-1.6061323965442134,0 -78.64200353622437,-1.6061377588590038,0 -78.64197671413422,-1.6061484834885849,0 -78.64196062088013,-1.6061484834885849,0 -78.64194989204407,-1.6061699327477468,0 -78.64194452762604,-1.6061967443216991,0 -78.64201962947845,-1.6062021066364898,0 -78.64194452762604,-1.6062074689512802,0 -78.6419016122818,-1.6062342805252328,0 -78.64187479019165,-1.6062557297843947,0 -78.64188551902771,-1.6062825413583472,0 -78.64192843437195,-1.6062825413583472,0 -78.64193916320801,-1.6062718167287662,0 -78.64194989204407,-1.6062771790435566,0 -78.64193916320801,-1.6063039906175092,0 -78.64194989204407,-1.6063147152470902,0 -78.64186406135559,-1.6062986283027187,0 -78.64185333251953,-1.6062825413583472,0 -78.64183723926544,-1.6062825413583472,0 -78.64182651042938,-1.6062771790435566,0 -78.6418479681015,-1.6062235558956517,0 -78.64185869693756,-1.6061967443216991,0 -78.64188015460968,-1.6061967443216991,0 -78.64189624786377,-1.6062021066364898,0 -78.64192843437195,-1.6061752950625372,0 -78.64194452762604,-1.6061752950625372,0 -78.64194452762604,-1.6061377588590038,0 -78.64193379878998,-1.6061109472850512,0 -78.64188015460968,-1.6061055849702608,0 -78.64186406135559,-1.6061163095998419,0 -78.64185869693756,-1.6060787733963082,0 -78.64185869693756,-1.6060412371927748,0 -78.64185333251953,-1.6060144256188225,0</coordinates>
        </LineString>
      </Placemark>
      <Placemark>
        <name>Eje_Vial_70</name>
        <styleUrl>#road_style</styleUrl>
        <description><![CDATA[
          <b>Eje Vial Rural Oficial (OSM / LPIS)</b><br/>
          Escenario: 4_Valle_Hortifruticola_Guano<br/>
          Búfer de Infranqueabilidad: 3.5 metros<br/>
          Solape con UPAs: 0.00%
        ]]></description>
        <LineString>
          <coordinates>-78.63918721675873,-1.60598761404487,0 -78.63919794559479,-1.6060037009892414,0 -78.63924086093903,-1.6060090633040318,0 -78.63922476768494,-1.6060197879336129,0 -78.63926768302917,-1.6060680487667274,0 -78.63929450511932,-1.6060734110815178,0 -78.63927841186523,-1.6060841357110989,0 -78.63926231861115,-1.6060734110815178,0 -78.6392194032669,-1.6060251502484033,0 -78.63920331001282,-1.6060251502484033,0 -78.63919258117676,-1.6061055849702608,0 -78.6391818523407,-1.6060144256188225,0 -78.63914430141449,-1.6060090633040318,0 -78.6391818523407,-1.6060037009892414,0</coordinates>
        </LineString>
      </Placemark>
      <Placemark>
        <name>Eje_Vial_71</name>
        <styleUrl>#road_style</styleUrl>
        <description><![CDATA[
          <b>Eje Vial Rural Oficial (OSM / LPIS)</b><br/>
          Escenario: 4_Valle_Hortifruticola_Guano<br/>
          Búfer de Infranqueabilidad: 3.5 metros<br/>
          Solape con UPAs: 0.00%
        ]]></description>
        <LineString>
          <coordinates>-78.64057123661041,-1.6059447155265458,0 -78.64057123661041,-1.6060305125631937,0 -78.64058196544647,-1.6060465995075652,0 -78.64063024520874,-1.6060573241371463,0 -78.6405336856842,-1.6060626864519367,0 -78.64054441452026,-1.6060519618223559,0 -78.64056587219238,-1.6060465995075652,0 -78.64056050777435,-1.6060197879336129,0</coordinates>
        </LineString>
      </Placemark>
      <Placemark>
        <name>Eje_Vial_72</name>
        <styleUrl>#road_style</styleUrl>
        <description><![CDATA[
          <b>Eje Vial Rural Oficial (OSM / LPIS)</b><br/>
          Escenario: 4_Valle_Hortifruticola_Guano<br/>
          Búfer de Infranqueabilidad: 3.5 metros<br/>
          Solape con UPAs: 0.00%
        ]]></description>
        <LineString>
          <coordinates>-78.64082336425781,-1.6059447155265458,0 -78.6408394575119,-1.605955440156127,0 -78.64085555076599,-1.6059500778413365,0 -78.64084482192993,-1.605966164785708,0 -78.64082336425781,-1.605998338674451,0 -78.64082336425781,-1.6060197879336129,0 -78.6408019065857,-1.6060412371927748,0 -78.64079117774963,-1.6060680487667274,0 -78.64076435565948,-1.6060680487667274,0 -78.6407482624054,-1.6060626864519367,0 -78.64073753356934,-1.6060358748779844,0 -78.64072680473328,-1.6060251502484033,0 -78.64073753356934,-1.605998338674451,0 -78.64073753356934,-1.6059500778413365,0 -78.64079654216766,-1.6059447155265458,0</coordinates>
        </LineString>
      </Placemark>
      <Placemark>
        <name>Eje_Vial_73</name>
        <styleUrl>#road_style</styleUrl>
        <description><![CDATA[
          <b>Eje Vial Rural Oficial (OSM / LPIS)</b><br/>
          Escenario: 4_Valle_Hortifruticola_Guano<br/>
          Búfer de Infranqueabilidad: 3.5 metros<br/>
          Solape con UPAs: 0.00%
        ]]></description>
        <LineString>
          <coordinates>-78.64091455936432,-1.6059393532117554,0 -78.64092528820038,-1.6059608024709173,0 -78.64094138145447,-1.6060251502484033,0 -78.64095747470856,-1.6060358748779844,0 -78.64096820354462,-1.6061216719146323,0 -78.64095747470856,-1.6060519618223559,0 -78.64094138145447,-1.6060519618223559,0 -78.64093065261841,-1.6060787733963082,0 -78.64093065261841,-1.6061270342294227,0 -78.64091455936432,-1.6061323965442134,0 -78.64090383052826,-1.6061484834885849,0 -78.6408931016922,-1.6061163095998419,0 -78.64087700843811,-1.6060251502484033,0 -78.64086091518402,-1.6060144256188225,0 -78.64086627960205,-1.6060090633040318,0 -78.64088237285614,-1.605998338674451,0 -78.64090383052826,-1.6059929763596603,0 -78.64091455936432,-1.6059715271004984,0</coordinates>
        </LineString>
      </Placemark>
      <Placemark>
        <name>Eje_Vial_74</name>
        <styleUrl>#road_style</styleUrl>
        <description><![CDATA[
          <b>Eje Vial Rural Oficial (OSM / LPIS)</b><br/>
          Escenario: 4_Valle_Hortifruticola_Guano<br/>
          Búfer de Infranqueabilidad: 3.5 metros<br/>
          Solape con UPAs: 0.00%
        ]]></description>
        <LineString>
          <coordinates>-78.64211082458496,-1.605923266267384,0 -78.64214837551117,-1.6060197879336129,0 -78.64213228225708,-1.6060197879336129,0 -78.64212155342102,-1.6059393532117554,0 -78.64210546016693,-1.6059286285821743,0</coordinates>
        </LineString>
      </Placemark>
      <Placemark>
        <name>Eje_Vial_75</name>
        <styleUrl>#road_style</styleUrl>
        <description><![CDATA[
          <b>Eje Vial Rural Oficial (OSM / LPIS)</b><br/>
          Escenario: 4_Valle_Hortifruticola_Guano<br/>
          Búfer de Infranqueabilidad: 3.5 metros<br/>
          Solape con UPAs: 0.00%
        ]]></description>
        <LineString>
          <coordinates>-78.64171385765076,-1.6059125416378028,0 -78.64172458648682,-1.6059286285821743,0 -78.6417406797409,-1.6059393532117554,0 -78.6417406797409,-1.6059447155265458,0 -78.64172458648682,-1.605955440156127,0 -78.64171385765076,-1.6060037009892414,0 -78.64170849323273,-1.6059929763596603,0 -78.64169776439667,-1.6059500778413365,0 -78.64167630672455,-1.6059500778413365,0 -78.64166557788849,-1.6060197879336129,0 -78.64165484905243,-1.6059447155265458,0 -78.64169239997864,-1.6059393532117554,0 -78.64170849323273,-1.6059286285821743,0</coordinates>
        </LineString>
      </Placemark>
      <Placemark>
        <name>Eje_Vial_76</name>
        <styleUrl>#road_style</styleUrl>
        <description><![CDATA[
          <b>Eje Vial Rural Oficial (OSM / LPIS)</b><br/>
          Escenario: 4_Valle_Hortifruticola_Guano<br/>
          Búfer de Infranqueabilidad: 3.5 metros<br/>
          Solape con UPAs: 0.00%
        ]]></description>
        <LineString>
          <coordinates>-78.63877415657043,-1.6057677591384596,0 -78.6387848854065,-1.605901817008222,0 -78.6387687921524,-1.605901817008222,0 -78.63875806331635,-1.605933990896965,0 -78.63874197006226,-1.605933990896965,0 -78.63874197006226,-1.6058321069159456,0 -78.63875806331635,-1.6058213822863645,0 -78.63877415657043,-1.6058106576567834,0</coordinates>
        </LineString>
      </Placemark>
      <Placemark>
        <name>Eje_Vial_77</name>
        <styleUrl>#road_style</styleUrl>
        <description><![CDATA[
          <b>Eje Vial Rural Oficial (OSM / LPIS)</b><br/>
          Escenario: 4_Valle_Hortifruticola_Guano<br/>
          Búfer de Infranqueabilidad: 3.5 metros<br/>
          Solape con UPAs: 0.00%
        ]]></description>
        <LineString>
          <coordinates>-78.64214837551117,-1.6057355852497166,0 -78.6421000957489,-1.6057463098792975,0 -78.64208936691284,-1.605762396823669,0 -78.64210546016693,-1.605794570712412,0 -78.64212155342102,-1.6057999330272026,0 -78.64214837551117,-1.6057999330272026,0 -78.64213764667511,-1.605858918489898,0 -78.64212155342102,-1.6058642808046886,0 -78.64203035831451,-1.605805295341993,0 -78.64203035831451,-1.6057892083976215,0 -78.64203035831451,-1.6057677591384596,0 -78.64203035831451,-1.605751672194088,0 -78.6420464515686,-1.605740947564507,0 -78.64209473133087,-1.6057463098792975,0 -78.64211082458496,-1.6057355852497166,0</coordinates>
        </LineString>
      </Placemark>
      <Placemark>
        <name>Eje_Vial_78</name>
        <styleUrl>#road_style</styleUrl>
        <description><![CDATA[
          <b>Eje Vial Rural Oficial (OSM / LPIS)</b><br/>
          Escenario: 4_Valle_Hortifruticola_Guano<br/>
          Búfer de Infranqueabilidad: 3.5 metros<br/>
          Solape con UPAs: 0.00%
        ]]></description>
        <LineString>
          <coordinates>-78.64069998264313,-1.6056819621018117,0 -78.64071607589722,-1.6057141359905547,0 -78.64071071147919,-1.6057463098792975,0 -78.64071607589722,-1.605751672194088,0 -78.64069998264313,-1.605762396823669,0 -78.64071607589722,-1.605794570712412,0 -78.64069998264313,-1.605794570712412,0 -78.64065706729889,-1.605794570712412,0 -78.6406409740448,-1.605805295341993,0 -78.64065170288086,-1.6058428315455264,0 -78.64071607589722,-1.6058535561751075,0 -78.64064633846283,-1.605858918489898,0 -78.64063560962677,-1.6058535561751075,0 -78.6406409740448,-1.6058106576567834,0 -78.64063024520874,-1.605794570712412,0 -78.64060878753662,-1.605762396823669,0 -78.6405873298645,-1.605751672194088,0 -78.64057123661041,-1.6057463098792975,0 -78.64056587219238,-1.6057302229349262,0 -78.6405873298645,-1.605719498305345,0 -78.64060878753662,-1.6057034113609736,0 -78.64062488079071,-1.6057141359905547,0 -78.64065170288086,-1.6057034113609736,0 -78.64066779613495,-1.6057034113609736,0 -78.64068388938904,-1.6056980490461832,0 -78.6406946182251,-1.6056873244166021,0</coordinates>
        </LineString>
      </Placemark>
      <Placemark>
        <name>Eje_Vial_79</name>
        <styleUrl>#road_style</styleUrl>
        <description><![CDATA[
          <b>Eje Vial Rural Oficial (OSM / LPIS)</b><br/>
          Escenario: 4_Valle_Hortifruticola_Guano<br/>
          Búfer de Infranqueabilidad: 3.5 metros<br/>
          Solape con UPAs: 0.00%
        ]]></description>
        <LineString>
          <coordinates>-78.63911747932434,-1.6055961650651636,0 -78.63912284374237,-1.6056712374722306,0 -78.63913893699646,-1.6056926867313925,0 -78.63911747932434,-1.6056980490461832,0 -78.63910138607025,-1.605708773675764,0 -78.63910675048828,-1.6057463098792975,0 -78.63912284374237,-1.6057570345088785,0 -78.63914966583252,-1.6057355852497166,0 -78.6391282081604,-1.605794570712412,0 -78.63911747932434,-1.6058428315455264,0 -78.63910138607025,-1.6058428315455264,0 -78.63909065723419,-1.6058642808046886,0 -78.63909602165222,-1.6059179039525935,0 -78.6390745639801,-1.605826744601155,0 -78.63906919956207,-1.6058106576567834,0 -78.63905847072601,-1.605794570712412,0 -78.63904774188995,-1.605762396823669,0 -78.63905847072601,-1.605751672194088,0 -78.63905310630798,-1.6056980490461832,0 -78.63904237747192,-1.6056873244166021,0 -78.63905847072601,-1.6056283389539066,0 -78.6390745639801,-1.6056015273799542,0 -78.63908529281616,-1.605676599787021,0 -78.63910138607025,-1.605676599787021,0 -78.63911211490631,-1.605612252009535,0</coordinates>
        </LineString>
      </Placemark>
      <Placemark>
        <name>Eje_Vial_80</name>
        <styleUrl>#road_style</styleUrl>
        <description><![CDATA[
          <b>Eje Vial Rural Oficial (OSM / LPIS)</b><br/>
          Escenario: 4_Valle_Hortifruticola_Guano<br/>
          Búfer de Infranqueabilidad: 3.5 metros<br/>
          Solape con UPAs: 0.00%
        ]]></description>
        <LineString>
          <coordinates>-78.63988995552063,-1.6054996433989348,0 -78.63990068435669,-1.6055157303433063,0 -78.63991677761078,-1.6055157303433063,0 -78.63993287086487,-1.6055157303433063,0 -78.63994896411896,-1.6055157303433063,0 -78.63996505737305,-1.6055157303433063,0 -78.6399757862091,-1.6055854404355827,0 -78.63996505737305,-1.6055264549728872,0 -78.6399382352829,-1.6055210926580967,0 -78.63992214202881,-1.6055318172876778,0 -78.63993287086487,-1.6055800781207923,0 -78.6399382352829,-1.6055854404355827,0 -78.63992214202881,-1.6055961650651636,0 -78.63990604877472,-1.6055854404355827,0 -78.63988995552063,-1.6055908027503731,0 -78.63985776901245,-1.6055800781207923,0 -78.63985240459442,-1.6055747158060016,0 -78.63984167575836,-1.6055586288616301,0 -78.63986849784851,-1.6055532665468397,0 -78.6398845911026,-1.6055532665468397,0</coordinates>
        </LineString>
      </Placemark>
      <Placemark>
        <name>Eje_Vial_81</name>
        <styleUrl>#road_style</styleUrl>
        <description><![CDATA[
          <b>Eje Vial Rural Oficial (OSM / LPIS)</b><br/>
          Escenario: 4_Valle_Hortifruticola_Guano<br/>
          Búfer de Infranqueabilidad: 3.5 metros<br/>
          Solape con UPAs: 0.00%
        ]]></description>
        <LineString>
          <coordinates>-78.64050149917603,-1.6054781941397727,0 -78.64056587219238,-1.6054889187693537,0 -78.64055514335632,-1.6055050057137252,0 -78.64054441452026,-1.6055157303433063,0 -78.6405336856842,-1.6055425419172586,0 -78.6405497789383,-1.6055532665468397,0 -78.6405497789383,-1.6055586288616301,0 -78.64053905010223,-1.6055693534912112,0 -78.64053905010223,-1.6055908027503731,0 -78.64050686359406,-1.6055961650651636,0 -78.64047467708588,-1.6055961650651636,0 -78.64045858383179,-1.6055854404355827,0 -78.64044785499573,-1.6055747158060016,0 -78.64044785499573,-1.6055371796024682,0 -78.64045858383179,-1.6055210926580967,0 -78.6404800415039,-1.6055050057137252,0 -78.64047467708588,-1.6054835564545633,0 -78.64049077033997,-1.6054781941397727,0</coordinates>
        </LineString>
      </Placemark>
      <Placemark>
        <name>Eje_Vial_82</name>
        <styleUrl>#road_style</styleUrl>
        <description><![CDATA[
          <b>Eje Vial Rural Oficial (OSM / LPIS)</b><br/>
          Escenario: 4_Valle_Hortifruticola_Guano<br/>
          Búfer de Infranqueabilidad: 3.5 metros<br/>
          Solape con UPAs: 0.00%
        ]]></description>
        <LineString>
          <coordinates>-78.64116132259369,-1.6054192086770773,0 -78.64106476306915,-1.6055103680285157,0 -78.64113450050354,-1.6055050057137252,0 -78.6411452293396,-1.6054299333066584,0</coordinates>
        </LineString>
      </Placemark>
      <Placemark>
        <name>Eje_Vial_83</name>
        <styleUrl>#road_style</styleUrl>
        <description><![CDATA[
          <b>Eje Vial Rural Oficial (OSM / LPIS)</b><br/>
          Escenario: 4_Valle_Hortifruticola_Guano<br/>
          Búfer de Infranqueabilidad: 3.5 metros<br/>
          Solape con UPAs: 0.00%
        ]]></description>
        <LineString>
          <coordinates>-78.64081799983978,-1.6053977594179154,0 -78.64082872867584,-1.6054567448806107,0 -78.64084482192993,-1.6054674695101918,0 -78.64091455936432,-1.6054728318249822,0 -78.64093065261841,-1.6054942810841442,0 -78.64089846611023,-1.6055103680285157,0 -78.64088237285614,-1.6055157303433063,0 -78.64087164402008,-1.6055210926580967,0 -78.64085555076599,-1.6055210926580967,0 -78.64083409309387,-1.6055586288616301,0 -78.64082336425781,-1.6055425419172586,0 -78.64082336425781,-1.6055210926580967,0 -78.64080727100372,-1.6055157303433063,0 -78.64082336425781,-1.6054996433989348,0 -78.64081263542175,-1.6054781941397727,0 -78.64080727100372,-1.6054567448806107,0 -78.64079654216766,-1.6054299333066584,0 -78.64081263542175,-1.6053977594179154,0</coordinates>
        </LineString>
      </Placemark>
      <Placemark>
        <name>Eje_Vial_84</name>
        <styleUrl>#road_style</styleUrl>
        <description><![CDATA[
          <b>Eje Vial Rural Oficial (OSM / LPIS)</b><br/>
          Escenario: 4_Valle_Hortifruticola_Guano<br/>
          Búfer de Infranqueabilidad: 3.5 metros<br/>
          Solape con UPAs: 0.00%
        ]]></description>
        <LineString>
          <coordinates>-78.64010989665985,-1.6053655855291724,0 -78.64014208316803,-1.6053763101587533,0 -78.64013671875,-1.6054084840474963,0 -78.64013671875,-1.6054245709918677,0 -78.64012598991394,-1.6054567448806107,0 -78.64010989665985,-1.6054460202510297,0 -78.64009916782379,-1.6054245709918677,0 -78.64006161689758,-1.6054192086770773,0 -78.64008843898773,-1.605413846362287,0 -78.64010453224182,-1.6054031217327058,0 -78.64009380340576,-1.6053870347883343,0 -78.64006161689758,-1.6053763101587533,0 -78.64010453224182,-1.6053709478439628,0</coordinates>
        </LineString>
      </Placemark>
      <Placemark>
        <name>Eje_Vial_85</name>
        <styleUrl>#road_style</styleUrl>
        <description><![CDATA[
          <b>Eje Vial Rural Oficial (OSM / LPIS)</b><br/>
          Escenario: 4_Valle_Hortifruticola_Guano<br/>
          Búfer de Infranqueabilidad: 3.5 metros<br/>
          Solape con UPAs: 0.00%
        ]]></description>
        <LineString>
          <coordinates>-78.64028692245483,-1.6053655855291724,0 -78.64030301570892,-1.6053763101587533,0 -78.64030301570892,-1.6053923971031248,0 -78.64031374454498,-1.6054031217327058,0 -78.64032983779907,-1.605413846362287,0 -78.6403352022171,-1.6054192086770773,0 -78.6403352022171,-1.6054406579362392,0 -78.6403888463974,-1.6054460202510297,0 -78.64030838012695,-1.6054513825658203,0 -78.64029228687286,-1.6054621071954012,0 -78.64028692245483,-1.6054835564545633,0 -78.64028692245483,-1.6054996433989348,0 -78.64027619361877,-1.6055103680285157,0 -78.64026546478271,-1.6055210926580967,0 -78.6402440071106,-1.6054996433989348,0 -78.64022254943848,-1.6054996433989348,0 -78.64021182060242,-1.6054781941397727,0 -78.64022254943848,-1.6054674695101918,0 -78.64022254943848,-1.6054352956214488,0 -78.64023327827454,-1.6054192086770773,0 -78.64024937152863,-1.6054192086770773,0 -78.64026546478271,-1.6054084840474963,0 -78.6402815580368,-1.6053870347883343,0</coordinates>
        </LineString>
      </Placemark>
      <Placemark>
        <name>Eje_Vial_86</name>
        <styleUrl>#road_style</styleUrl>
        <description><![CDATA[
          <b>Eje Vial Rural Oficial (OSM / LPIS)</b><br/>
          Escenario: 4_Valle_Hortifruticola_Guano<br/>
          Búfer de Infranqueabilidad: 3.5 metros<br/>
          Solape con UPAs: 0.00%
        ]]></description>
        <LineString>
          <coordinates>-78.63983631134033,-1.6053441362700103,0 -78.63984167575836,-1.6054996433989348,0 -78.63982021808624,-1.6054996433989348,0 -78.63980948925018,-1.6054835564545633,0 -78.6397933959961,-1.6054728318249822,0 -78.639777302742,-1.6054728318249822,0 -78.63976120948792,-1.6054835564545633,0 -78.63974511623383,-1.6055050057137252,0 -78.63972902297974,-1.6055210926580967,0 -78.63970756530762,-1.6055157303433063,0 -78.63969147205353,-1.6055103680285157,0 -78.63967537879944,-1.6055103680285157,0 -78.63966464996338,-1.6054835564545633,0 -78.63964319229126,-1.6054781941397727,0 -78.63961637020111,-1.6054621071954012,0 -78.6396324634552,-1.6054406579362392,0 -78.63962709903717,-1.6054245709918677,0 -78.63963782787323,-1.6054084840474963,0 -78.63964855670929,-1.6053923971031248,0 -78.63966464996338,-1.605381672473544,0 -78.63967001438141,-1.6053923971031248,0 -78.6396861076355,-1.6053977594179154,0 -78.63971292972565,-1.6053763101587533,0 -78.63970756530762,-1.6053548608995913,0 -78.63973438739777,-1.6053602232143818,0 -78.6397236585617,-1.6053763101587533,0 -78.63975048065186,-1.6053977594179154,0 -78.63976657390594,-1.6054031217327058,0 -78.63978266716003,-1.6054031217327058,0 -78.6397933959961,-1.6054245709918677,0 -78.63980948925018,-1.6054245709918677,0 -78.63982558250427,-1.6054192086770773,0</coordinates>
        </LineString>
      </Placemark>
      <Placemark>
        <name>Eje_Vial_87</name>
        <styleUrl>#road_style</styleUrl>
        <description><![CDATA[
          <b>Eje Vial Rural Oficial (OSM / LPIS)</b><br/>
          Escenario: 4_Valle_Hortifruticola_Guano<br/>
          Búfer de Infranqueabilidad: 3.5 metros<br/>
          Solape con UPAs: 0.00%
        ]]></description>
        <LineString>
          <coordinates>-78.6413061618805,-1.6052958754368958,0 -78.64131689071655,-1.6053334116404294,0 -78.641397356987,-1.6053441362700103,0 -78.64132225513458,-1.605349498584801,0 -78.64131152629852,-1.6053709478439628,0 -78.64132761955261,-1.605381672473544,0 -78.64133298397064,-1.605381672473544,0 -78.64134907722473,-1.6054031217327058,0 -78.64136517047882,-1.6054084840474963,0 -78.64134907722473,-1.6054192086770773,0 -78.64133834838867,-1.6054406579362392,0 -78.64131152629852,-1.6054513825658203,0 -78.64126861095428,-1.6054460202510297,0 -78.64126861095428,-1.6054352956214488,0 -78.64127397537231,-1.6054084840474963,0 -78.64127397537231,-1.6053441362700103,0 -78.64126861095428,-1.6053280493256388,0 -78.64128470420837,-1.6053280493256388,0 -78.64130079746246,-1.6053280493256388,0</coordinates>
        </LineString>
      </Placemark>
      <Placemark>
        <name>Eje_Vial_88</name>
        <styleUrl>#road_style</styleUrl>
        <description><![CDATA[
          <b>Eje Vial Rural Oficial (OSM / LPIS)</b><br/>
          Escenario: 4_Valle_Hortifruticola_Guano<br/>
          Búfer de Infranqueabilidad: 3.5 metros<br/>
          Solape con UPAs: 0.00%
        ]]></description>
        <LineString>
          <coordinates>-78.63928377628326,-1.6052797884925245,0 -78.63925158977509,-1.605285150807315,0 -78.63925158977509,-1.6053226870108483,0 -78.63926768302917,-1.6053226870108483,0 -78.63925695419312,-1.6054299333066584,0 -78.63926768302917,-1.6054889187693537,0 -78.63929986953735,-1.6054996433989348,0 -78.63925158977509,-1.6055050057137252,0 -78.639235496521,-1.6055479042320493,0 -78.63922476768494,-1.6055639911764208,0 -78.63923013210297,-1.6054513825658203,0 -78.63924086093903,-1.6054299333066584,0 -78.63924086093903,-1.605285150807315,0 -78.63919258117676,-1.6052797884925245,0</coordinates>
        </LineString>
      </Placemark>
      <Placemark>
        <name>Eje_Vial_89</name>
        <styleUrl>#road_style</styleUrl>
        <description><![CDATA[
          <b>Eje Vial Rural Oficial (OSM / LPIS)</b><br/>
          Escenario: 4_Valle_Hortifruticola_Guano<br/>
          Búfer de Infranqueabilidad: 3.5 metros<br/>
          Solape con UPAs: 0.00%
        ]]></description>
        <LineString>
          <coordinates>-78.63986849784851,-1.605167179881924,0 -78.6398845911026,-1.605188629141086,0 -78.6398845911026,-1.605220803029829,0 -78.63989531993866,-1.6052905131221054,0 -78.63991141319275,-1.6052958754368958,0 -78.63992750644684,-1.605285150807315,0 -78.63993287086487,-1.6053280493256388,0 -78.63992214202881,-1.6053066000664769,0 -78.63989531993866,-1.6053066000664769,0 -78.63987922668457,-1.6053119623812673,0 -78.63979876041412,-1.6052797884925245,0 -78.63987922668457,-1.6052690638629434,0 -78.63988995552063,-1.6052422522889909,0 -78.63986313343048,-1.605220803029829,0 -78.63980948925018,-1.6052261653446194,0 -78.63979876041412,-1.6052368899742004,0 -78.63979876041412,-1.605220803029829,0 -78.63978803157806,-1.6052047160854575,0 -78.63979876041412,-1.6051725421967145,0 -78.63981485366821,-1.605167179881924,0</coordinates>
        </LineString>
      </Placemark>
      <Placemark>
        <name>Eje_Vial_90</name>
        <styleUrl>#road_style</styleUrl>
        <description><![CDATA[
          <b>Eje Vial Rural Oficial (OSM / LPIS)</b><br/>
          Escenario: 4_Valle_Hortifruticola_Guano<br/>
          Búfer de Infranqueabilidad: 3.5 metros<br/>
          Solape con UPAs: 0.00%
        ]]></description>
        <LineString>
          <coordinates>-78.64056587219238,-1.6050974697896476,0 -78.6405497789383,-1.6051939914558764,0 -78.64056587219238,-1.605220803029829,0 -78.64055514335632,-1.60523152765941,0 -78.64055514335632,-1.605252976918572,0 -78.64060878753662,-1.6052583392333624,0 -78.64054441452026,-1.6052690638629434,0 -78.64052295684814,-1.6052690638629434,0 -78.64050149917603,-1.6052690638629434,0 -78.6404800415039,-1.6052583392333624,0 -78.6404800415039,-1.60523152765941,0 -78.64046394824982,-1.6052261653446194,0 -78.64044785499573,-1.6052261653446194,0 -78.64042103290558,-1.6052476146037815,0 -78.64039957523346,-1.6052368899742004,0 -78.64039957523346,-1.6052261653446194,0 -78.64039421081543,-1.605220803029829,0 -78.64040493965149,-1.605199353770667,0 -78.64042103290558,-1.6052100784002479,0 -78.64043712615967,-1.605199353770667,0 -78.64044785499573,-1.6051403683079715,0 -78.64046394824982,-1.6051242813636,0 -78.64054441452026,-1.6051081944192285,0 -78.64056050777435,-1.6050974697896476,0</coordinates>
        </LineString>
      </Placemark>
      <Placemark>
        <name>Eje_Vial_91</name>
        <styleUrl>#road_style</styleUrl>
        <description><![CDATA[
          <b>Eje Vial Rural Oficial (OSM / LPIS)</b><br/>
          Escenario: 4_Valle_Hortifruticola_Guano<br/>
          Búfer de Infranqueabilidad: 3.5 metros<br/>
          Solape con UPAs: 0.00%
        ]]></description>
        <LineString>
          <coordinates>-78.6413061618805,-1.6050813828452761,0 -78.64132225513458,-1.605092107474857,0 -78.6413437128067,-1.605102832104438,0 -78.64138126373291,-1.605102832104438,0 -78.641397356987,-1.6051081944192285,0 -78.64141345024109,-1.6051135567340191,0 -78.64140808582306,-1.6051189190488095,0 -78.64139199256897,-1.6051296436783906,0 -78.64140808582306,-1.605156455252343,0 -78.64142417907715,-1.605156455252343,0 -78.64144563674927,-1.6051618175671334,0 -78.64147782325745,-1.605199353770667,0 -78.64146173000336,-1.6052261653446194,0 -78.64143490791321,-1.6052368899742004,0 -78.64141345024109,-1.60523152765941,0 -78.64139199256897,-1.6052422522889909,0 -78.64137589931488,-1.6052422522889909,0 -78.64135980606079,-1.6052422522889909,0 -78.64134907722473,-1.605220803029829,0 -78.64134907722473,-1.6052047160854575,0 -78.64135444164276,-1.605167179881924,0 -78.6413437128067,-1.605145730622762,0 -78.64133298397064,-1.6051296436783906,0 -78.64131152629852,-1.6051135567340191,0 -78.64125788211823,-1.6051081944192285,0 -78.6413061618805,-1.605102832104438,0</coordinates>
        </LineString>
      </Placemark>
      <Placemark>
        <name>Eje_Vial_92</name>
        <styleUrl>#road_style</styleUrl>
        <description><![CDATA[
          <b>Eje Vial Rural Oficial (OSM / LPIS)</b><br/>
          Escenario: 4_Valle_Hortifruticola_Guano<br/>
          Búfer de Infranqueabilidad: 3.5 metros<br/>
          Solape con UPAs: 0.00%
        ]]></description>
        <LineString>
          <coordinates>-78.63853812217712,-1.605027759697371,0 -78.63855421543121,-1.605038484326952,0 -78.6385703086853,-1.6050492089565331,0 -78.63856494426727,-1.605070658215695,0 -78.63857567310333,-1.6050867451600666,0 -78.63858640193939,-1.6050974697896476,0 -78.63857567310333,-1.6051135567340191,0 -78.63859176635742,-1.6051242813636,0 -78.63861322402954,-1.605145730622762,0 -78.63855957984924,-1.6051510929375525,0 -78.63854348659515,-1.6051510929375525,0 -78.63852202892303,-1.605156455252343,0 -78.63850593566895,-1.605135005993181,0 -78.63849520683289,-1.6051242813636,0 -78.63848447799683,-1.6051135567340191,0 -78.63847374916077,-1.6050813828452761,0 -78.63848984241486,-1.6050492089565331,0 -78.63850057125092,-1.6050492089565331,0 -78.63852202892303,-1.6050331220121616,0</coordinates>
        </LineString>
      </Placemark>
      <Placemark>
        <name>Eje_Vial_93</name>
        <styleUrl>#road_style</styleUrl>
        <description><![CDATA[
          <b>Eje Vial Rural Oficial (OSM / LPIS)</b><br/>
          Escenario: 4_Valle_Hortifruticola_Guano<br/>
          Búfer de Infranqueabilidad: 3.5 metros<br/>
          Solape con UPAs: 0.00%
        ]]></description>
        <LineString>
          <coordinates>-78.6419016122818,-1.605027759697371,0 -78.64192306995392,-1.6050438466417425,0 -78.6419928073883,-1.6050438466417425,0 -78.64199817180634,-1.6050492089565331,0 -78.64198744297028,-1.6051135567340191,0 -78.64191234111786,-1.6050492089565331,0</coordinates>
        </LineString>
      </Placemark>
      <Placemark>
        <name>Eje_Vial_94</name>
        <styleUrl>#road_style</styleUrl>
        <description><![CDATA[
          <b>Eje Vial Rural Oficial (OSM / LPIS)</b><br/>
          Escenario: 4_Valle_Hortifruticola_Guano<br/>
          Búfer de Infranqueabilidad: 3.5 metros<br/>
          Solape con UPAs: 0.00%
        ]]></description>
        <LineString>
          <coordinates>-78.6400830745697,-1.604995585808628,0 -78.64009380340576,-1.6050813828452761,0 -78.6402279138565,-1.605092107474857,0 -78.64014744758606,-1.6050974697896476,0 -78.64013671875,-1.6051081944192285,0 -78.64005088806152,-1.6050974697896476,0 -78.64006161689758,-1.6050867451600666,0 -78.64007771015167,-1.6050760205304855,0</coordinates>
        </LineString>
      </Placemark>
      <Placemark>
        <name>Eje_Vial_95</name>
        <styleUrl>#road_style</styleUrl>
        <description><![CDATA[
          <b>Eje Vial Rural Oficial (OSM / LPIS)</b><br/>
          Escenario: 4_Valle_Hortifruticola_Guano<br/>
          Búfer de Infranqueabilidad: 3.5 metros<br/>
          Solape con UPAs: 0.00%
        ]]></description>
        <LineString>
          <coordinates>-78.64214301109314,-1.6049526872903042,0 -78.64214301109314,-1.6050331220121616,0 -78.64205181598663,-1.605027759697371,0 -78.64212155342102,-1.6050223973825806,0 -78.64213228225708,-1.6049526872903042,0</coordinates>
        </LineString>
      </Placemark>
      <Placemark>
        <name>Eje_Vial_96</name>
        <styleUrl>#road_style</styleUrl>
        <description><![CDATA[
          <b>Eje Vial Rural Oficial (OSM / LPIS)</b><br/>
          Escenario: 4_Valle_Hortifruticola_Guano<br/>
          Búfer de Infranqueabilidad: 3.5 metros<br/>
          Solape con UPAs: 0.00%
        ]]></description>
        <LineString>
          <coordinates>-78.63833963871002,-1.6048829771980277,0 -78.63835573196411,-1.6048883395128182,0 -78.63833963871002,-1.6048990641423992,0 -78.63833427429199,-1.6049151510867707,0 -78.63833427429199,-1.6048883395128182,0</coordinates>
        </LineString>
      </Placemark>
      <Placemark>
        <name>Eje_Vial_97</name>
        <styleUrl>#road_style</styleUrl>
        <description><![CDATA[
          <b>Eje Vial Rural Oficial (OSM / LPIS)</b><br/>
          Escenario: 4_Valle_Hortifruticola_Guano<br/>
          Búfer de Infranqueabilidad: 3.5 metros<br/>
          Solape con UPAs: 0.00%
        ]]></description>
        <LineString>
          <coordinates>-78.64213228225708,-1.6047542816430558,0 -78.64214301109314,-1.6047757309022177,0 -78.64214301109314,-1.6048829771980277,0 -78.64212691783905,-1.6048615279388656,0 -78.64211082458496,-1.6048561656240752,0 -78.6421000957489,-1.6048454409944943,0 -78.64208400249481,-1.6048454409944943,0 -78.64208400249481,-1.604877614883237,0 -78.64207863807678,-1.6049258757163516,0 -78.64206254482269,-1.6049151510867707,0 -78.64205181598663,-1.60490978877198,0 -78.6420089006424,-1.6049044264571897,0 -78.64203572273254,-1.6048722525684467,0 -78.64205718040466,-1.6048347163649133,0 -78.64205718040466,-1.6048186294205418,0 -78.64207327365875,-1.6048025424761703,0 -78.6421000957489,-1.6047971801613798,0 -78.64211618900299,-1.6047971801613798,0 -78.64213228225708,-1.6047864555317988,0</coordinates>
        </LineString>
      </Placemark>
      <Placemark>
        <name>Eje_Vial_98</name>
        <styleUrl>#road_style</styleUrl>
        <description><![CDATA[
          <b>Eje Vial Rural Oficial (OSM / LPIS)</b><br/>
          Escenario: 4_Valle_Hortifruticola_Guano<br/>
          Búfer de Infranqueabilidad: 3.5 metros<br/>
          Solape con UPAs: 0.00%
        ]]></description>
        <LineString>
          <coordinates>-78.64118814468384,-1.6047274700691032,0 -78.64117741584778,-1.6048186294205418,0 -78.64116668701172,-1.6048454409944943,0 -78.64115059375763,-1.6048025424761703,0 -78.64105939865112,-1.6047971801613798,0 -78.6410540342331,-1.6047810932170083,0 -78.64115059375763,-1.6047757309022177,0 -78.64116132259369,-1.6047650062726369,0 -78.64118278026581,-1.6047489193282654,0</coordinates>
        </LineString>
      </Placemark>
      <Placemark>
        <name>Eje_Vial_99</name>
        <styleUrl>#road_style</styleUrl>
        <description><![CDATA[
          <b>Eje Vial Rural Oficial (OSM / LPIS)</b><br/>
          Escenario: 4_Valle_Hortifruticola_Guano<br/>
          Búfer de Infranqueabilidad: 3.5 metros<br/>
          Solape con UPAs: 0.00%
        ]]></description>
        <LineString>
          <coordinates>-78.63860249519348,-1.6046845715507794,0 -78.63867223262787,-1.6047542816430558,0 -78.63867223262787,-1.6047703685874273,0 -78.63866150379181,-1.6047757309022177,0 -78.63863468170166,-1.6047274700691032,0 -78.63861858844757,-1.6047113831247317,0 -78.63858640193939,-1.6047006584951509,0 -78.63859713077545,-1.6046899338655698,0</coordinates>
        </LineString>
      </Placemark>
      <Placemark>
        <name>Eje_Vial_100</name>
        <styleUrl>#road_style</styleUrl>
        <description><![CDATA[
          <b>Eje Vial Rural Oficial (OSM / LPIS)</b><br/>
          Escenario: 4_Valle_Hortifruticola_Guano<br/>
          Búfer de Infranqueabilidad: 3.5 metros<br/>
          Solape con UPAs: 0.00%
        ]]></description>
        <LineString>
          <coordinates>-78.64034056663513,-1.604496890533112,0 -78.64034593105316,-1.6045612383105978,0 -78.64034593105316,-1.6047060208099413,0 -78.64034056663513,-1.6046363107176649,0 -78.64034056663513,-1.6045344267366455,0</coordinates>
        </LineString>
      </Placemark>
      <Placemark>
        <name>Eje_Vial_101</name>
        <styleUrl>#road_style</styleUrl>
        <description><![CDATA[
          <b>Eje Vial Rural Oficial (OSM / LPIS)</b><br/>
          Escenario: 4_Valle_Hortifruticola_Guano<br/>
          Búfer de Infranqueabilidad: 3.5 metros<br/>
          Solape con UPAs: 0.00%
        ]]></description>
        <LineString>
          <coordinates>-78.64212155342102,-1.604443267385207,0 -78.64213228225708,-1.604453992014788,0 -78.64213764667511,-1.6044593543295784,0 -78.64212155342102,-1.6044700789591595,0 -78.64213228225708,-1.6045237021070644,0 -78.64214837551117,-1.6045451513662266,0 -78.64213228225708,-1.604550513681017,0 -78.64211618900299,-1.6045773252549693,0 -78.64209473133087,-1.60458268756976,0 -78.64210546016693,-1.604550513681017,0 -78.64208936691284,-1.6045451513662266,0 -78.64207327365875,-1.6045558759958074,0 -78.64205718040466,-1.6045451513662266,0 -78.6420464515686,-1.6045344267366455,0 -78.64203035831451,-1.6045344267366455,0 -78.64201962947845,-1.6045451513662266,0 -78.64201426506042,-1.604529064421855,0 -78.64199817180634,-1.6044808035887406,0 -78.6420089006424,-1.6044486296999976,0 -78.64202499389648,-1.604453992014788,0 -78.6420464515686,-1.6045237021070644,0 -78.64211082458496,-1.6045237021070644,0 -78.64212155342102,-1.6044700789591595,0 -78.64211082458496,-1.6044593543295784,0</coordinates>
        </LineString>
      </Placemark>
      <Placemark>
        <name>Eje_Vial_102</name>
        <styleUrl>#road_style</styleUrl>
        <description><![CDATA[
          <b>Eje Vial Rural Oficial (OSM / LPIS)</b><br/>
          Escenario: 4_Valle_Hortifruticola_Guano<br/>
          Búfer de Infranqueabilidad: 3.5 metros<br/>
          Solape con UPAs: 0.00%
        ]]></description>
        <LineString>
          <coordinates>-78.64097893238068,-1.6044379050704165,0 -78.64099502563477,-1.6044700789591595,0 -78.64100575447083,-1.6044915282183214,0 -78.64102184772491,-1.604518339792274,0 -78.64095211029053,-1.604518339792274,0 -78.64094138145447,-1.604529064421855,0 -78.64091455936432,-1.604529064421855,0 -78.64089846611023,-1.604518339792274,0 -78.64088237285614,-1.6044915282183214,0 -78.64087164402008,-1.6044593543295784,0 -78.64088773727417,-1.6044486296999976,0 -78.64090383052826,-1.604443267385207,0 -78.64095211029053,-1.6044379050704165,0 -78.64096820354462,-1.6044379050704165,0</coordinates>
        </LineString>
      </Placemark>
      <Placemark>
        <name>Eje_Vial_103</name>
        <styleUrl>#road_style</styleUrl>
        <description><![CDATA[
          <b>Eje Vial Rural Oficial (OSM / LPIS)</b><br/>
          Escenario: 4_Valle_Hortifruticola_Guano<br/>
          Búfer de Infranqueabilidad: 3.5 metros<br/>
          Solape con UPAs: 0.00%
        ]]></description>
        <LineString>
          <coordinates>-78.6398845911026,-1.604411093496464,0 -78.63991677761078,-1.604421818126045,0 -78.63993287086487,-1.6044271804408354,0 -78.63996505737305,-1.6044271804408354,0 -78.6399757862091,-1.6044379050704165,0 -78.63998115062714,-1.604443267385207,0 -78.63998115062714,-1.6044700789591595,0 -78.6399382352829,-1.60447544127395,0 -78.63992750644684,-1.604529064421855,0 -78.63987922668457,-1.6045237021070644,0 -78.63985776901245,-1.6045237021070644,0 -78.63984167575836,-1.604518339792274,0 -78.63984704017639,-1.604464716644369,0 -78.63983631134033,-1.6044486296999976,0 -78.63982558250427,-1.604432542755626,0 -78.63983631134033,-1.604421818126045,0 -78.63985240459442,-1.6044164558112546,0 -78.63987922668457,-1.6044164558112546,0</coordinates>
        </LineString>
      </Placemark>
      <Placemark>
        <name>Eje_Vial_104</name>
        <styleUrl>#road_style</styleUrl>
        <description><![CDATA[
          <b>Eje Vial Rural Oficial (OSM / LPIS)</b><br/>
          Escenario: 4_Valle_Hortifruticola_Guano<br/>
          Búfer de Infranqueabilidad: 3.5 metros<br/>
          Solape con UPAs: 0.00%
        ]]></description>
        <LineString>
          <coordinates>-78.6388224363327,-1.6043735572929305,0 -78.63885462284088,-1.6043842819225116,0 -78.63887071609497,-1.604389644237302,0 -78.63893508911133,-1.604400368866883,0 -78.63883316516876,-1.6043950065520927,0 -78.63881707191467,-1.6043842819225116,0 -78.63876342773438,-1.6043789196077212,0</coordinates>
        </LineString>
      </Placemark>
      <Placemark>
        <name>Eje_Vial_105</name>
        <styleUrl>#road_style</styleUrl>
        <description><![CDATA[
          <b>Eje Vial Rural Oficial (OSM / LPIS)</b><br/>
          Escenario: 4_Valle_Hortifruticola_Guano<br/>
          Búfer de Infranqueabilidad: 3.5 metros<br/>
          Solape con UPAs: 0.00%
        ]]></description>
        <LineString>
          <coordinates>-78.6381733417511,-1.6043521080337686,0 -78.63818407058716,-1.6043628326633497,0 -78.63821089267731,-1.6043735572929305,0 -78.63823235034943,-1.60436819497814,0 -78.6382269859314,-1.604389644237302,0 -78.63821089267731,-1.6043950065520927,0 -78.63816797733307,-1.604464716644369,0 -78.63815188407898,-1.604453992014788,0 -78.63813579082489,-1.604464716644369,0 -78.6381196975708,-1.604464716644369,0 -78.63811433315277,-1.6044379050704165,0 -78.63812506198883,-1.604453992014788,0 -78.63814115524292,-1.604453992014788,0 -78.63815724849701,-1.604389644237302,0 -78.63814651966095,-1.6043735572929305,0 -78.63816261291504,-1.60436819497814,0</coordinates>
        </LineString>
      </Placemark>
      <Placemark>
        <name>Eje_Vial_106</name>
        <styleUrl>#road_style</styleUrl>
        <description><![CDATA[
          <b>Eje Vial Rural Oficial (OSM / LPIS)</b><br/>
          Escenario: 4_Valle_Hortifruticola_Guano<br/>
          Búfer de Infranqueabilidad: 3.5 metros<br/>
          Solape con UPAs: 0.00%
        ]]></description>
        <LineString>
          <coordinates>-78.64023864269257,-1.6042019632196347,0 -78.64023327827454,-1.6042984848858637,0 -78.64019572734833,-1.6043521080337686,0 -78.64020645618439,-1.6042555863675396,0 -78.64022254943848,-1.6042502240527492,0 -78.64023327827454,-1.6042019632196347,0</coordinates>
        </LineString>
      </Placemark>
      <Placemark>
        <name>Eje_Vial_107</name>
        <styleUrl>#road_style</styleUrl>
        <description><![CDATA[
          <b>Eje Vial Rural Oficial (OSM / LPIS)</b><br/>
          Escenario: 4_Valle_Hortifruticola_Guano<br/>
          Búfer de Infranqueabilidad: 3.5 metros<br/>
          Solape con UPAs: 0.00%
        ]]></description>
        <LineString>
          <coordinates>-78.63980412483215,-1.603998195257596,0 -78.63986849784851,-1.6040089198871768,0 -78.63978803157806,-1.6040142822019674,0 -78.63977193832397,-1.604062543035082,0 -78.63975584506989,-1.6040518184055008,0 -78.63972902297974,-1.6040732676646627,0 -78.6397236585617,-1.6040839922942438,0 -78.63972902297974,-1.6040357314611293,0 -78.6397397518158,-1.6040464560907104,0 -78.63975584506989,-1.6040464560907104,0 -78.63976120948792,-1.6040035575723863,0</coordinates>
        </LineString>
      </Placemark>
      <Placemark>
        <name>Eje_Vial_108</name>
        <styleUrl>#road_style</styleUrl>
        <description><![CDATA[
          <b>Eje Vial Rural Oficial (OSM / LPIS)</b><br/>
          Escenario: 4_Valle_Hortifruticola_Guano<br/>
          Búfer de Infranqueabilidad: 3.5 metros<br/>
          Solape con UPAs: 0.00%
        ]]></description>
        <LineString>
          <coordinates>-78.64211082458496,-1.6039874706280148,0 -78.64212691783905,-1.603998195257596,0 -78.64214837551117,-1.603998195257596,0 -78.64213764667511,-1.6040464560907104,0 -78.64212691783905,-1.6041108038681962,0 -78.64211618900299,-1.6041161661829868,0 -78.6421000957489,-1.6041054415534057,0 -78.64207863807678,-1.6041108038681962,0 -78.64208936691284,-1.6041429777569391,0 -78.64208400249481,-1.6041697893308917,0 -78.64208936691284,-1.6042019632196347,0 -78.64210546016693,-1.6042234124787966,0 -78.64210546016693,-1.6042394994231681,0 -78.64208400249481,-1.6042448617379588,0 -78.64206254482269,-1.60426094868233,0 -78.6420464515686,-1.6042716733119111,0 -78.64203572273254,-1.6042823979414922,0 -78.64202499389648,-1.6042394994231681,0 -78.64201426506042,-1.6042234124787966,0 -78.64199817180634,-1.6041429777569391,0 -78.64197671413422,-1.6041268908125677,0 -78.6419928073883,-1.6040464560907104,0 -78.64200353622437,-1.6040142822019674,0 -78.64201962947845,-1.6040142822019674,0 -78.64203572273254,-1.6040089198871768,0 -78.64203572273254,-1.6039874706280148,0</coordinates>
        </LineString>
      </Placemark>
      <Placemark>
        <name>Eje_Vial_109</name>
        <styleUrl>#road_style</styleUrl>
        <description><![CDATA[
          <b>Eje Vial Rural Oficial (OSM / LPIS)</b><br/>
          Escenario: 4_Valle_Hortifruticola_Guano<br/>
          Búfer de Infranqueabilidad: 3.5 metros<br/>
          Solape con UPAs: 0.00%
        ]]></description>
        <LineString>
          <coordinates>-78.64096283912659,-1.6037461664624426,0 -78.64097356796265,-1.6037676157216045,0 -78.6409842967987,-1.6038266011842999,0 -78.6410003900528,-1.603837325813881,0 -78.64104866981506,-1.6038266011842999,0 -78.64105939865112,-1.6038105142399286,0 -78.64107012748718,-1.6037997896103475,0 -78.64108085632324,-1.6038319634990905,0 -78.6410915851593,-1.603848050443462,0 -78.64109694957733,-1.6038587750730429,0 -78.64110767841339,-1.6038748620174144,0 -78.64107549190521,-1.603880224332205,0 -78.64105939865112,-1.6038855866469954,0 -78.64104330539703,-1.6038748620174144,0 -78.64100575447083,-1.6038587750730429,0 -78.64099502563477,-1.6038426881286714,0 -78.64097893238068,-1.603837325813881,0</coordinates>
        </LineString>
      </Placemark>
      <Placemark>
        <name>Eje_Vial_110</name>
        <styleUrl>#road_style</styleUrl>
        <description><![CDATA[
          <b>Eje Vial Rural Oficial (OSM / LPIS)</b><br/>
          Escenario: 4_Valle_Hortifruticola_Guano<br/>
          Búfer de Infranqueabilidad: 3.5 metros<br/>
          Solape con UPAs: 0.00%
        ]]></description>
        <LineString>
          <coordinates>-78.63961100578308,-1.603708630258909,0 -78.63955199718475,-1.603772978036395,0 -78.63953053951263,-1.6037890649807665,0 -78.63953053951263,-1.6037997896103475,0 -78.63951444625854,-1.6037890649807665,0 -78.63950371742249,-1.6037783403511856,0 -78.6394876241684,-1.6037676157216045,0 -78.63947689533234,-1.603751528777233,0 -78.63946080207825,-1.603740804147652,0 -78.63947689533234,-1.603740804147652,0 -78.63953590393066,-1.603751528777233,0 -78.63955736160278,-1.6037461664624426,0</coordinates>
        </LineString>
      </Placemark>
      <Placemark>
        <name>Eje_Vial_111</name>
        <styleUrl>#road_style</styleUrl>
        <description><![CDATA[
          <b>Eje Vial Rural Oficial (OSM / LPIS)</b><br/>
          Escenario: 4_Valle_Hortifruticola_Guano<br/>
          Búfer de Infranqueabilidad: 3.5 metros<br/>
          Solape con UPAs: 0.00%
        ]]></description>
        <LineString>
          <coordinates>-78.64031374454498,-1.6036442824814232,0 -78.6402976512909,-1.603772978036395,0 -78.6402815580368,-1.603772978036395,0 -78.64027082920074,-1.603815876554719,0 -78.64026546478271,-1.603815876554719,0 -78.64021718502045,-1.6038105142399286,0 -78.64020109176636,-1.6038212388695094,0 -78.6401903629303,-1.6038319634990905,0 -78.64020109176636,-1.603848050443462,0 -78.64021182060242,-1.603869499702624,0 -78.64021182060242,-1.6038909489617859,0 -78.64019572734833,-1.603912398220948,0 -78.64018499851227,-1.6039284851653195,0 -78.64016890525818,-1.6039284851653195,0 -78.64014744758606,-1.6039499344244814,0 -78.64012062549591,-1.60393384748011,0 -78.64013135433197,-1.603912398220948,0 -78.64013135433197,-1.6038909489617859,0 -78.64011526107788,-1.6038855866469954,0 -78.64013671875,-1.603880224332205,0 -78.64016354084015,-1.6038587750730429,0 -78.64016890525818,-1.6038319634990905,0 -78.64015281200409,-1.6038105142399286,0 -78.64014208316803,-1.6037783403511856,0 -78.64015281200409,-1.603708630258909,0 -78.64014208316803,-1.603687180999747,0 -78.64015281200409,-1.603676456370166,0 -78.64016354084015,-1.6037139925736996,0 -78.64017963409424,-1.60371935488849,0 -78.64020645618439,-1.6036979056293281,0 -78.64021718502045,-1.6036818186849566,0 -78.6402440071106,-1.6036496447962136,0 -78.64025473594666,-1.6036657317405851,0 -78.64024937152863,-1.603708630258909,0 -78.64026546478271,-1.603708630258909,0 -78.64027619361877,-1.6037247172032805,0 -78.64029228687286,-1.603762253406814,0 -78.64030838012695,-1.603762253406814,0</coordinates>
        </LineString>
      </Placemark>
      <Placemark>
        <name>Eje_Vial_112</name>
        <styleUrl>#road_style</styleUrl>
        <description><![CDATA[
          <b>Eje Vial Rural Oficial (OSM / LPIS)</b><br/>
          Escenario: 4_Valle_Hortifruticola_Guano<br/>
          Búfer de Infranqueabilidad: 3.5 metros<br/>
          Solape con UPAs: 0.00%
        ]]></description>
        <LineString>
          <coordinates>-78.64051759243011,-1.603558485444775,0 -78.6405336856842,-1.6035692100743562,0 -78.64052832126617,-1.6035745723891466,0 -78.64051759243011,-1.603708630258909,0 -78.64050149917603,-1.6035745723891466,0 -78.64039957523346,-1.6035692100743562,0 -78.64031374454498,-1.6035692100743562,0 -78.64050149917603,-1.6035638477595657,0</coordinates>
        </LineString>
      </Placemark>
      <Placemark>
        <name>Eje_Vial_113</name>
        <styleUrl>#road_style</styleUrl>
        <description><![CDATA[
          <b>Eje Vial Rural Oficial (OSM / LPIS)</b><br/>
          Escenario: 4_Valle_Hortifruticola_Guano<br/>
          Búfer de Infranqueabilidad: 3.5 metros<br/>
          Solape con UPAs: 0.00%
        ]]></description>
        <LineString>
          <coordinates>-78.64109694957733,-1.6034512391489653,0 -78.64110767841339,-1.6035102246116608,0 -78.64112377166748,-1.6035209492412417,0 -78.64109694957733,-1.603526311556032,0 -78.6410915851593,-1.6035638477595657,0 -78.64108085632324,-1.6035370361856132,0 -78.6410003900528,-1.6035316738708227,0 -78.64107549190521,-1.6035102246116608,0 -78.64108622074127,-1.6034512391489653,0</coordinates>
        </LineString>
      </Placemark>
      <Placemark>
        <name>Eje_Vial_114</name>
        <styleUrl>#road_style</styleUrl>
        <description><![CDATA[
          <b>Eje Vial Rural Oficial (OSM / LPIS)</b><br/>
          Escenario: 4_Valle_Hortifruticola_Guano<br/>
          Búfer de Infranqueabilidad: 3.5 metros<br/>
          Solape con UPAs: 0.00%
        ]]></description>
        <LineString>
          <coordinates>-78.64152610301971,-1.6034512391489653,0 -78.6415421962738,-1.6035531231299847,0 -78.6415582895279,-1.6035638477595657,0 -78.64153683185577,-1.6035692100743562,0 -78.64146173000336,-1.6035799347039372,0 -78.64144563674927,-1.6035745723891466,0 -78.64141345024109,-1.6036013839630991,0 -78.64140272140503,-1.6036442824814232,0 -78.641397356987,-1.6036389201666326,0 -78.64138126373291,-1.6036389201666326,0 -78.64137053489685,-1.6036389201666326,0 -78.64140808582306,-1.6035745723891466,0 -78.64138126373291,-1.6035692100743562,0 -78.64136517047882,-1.603558485444775,0 -78.64135444164276,-1.6034887753524987,0 -78.64146173000336,-1.6034941376672893,0 -78.64147782325745,-1.6035370361856132,0 -78.64149928092957,-1.6035531231299847,0 -78.64151537418365,-1.6035423985004036,0</coordinates>
        </LineString>
      </Placemark>
      <Placemark>
        <name>Eje_Vial_115</name>
        <styleUrl>#road_style</styleUrl>
        <description><![CDATA[
          <b>Eje Vial Rural Oficial (OSM / LPIS)</b><br/>
          Escenario: 4_Valle_Hortifruticola_Guano<br/>
          Búfer de Infranqueabilidad: 3.5 metros<br/>
          Solape con UPAs: 0.00%
        ]]></description>
        <LineString>
          <coordinates>-78.64055514335632,-1.6034351522045938,0 -78.64047467708588,-1.6034405145193842,0 -78.6405336856842,-1.6034941376672893,0 -78.6405497789383,-1.6034834130377082,0</coordinates>
        </LineString>
      </Placemark>
      <Placemark>
        <name>Eje_Vial_116</name>
        <styleUrl>#road_style</styleUrl>
        <description><![CDATA[
          <b>Eje Vial Rural Oficial (OSM / LPIS)</b><br/>
          Escenario: 4_Valle_Hortifruticola_Guano<br/>
          Búfer de Infranqueabilidad: 3.5 metros<br/>
          Solape con UPAs: 0.00%
        ]]></description>
        <LineString>
          <coordinates>-78.64028692245483,-1.6032796450756694,0 -78.64031374454498,-1.6033010943348314,0 -78.64034593105316,-1.6033064566496218,0 -78.64034593105316,-1.6033225435939933,0 -78.64035665988922,-1.6033439928531554,0 -78.64039421081543,-1.6033547174827363,0 -78.64035665988922,-1.603360079797527,0 -78.64034056663513,-1.6033654421123174,0 -78.64032983779907,-1.6033868913714793,0 -78.64031910896301,-1.6033976160010603,0 -78.64031374454498,-1.603327905908784,0 -78.6402976512909,-1.6033171812792029,0 -78.64027082920074,-1.6033064566496218,0 -78.64027082920074,-1.6032850073904599,0</coordinates>
        </LineString>
      </Placemark>
      <Placemark>
        <name>Eje_Vial_117</name>
        <styleUrl>#road_style</styleUrl>
        <description><![CDATA[
          <b>Eje Vial Rural Oficial (OSM / LPIS)</b><br/>
          Escenario: 4_Valle_Hortifruticola_Guano<br/>
          Búfer de Infranqueabilidad: 3.5 metros<br/>
          Solape con UPAs: 0.00%
        ]]></description>
        <LineString>
          <coordinates>-78.64135980606079,-1.603263558131298,0 -78.64134907722473,-1.6033386305383648,0 -78.64133298397064,-1.603327905908784,0 -78.64133298397064,-1.6033225435939933,0 -78.64134907722473,-1.6033118189644124,0</coordinates>
        </LineString>
      </Placemark>
      <Placemark>
        <name>Eje_Vial_118</name>
        <styleUrl>#road_style</styleUrl>
        <description><![CDATA[
          <b>Eje Vial Rural Oficial (OSM / LPIS)</b><br/>
          Escenario: 4_Valle_Hortifruticola_Guano<br/>
          Búfer de Infranqueabilidad: 3.5 metros<br/>
          Solape con UPAs: 0.00%
        ]]></description>
        <LineString>
          <coordinates>-78.6410915851593,-1.6032152972981835,0 -78.64110231399536,-1.6032260219277643,0 -78.64110767841339,-1.6032421088721358,0 -78.64112913608551,-1.6032581958165073,0 -78.64113986492157,-1.603263558131298,0 -78.64115595817566,-1.6032742827608788,0 -78.64116668701172,-1.6032850073904599,0 -78.64116132259369,-1.6033547174827363,0 -78.6411452293396,-1.603360079797527,0 -78.64112913608551,-1.6033547174827363,0 -78.64111304283142,-1.6033547174827363,0 -78.64109694957733,-1.6033547174827363,0 -78.64108622074127,-1.6033332682235744,0 -78.64107549190521,-1.6032796450756694,0 -78.64105939865112,-1.6032689204460884,0 -78.64107012748718,-1.6032581958165073,0 -78.64107012748718,-1.603231384242555,0 -78.64108085632324,-1.6032206596129739,0</coordinates>
        </LineString>
      </Placemark>
      <Placemark>
        <name>Eje_Vial_119</name>
        <styleUrl>#road_style</styleUrl>
        <description><![CDATA[
          <b>Eje Vial Rural Oficial (OSM / LPIS)</b><br/>
          Escenario: 4_Valle_Hortifruticola_Guano<br/>
          Búfer de Infranqueabilidad: 3.5 metros<br/>
          Solape con UPAs: 0.00%
        ]]></description>
        <LineString>
          <coordinates>-78.63917112350464,-1.6029364569290776,0 -78.6391818523407,-1.6029686308178206,0 -78.63920867443085,-1.6029900800769825,0 -78.63927841186523,-1.603016891650935,0 -78.63925158977509,-1.6030222539657255,0 -78.63925158977509,-1.6031187756319545,0 -78.63927841186523,-1.603124137946745,0 -78.63929450511932,-1.603134862576326,0 -78.63939106464386,-1.6031295002615356,0 -78.63939642906189,-1.603124137946745,0 -78.63941252231598,-1.603134862576326,0 -78.63941252231598,-1.6031402248911164,0 -78.63939106464386,-1.603145587205907,0 -78.63928377628326,-1.6031402248911164,0 -78.63919794559479,-1.6031402248911164,0 -78.63919794559479,-1.603124137946745,0 -78.63920867443085,-1.6031080510023734,0 -78.63919258117676,-1.60307051479884,0 -78.63917648792267,-1.6030651524840496,0 -78.63916039466858,-1.6030758771136304,0 -78.63917112350464,-1.6030544278544685,0 -78.63917648792267,-1.6030276162805162,0 -78.63915503025055,-1.6030008047065636,0 -78.63916039466858,-1.6029632685030302,0</coordinates>
        </LineString>
      </Placemark>
      <Placemark>
        <name>Eje_Vial_120</name>
        <styleUrl>#road_style</styleUrl>
        <description><![CDATA[
          <b>Eje Vial Rural Oficial (OSM / LPIS)</b><br/>
          Escenario: 4_Valle_Hortifruticola_Guano<br/>
          Búfer de Infranqueabilidad: 3.5 metros<br/>
          Solape con UPAs: 0.00%
        ]]></description>
        <LineString>
          <coordinates>-78.63794803619385,-1.6028506598924297,0 -78.63795876502991,-1.6028828337811727,0 -78.637974858284,-1.6028935584107538,0 -78.6380124092102,-1.6028989207255442,0 -78.6380285024643,-1.6029096453551253,0 -78.63806068897247,-1.6028989207255442,0 -78.63807678222656,-1.6028935584107538,0 -78.63817870616913,-1.6028828337811727,0 -78.63816261291504,-1.6029042830403346,0 -78.63815188407898,-1.6029257322994965,0 -78.63814115524292,-1.6029471815586587,0 -78.63815188407898,-1.6029632685030302,0 -78.63813579082489,-1.6029632685030302,0 -78.63813042640686,-1.6029364569290776,0 -78.63811433315277,-1.6029257322994965,0 -78.6380285024643,-1.602920369984706,0 -78.6380124092102,-1.6029310946142872,0 -78.63801777362823,-1.6029579061882395,0 -78.63800704479218,-1.6029900800769825,0 -78.63801777362823,-1.603016891650935,0 -78.63803386688232,-1.6030276162805162,0 -78.63805532455444,-1.6030329785953066,0 -78.63807678222656,-1.603049065539678,0 -78.63809823989868,-1.6030544278544685,0 -78.63810896873474,-1.6030651524840496,0 -78.63812506198883,-1.603081239428421,0 -78.63814651966095,-1.6030973263727926,0 -78.63816797733307,-1.6030973263727926,0 -78.63818407058716,-1.6031509495206975,0 -78.63816261291504,-1.6031616741502785,0 -78.63815188407898,-1.6031723987798594,0 -78.63813042640686,-1.6031831234094405,0 -78.6381196975708,-1.603199210353812,0 -78.63810896873474,-1.6032206596129739,0 -78.63808214664459,-1.6032206596129739,0 -78.63804996013641,-1.6032152972981835,0 -78.6380285024643,-1.6032152972981835,0 -78.63799631595612,-1.6032152972981835,0 -78.637974858284,-1.603199210353812,0 -78.63795876502991,-1.6032045726686024,0 -78.63793730735779,-1.6032045726686024,0 -78.63788366317749,-1.603199210353812,0 -78.63786220550537,-1.6031831234094405,0 -78.63787293434143,-1.603113413317164,0 -78.63788902759552,-1.603113413317164,0 -78.63790512084961,-1.603113413317164,0 -78.63791584968567,-1.603102688687583,0 -78.63792657852173,-1.6030866017432115,0 -78.63792657852173,-1.6030758771136304,0 -78.63793730735779,-1.6030651524840496,0 -78.63793730735779,-1.603038340910097,0 -78.63791048526764,-1.6030329785953066,0 -78.63789439201355,-1.603038340910097,0 -78.63788366317749,-1.6030597901692591,0 -78.63787293434143,-1.603016891650935,0 -78.63786220550537,-1.6029364569290776,0 -78.63787829875946,-1.602973993132611,0 -78.63789439201355,-1.602984717762192,0 -78.63791584968567,-1.6029900800769825,0 -78.63793194293976,-1.6029954423917732,0 -78.63794803619385,-1.6029900800769825,0 -78.63796412944794,-1.6029954423917732,0 -78.63798022270203,-1.6029900800769825,0 -78.63799631595612,-1.6029900800769825,0 -78.63799631595612,-1.6029686308178206,0 -78.63798022270203,-1.6029632685030302,0 -78.63796412944794,-1.6029579061882395,0 -78.63793730735779,-1.6029579061882395,0 -78.6379212141037,-1.6029579061882395,0 -78.63791048526764,-1.602952543873449,0 -78.63789439201355,-1.6029257322994965,0 -78.63788902759552,-1.6029042830403346,0 -78.63788902759552,-1.6028828337811727,0 -78.63789975643158,-1.6028721091515916,0</coordinates>
        </LineString>
      </Placemark>
      <Placemark>
        <name>Eje_Vial_121</name>
        <styleUrl>#road_style</styleUrl>
        <description><![CDATA[
          <b>Eje Vial Rural Oficial (OSM / LPIS)</b><br/>
          Escenario: 4_Valle_Hortifruticola_Guano<br/>
          Búfer de Infranqueabilidad: 3.5 metros<br/>
          Solape con UPAs: 0.00%
        ]]></description>
        <LineString>
          <coordinates>-78.63935351371765,-1.6028506598924297,0 -78.63936424255371,-1.6028667468368012,0 -78.63946616649628,-1.6028774714663823,0 -78.63936960697174,-1.6028828337811727,0 -78.63936960697174,-1.6029096453551253,0 -78.63946080207825,-1.6029150076699157,0 -78.63937497138977,-1.6029257322994965,0 -78.63935887813568,-1.6029257322994965,0 -78.63934278488159,-1.6029310946142872,0 -78.6393266916275,-1.6029257322994965,0 -78.63931059837341,-1.6029310946142872,0 -78.63929450511932,-1.6029257322994965,0 -78.63928377628326,-1.6028828337811727,0 -78.63920867443085,-1.6028774714663823,0 -78.63919258117676,-1.6028881960959631,0 -78.63918721675873,-1.6028881960959631,0</coordinates>
        </LineString>
      </Placemark>
      <Placemark>
        <name>Eje_Vial_122</name>
        <styleUrl>#road_style</styleUrl>
        <description><![CDATA[
          <b>Eje Vial Rural Oficial (OSM / LPIS)</b><br/>
          Escenario: 4_Valle_Hortifruticola_Guano<br/>
          Búfer de Infranqueabilidad: 3.5 metros<br/>
          Solape con UPAs: 0.00%
        ]]></description>
        <LineString>
          <coordinates>-78.64091992378235,-1.6028506598924297,0 -78.64093065261841,-1.6028881960959631,0 -78.6409467458725,-1.6028989207255442,0 -78.64096283912659,-1.6029042830403346,0 -78.64097893238068,-1.6029150076699157,0 -78.64098966121674,-1.6029310946142872,0 -78.6409842967987,-1.6029364569290776,0 -78.64099502563477,-1.6029632685030302,0 -78.6410003900528,-1.603006167021354,0 -78.64096820354462,-1.6030276162805162,0 -78.64095211029053,-1.6030329785953066,0 -78.64091455936432,-1.6030597901692591,0 -78.64091455936432,-1.6030276162805162,0 -78.64091992378235,-1.6029954423917732,0 -78.64089846611023,-1.6029632685030302,0 -78.64090383052826,-1.6029257322994965,0 -78.64091455936432,-1.6028935584107538,0</coordinates>
        </LineString>
      </Placemark>
    </Folder>
  </Folder>
  <Folder>
    <name>📍 Puntos de Control GPS (MAG / RENAGRO)</name>
    <open>0</open>
    <Placemark>
      <name>GPS_Encuesta_01</name>
      <styleUrl>#gps_style</styleUrl>
      <Point>
        <coordinates>-78.78513157367706,-1.6349975079654346,0</coordinates>
      </Point>
    </Placemark>
    <Placemark>
      <name>GPS_Encuesta_02</name>
      <styleUrl>#gps_style</styleUrl>
      <Point>
        <coordinates>-78.71004581451416,-1.6500814154208354,0</coordinates>
      </Point>
    </Placemark>
    <Placemark>
      <name>GPS_Encuesta_03</name>
      <styleUrl>#gps_style</styleUrl>
      <Point>
        <coordinates>-78.75996172428131,-1.72016939480303,0</coordinates>
      </Point>
    </Placemark>
    <Placemark>
      <name>GPS_Encuesta_04</name>
      <styleUrl>#gps_style</styleUrl>
      <Point>
        <coordinates>-78.63987386226654,-1.605252976918572,0</coordinates>
      </Point>
    </Placemark>
  </Folder>
</Document>
</kml>